donor_id,recency_days,typical_interval_hidden,frequency_365,time_months,days_until_eligible,overdue_days,days_to_next_donation,y_donate_30d
2181,23,133,2.7,27,33,0,115.0,0
3627,79,80,4.6,29,0,0,,0
4360,28,151,2.4,52,28,0,,0
1440,237,304,1.2,41,0,0,82.0,0
1864,37,74,4.9,1,19,0,7.0,1
2275,130,74,4.9,46,0,56,20.0,1
2691,362,318,1.1,5,0,44,24.0,1
3516,122,166,2.2,56,0,0,28.0,1
2742,52,61,6.0,21,4,0,,0
2561,22,138,2.6,40,34,0,102.0,0
4708,84,62,5.9,37,0,22,16.0,1
1525,6,62,5.9,34,50,0,57.0,0
2720,156,109,3.3,2,0,47,10.0,1
2678,74,56,6.5,56,0,18,9.0,1
2729,29,56,6.5,45,27,0,,0
3063,71,57,6.4,51,0,14,,0
3340,19,56,6.5,18,37,0,31.0,0
3298,125,115,3.2,15,0,10,20.0,1
2802,18,56,6.5,46,38,0,,0
1778,96,56,6.5,33,0,40,,0
1160,42,290,1.3,52,14,0,,0
4329,99,75,4.9,11,0,24,,0
4616,70,95,3.8,51,0,0,49.0,0
4134,69,56,6.5,29,0,13,7.0,1
2922,32,58,6.3,29,24,0,39.0,0
1339,82,98,3.7,8,0,0,,0
3336,46,56,6.5,1,10,0,,0
4865,99,121,3.0,30,0,0,,0
2008,43,56,6.5,43,13,0,15.0,1
1801,134,71,5.1,53,0,63,29.0,1
4149,18,56,6.5,10,38,0,48.0,0
4507,256,396,0.9,6,0,0,152.0,0
1860,74,89,4.1,45,0,0,,0
1961,58,56,6.5,1,0,2,2.0,1
1241,113,173,2.1,9,0,0,,0
4015,29,56,6.5,50,27,0,18.0,1
2946,105,106,3.4,52,0,0,18.0,1
2479,19,56,6.5,55,37,0,38.0,0
1838,52,56,6.5,43,4,0,,0
4274,60,105,3.5,57,0,0,,0
3419,148,162,2.3,16,0,0,10.0,1
2254,148,103,3.5,3,0,45,18.0,1
1605,84,82,4.5,42,0,2,,0
3534,99,70,5.2,2,0,29,23.0,1
2200,53,56,6.5,8,3,0,12.0,1
2326,11,56,6.5,30,45,0,,0
3708,25,62,5.9,57,31,0,25.0,1
2940,25,209,1.7,18,31,0,182.0,0
4270,11,118,3.1,59,45,0,,0
2235,10,56,6.5,3,46,0,,0
4388,63,116,3.1,6,0,0,38.0,0
4440,20,66,5.5,45,36,0,73.0,0
4826,32,56,6.5,51,24,0,27.0,1
2933,68,146,2.5,46,0,0,88.0,0
3963,146,205,1.8,54,0,0,53.0,0
2540,252,189,1.9,13,0,63,6.0,1
1158,17,56,6.5,15,39,0,30.0,1
4773,90,70,5.2,22,0,20,,0
4979,38,117,3.1,19,18,0,,0
1567,213,196,1.9,50,0,17,,0
4511,8,61,6.0,44,48,0,46.0,0
2419,30,77,4.7,8,26,0,27.0,1
1193,50,56,6.5,14,6,0,,0
3585,75,56,6.5,23,0,19,5.0,1
2091,253,172,2.1,25,0,81,3.0,1
3589,141,266,1.4,33,0,0,111.0,0
2505,82,84,4.3,1,0,0,,0
4044,4,200,1.8,1,52,0,230.0,0
2299,152,120,3.0,17,0,32,11.0,1
3753,93,56,6.5,53,0,37,26.0,1
2644,49,120,3.0,18,7,0,80.0,0
2442,367,308,1.2,52,0,59,,0
4406,7,87,4.2,25,49,0,55.0,0
3866,34,314,1.2,15,22,0,285.0,0
1751,86,56,6.5,51,0,30,27.0,1
1269,39,173,2.1,27,17,0,130.0,0
4382,9,96,3.8,56,47,0,101.0,0
3979,2,70,5.2,30,54,0,92.0,0
4952,71,96,3.8,9,0,0,,0
1820,70,56,6.5,25,0,14,,0
2717,70,75,4.9,34,0,0,6.0,1
2013,156,119,3.1,40,0,37,,0
3494,380,293,1.2,40,0,87,2.0,1
3781,40,59,6.2,47,16,0,,0
1441,4,56,6.5,11,52,0,,0
2178,34,60,6.1,15,22,0,18.0,1
1513,150,187,2.0,51,0,0,39.0,0
3516,148,117,3.1,29,0,31,7.0,1
2907,34,58,6.3,30,22,0,,0
2101,172,135,2.7,11,0,37,,0
4674,7,97,3.8,1,49,0,103.0,0
4540,214,195,1.9,17,0,19,14.0,1
4350,19,56,6.5,11,37,0,,0
3722,27,69,5.3,29,29,0,55.0,0
1317,87,65,5.6,46,0,22,,0
4183,21,56,6.5,12,35,0,50.0,0
1327,91,114,3.2,30,0,0,21.0,1
3106,44,110,3.3,59,12,0,65.0,0
2995,79,90,4.1,44,0,0,,0
4775,89,74,4.9,27,0,15,,0
4931,50,56,6.5,36,6,0,,0
1936,75,64,5.7,15,0,11,,0
3976,12,68,5.4,9,44,0,,0
1224,2,56,6.5,31,54,0,65.0,0
4720,79,79,4.6,25,0,0,21.0,1
1381,85,124,2.9,15,0,0,9.0,1
3382,558,407,0.9,34,0,151,22.0,1
4913,5,103,3.5,16,51,0,108.0,0
2328,2,110,3.3,23,54,0,,0
1769,29,84,4.3,33,27,0,,0
1130,71,56,6.5,29,0,15,,0
4734,64,88,4.1,32,0,0,18.0,1
3249,70,94,3.9,32,0,0,41.0,0
1786,823,645,0.6,16,0,178,,0
1744,40,77,4.7,15,16,0,,0
1273,52,114,3.2,21,4,0,,0
1674,33,87,4.2,28,23,0,,0
2256,8,56,6.5,14,48,0,,0
2018,188,224,1.6,58,0,0,,0
4515,213,164,2.2,21,0,49,,0
1648,164,169,2.2,24,0,0,5.0,1
2246,27,56,6.5,57,29,0,62.0,0
2373,114,276,1.3,35,0,0,161.0,0
4300,3,56,6.5,38,53,0,70.0,0
2971,45,143,2.6,43,11,0,96.0,0
1945,287,519,0.7,7,0,0,233.0,0
3059,8,56,6.5,31,48,0,43.0,0
4600,28,57,6.4,22,28,0,,0
1218,134,97,3.8,25,0,37,,0
1852,34,60,6.1,46,22,0,7.0,1
1304,86,56,6.5,42,0,30,21.0,1
2711,116,95,3.8,4,0,21,,0
4829,2,56,6.5,33,54,0,5.0,1
3586,116,131,2.8,59,0,0,20.0,1
1245,71,56,6.5,36,0,15,,0
4981,478,311,1.2,26,0,167,16.0,1
1182,37,56,6.5,54,19,0,,0
1488,3,69,5.3,29,53,0,78.0,0
3677,46,172,2.1,47,10,0,101.0,0
4468,47,56,6.5,6,9,0,3.0,1
1514,61,107,3.4,19,0,0,30.0,1
1215,249,256,1.4,50,0,0,1.0,1
2247,23,56,6.5,56,33,0,39.0,0
2124,6,104,3.5,25,50,0,98.0,0
1887,155,110,3.3,58,0,45,23.0,1
2607,31,168,2.2,10,25,0,,0
3402,59,56,6.5,36,0,3,18.0,1
1662,54,56,6.5,48,2,0,10.0,1
2743,106,136,2.7,51,0,0,19.0,1
4939,46,114,3.2,43,10,0,78.0,0
2736,30,109,3.3,10,26,0,52.0,0
4878,94,118,3.1,16,0,0,10.0,1
1825,45,56,6.5,15,11,0,,0
1529,62,108,3.4,49,0,0,29.0,1
1624,63,113,3.2,34,0,0,24.0,1
3229,4,56,6.5,46,52,0,40.0,0
3846,273,400,0.9,40,0,0,118.0,0
1485,165,131,2.8,54,0,34,5.0,1
3367,33,56,6.5,54,23,0,,0
4881,247,152,2.4,15,0,95,21.0,1
2060,24,56,6.5,1,32,0,,0
2134,163,168,2.2,56,0,0,18.0,1
3017,125,227,1.6,6,0,0,115.0,0
2774,24,56,6.5,52,32,0,,0
3664,226,194,1.9,59,0,32,,0
2861,76,125,2.9,19,0,0,,0
3915,44,173,2.1,43,12,0,133.0,0
3806,454,410,0.9,6,0,44,10.0,1
1205,38,73,5.0,51,18,0,45.0,0
4583,14,56,6.5,4,42,0,43.0,0
2384,19,56,6.5,10,37,0,,0
2367,42,56,6.5,56,14,0,,0
1352,76,84,4.3,43,0,0,13.0,1
3930,143,118,3.1,55,0,25,,0
2833,99,112,3.3,55,0,0,,0
1881,50,174,2.1,54,6,0,,0
2564,17,90,4.1,40,39,0,,0
1372,16,287,1.3,9,40,0,,0
4525,36,72,5.1,1,20,0,33.0,0
4714,107,730,0.5,51,0,0,626.0,0
3193,149,148,2.5,56,0,1,4.0,1
4924,89,56,6.5,17,0,33,27.0,1
2948,39,56,6.5,41,17,0,26.0,1
3611,53,132,2.8,28,3,0,91.0,0
4444,77,75,4.9,49,0,2,28.0,1
2065,199,159,2.3,12,0,40,15.0,1
4379,118,131,2.8,46,0,0,,0
4491,55,84,4.3,41,1,0,40.0,0
2246,30,56,6.5,39,26,0,,0
4975,20,56,6.5,16,36,0,21.0,1
3255,108,62,5.9,14,0,46,,0
2749,214,178,2.1,6,0,36,8.0,1
4198,68,106,3.4,47,0,0,42.0,0
3049,28,56,6.5,57,28,0,,0
1562,73,103,3.5,30,0,0,40.0,0
1910,170,122,3.0,45,0,48,2.0,1
2383,74,56,6.5,26,0,18,5.0,1
4088,108,101,3.6,20,0,7,26.0,1
2676,70,94,3.9,5,0,0,,0
3229,57,56,6.5,15,0,1,4.0,1
1383,22,119,3.1,58,34,0,,0
4298,202,140,2.6,31,0,62,20.0,1
3712,283,214,1.7,18,0,69,4.0,1
4785,56,209,1.7,13,0,0,,0
3156,74,56,6.5,43,0,18,10.0,1
1586,38,56,6.5,11,18,0,,0
2952,98,135,2.7,44,0,0,35.0,0
1589,132,135,2.7,51,0,0,,0
2633,36,135,2.7,12,20,0,100.0,0
4221,358,730,0.5,55,0,0,390.0,0
4499,64,142,2.6,53,0,0,78.0,0
1643,226,223,1.6,56,0,3,18.0,1
1363,185,193,1.9,19,0,0,14.0,1
2177,161,151,2.4,19,0,10,,0
2664,74,69,5.3,1,0,5,7.0,1
4081,16,165,2.2,14,40,0,169.0,0
3659,10,56,6.5,17,46,0,1.0,1
1001,32,74,4.9,2,24,0,14.0,1
2564,53,61,6.0,39,3,0,11.0,1
3968,50,96,3.8,57,6,0,,0
4542,551,573,0.6,38,0,0,16.0,1
3037,65,56,6.5,21,0,9,3.0,1
1380,52,155,2.4,20,4,0,104.0,0
1989,73,56,6.5,52,0,17,,0
1827,31,61,6.0,23,25,0,17.0,1
4160,86,215,1.7,30,0,0,138.0,0
1780,46,94,3.9,1,10,0,,0
4751,15,56,6.5,6,41,0,9.0,1
3721,110,56,6.5,15,0,54,8.0,1
4874,20,155,2.4,17,36,0,145.0,0
1509,55,56,6.5,36,1,0,4.0,1
2614,121,107,3.4,26,0,14,4.0,1
3598,9,93,3.9,54,47,0,72.0,0
3601,23,56,6.5,59,33,0,15.0,1
4027,487,500,0.7,2,0,0,28.0,1
4306,18,149,2.4,48,38,0,,0
2237,58,56,6.5,53,0,2,,0
2816,77,104,3.5,45,0,0,39.0,0
2677,11,56,6.5,11,45,0,20.0,1
4410,197,178,2.1,43,0,19,4.0,1
1621,15,56,6.5,48,41,0,43.0,0
1597,30,82,4.5,10,26,0,48.0,0
2238,69,134,2.7,4,0,0,44.0,0
4840,212,179,2.0,19,0,33,,0
1508,85,56,6.5,26,0,29,16.0,1
1422,103,68,5.4,54,0,35,,0
4869,36,61,6.0,39,20,0,,0
2668,52,56,6.5,18,4,0,22.0,1
2757,131,369,1.0,44,0,0,,0
1454,88,124,2.9,22,0,0,,0
2469,18,56,6.5,42,38,0,41.0,0
3300,105,187,2.0,29,0,0,,0
4788,117,491,0.7,15,0,0,,0
1158,1,205,1.8,44,55,0,,0
4206,21,56,6.5,33,35,0,20.0,1
4198,41,61,6.0,42,15,0,,0
1757,76,248,1.5,11,0,0,169.0,0
1284,13,56,6.5,59,43,0,69.0,0
2074,198,128,2.9,20,0,70,16.0,1
3008,199,167,2.2,27,0,32,1.0,1
1716,83,56,6.5,54,0,27,,0
4311,29,85,4.3,51,27,0,,0
2908,47,56,6.5,15,9,0,,0
2016,60,56,6.5,57,0,4,,0
3126,42,73,5.0,3,14,0,51.0,0
4250,77,56,6.5,16,0,21,7.0,1
2885,188,332,1.1,28,0,0,,0
1966,4,56,6.5,52,52,0,,0
1836,55,63,5.8,53,1,0,31.0,0
3061,87,99,3.7,48,0,0,15.0,1
1093,226,285,1.3,42,0,0,32.0,0
2046,10,56,6.5,15,46,0,,0
4151,180,228,1.6,40,0,0,49.0,0
3391,126,90,4.1,26,0,36,,0
4626,17,56,6.5,34,39,0,11.0,1
3615,207,130,2.8,36,0,77,13.0,1
2428,52,105,3.5,27,4,0,53.0,0
4178,65,56,6.5,14,0,9,12.0,1
1925,83,95,3.8,50,0,0,3.0,1
3507,94,66,5.5,3,0,28,16.0,1
3804,17,98,3.7,3,39,0,65.0,0
1364,27,152,2.4,23,29,0,112.0,0
3471,172,320,1.1,5,0,0,132.0,0
1093,27,56,6.5,2,29,0,,0
4173,409,495,0.7,38,0,0,87.0,0
2557,95,56,6.5,36,0,39,,0
1385,79,79,4.6,2,0,0,12.0,1
1918,118,144,2.5,51,0,0,,0
2641,161,112,3.3,15,0,49,25.0,1
4286,48,56,6.5,2,8,0,26.0,1
3517,65,76,4.8,36,0,0,28.0,1
3237,22,60,6.1,28,34,0,33.0,0
4613,89,56,6.5,14,0,33,22.0,1
1154,158,177,2.1,12,0,0,27.0,1
3017,23,119,3.1,30,33,0,96.0,0
2482,91,56,6.5,35,0,35,23.0,1
1732,155,184,2.0,8,0,0,24.0,1
1036,74,115,3.2,32,0,0,16.0,1
3373,259,172,2.1,20,0,87,,0
3575,14,148,2.5,42,42,0,147.0,0
4195,10,56,6.5,51,46,0,44.0,0
3067,15,57,6.4,15,41,0,28.0,1
3889,40,163,2.2,14,16,0,107.0,0
1941,140,146,2.5,26,0,0,28.0,1
2893,64,88,4.1,25,0,0,31.0,0
4300,96,98,3.7,57,0,0,28.0,1
3426,25,250,1.5,19,31,0,200.0,0
2353,47,56,6.5,20,9,0,13.0,1
2771,181,139,2.6,55,0,42,25.0,1
4480,102,76,4.8,51,0,26,21.0,1
2338,123,75,4.9,26,0,48,,0
3773,101,216,1.7,57,0,0,128.0,0
2695,216,174,2.1,32,0,42,14.0,1
3704,87,172,2.1,23,0,0,76.0,0
2241,136,255,1.4,14,0,0,119.0,0
1463,3,91,4.0,22,53,0,,0
3441,116,155,2.4,30,0,0,45.0,0
2168,68,70,5.2,28,0,0,17.0,1
3945,46,116,3.1,38,10,0,,0
3625,65,81,4.5,40,0,0,16.0,1
4100,29,97,3.8,57,27,0,73.0,0
3285,33,144,2.5,30,23,0,110.0,0
2914,34,56,6.5,51,22,0,,0
1643,360,480,0.8,3,0,0,,0
4357,40,56,6.5,56,16,0,7.0,1
2212,31,56,6.5,35,25,0,29.0,1
4001,251,227,1.6,4,0,24,24.0,1
3251,220,169,2.2,55,0,51,18.0,1
1161,229,148,2.5,39,0,81,,0
2357,155,148,2.5,34,0,7,16.0,1
2175,35,89,4.1,45,21,0,64.0,0
1855,70,56,6.5,11,0,14,,0
4322,127,95,3.8,13,0,32,,0
2617,103,56,6.5,2,0,47,24.0,1
2560,178,196,1.9,36,0,0,,0
1344,69,80,4.6,53,0,0,16.0,1
1104,11,56,6.5,30,45,0,59.0,0
3328,60,69,5.3,16,0,0,,0
4803,178,125,2.9,54,0,53,3.0,1
1157,69,57,6.4,32,0,12,23.0,1
1950,33,56,6.5,15,23,0,13.0,1
1600,85,109,3.3,23,0,0,18.0,1
1919,37,109,3.3,47,19,0,74.0,0
4065,15,60,6.1,35,41,0,56.0,0
3279,3,61,6.0,45,53,0,,0
4966,105,108,3.4,17,0,0,3.0,1
1422,30,56,6.5,18,26,0,20.0,1
1204,71,56,6.5,32,0,15,22.0,1
1769,46,56,6.5,16,10,0,3.0,1
4745,91,75,4.9,1,0,16,11.0,1
3575,114,115,3.2,14,0,0,,0
4247,102,293,1.2,2,0,0,,0
3199,229,178,2.1,6,0,51,5.0,1
4201,71,79,4.6,26,0,0,2.0,1
1476,82,88,4.1,55,0,0,28.0,1
4110,82,56,6.5,44,0,26,17.0,1
1358,116,88,4.1,8,0,28,25.0,1
2232,6,71,5.1,24,50,0,59.0,0
4514,106,116,3.1,58,0,0,50.0,0
4734,92,56,6.5,39,0,36,,0
1523,82,136,2.7,50,0,0,23.0,1
4148,287,306,1.2,43,0,0,13.0,1
3628,115,82,4.5,31,0,33,25.0,1
3190,132,124,2.9,57,0,8,22.0,1
2524,182,156,2.3,21,0,26,6.0,1
1059,54,65,5.6,20,2,0,,0
3367,52,107,3.4,2,4,0,38.0,0
1897,118,90,4.1,43,0,28,,0
1965,145,97,3.8,40,0,48,11.0,1
4903,39,56,6.5,58,17,0,,0
3211,58,91,4.0,20,0,0,34.0,0
2238,11,134,2.7,49,45,0,126.0,0
3316,378,287,1.3,22,0,91,9.0,1
3817,171,193,1.9,13,0,0,36.0,0
1887,573,503,0.7,59,0,70,4.0,1
2796,78,56,6.5,20,0,22,5.0,1
4111,221,180,2.0,44,0,41,,0
2471,44,104,3.5,55,12,0,,0
2062,608,518,0.7,31,0,90,26.0,1
1674,7,56,6.5,23,49,0,60.0,0
2976,20,56,6.5,26,36,0,53.0,0
2576,69,56,6.5,43,0,13,,0
3220,7,56,6.5,53,49,0,,0
1161,58,59,6.2,30,0,0,,0
4986,10,56,6.5,45,46,0,48.0,0
4306,111,101,3.6,9,0,10,10.0,1
1381,190,118,3.1,39,0,72,,0
2753,168,403,0.9,42,0,0,246.0,0
1809,8,192,1.9,53,48,0,169.0,0
2898,97,56,6.5,32,0,41,3.0,1
3064,7,56,6.5,44,49,0,60.0,0
2136,26,133,2.7,40,30,0,,0
3082,35,56,6.5,12,21,0,,0
2227,414,389,0.9,12,0,25,,0
2186,54,231,1.6,27,2,0,187.0,0
1356,67,61,6.0,46,0,6,27.0,1
1261,23,56,6.5,26,33,0,16.0,1
2459,46,265,1.4,43,10,0,218.0,0
3121,79,82,4.5,14,0,0,19.0,1
3858,136,242,1.5,14,0,0,97.0,0
1406,43,56,6.5,11,13,0,11.0,1
4794,50,56,6.5,34,6,0,5.0,1
3163,104,90,4.1,54,0,14,,0
2194,2,93,3.9,8,54,0,,0
2460,5,62,5.9,39,51,0,,0
4655,34,148,2.5,15,22,0,93.0,0
2608,4,56,6.5,4,52,0,,0
4522,68,80,4.6,1,0,0,8.0,1
3912,114,99,3.7,35,0,15,21.0,1
2217,118,135,2.7,53,0,0,2.0,1
1417,151,159,2.3,6,0,0,1.0,1
2489,84,56,6.5,51,0,28,17.0,1
2690,44,56,6.5,2,12,0,11.0,1
4568,197,250,1.5,47,0,0,37.0,0
1747,34,117,3.1,19,22,0,82.0,0
4738,94,56,6.5,31,0,38,4.0,1
1447,378,311,1.2,53,0,67,22.0,1
3854,10,98,3.7,19,46,0,,0
2211,312,231,1.6,56,0,81,21.0,1
1208,95,95,3.8,23,0,0,,0
2096,219,468,0.8,9,0,0,258.0,0
1095,293,366,1.0,19,0,0,,0
4990,129,73,5.0,13,0,56,,0
4051,213,195,1.9,8,0,18,,0
3893,152,150,2.4,57,0,2,14.0,1
2546,133,269,1.4,28,0,0,,0
4075,11,56,6.5,27,45,0,29.0,1
1050,68,155,2.4,56,0,0,,0
4365,238,209,1.7,53,0,29,18.0,1
1562,76,56,6.5,38,0,20,19.0,1
2583,37,56,6.5,42,19,0,31.0,0
4875,68,56,6.5,9,0,12,13.0,1
4352,7,72,5.1,15,49,0,81.0,0
1132,169,159,2.3,46,0,10,10.0,1
1841,43,299,1.2,34,13,0,238.0,0
4652,51,95,3.8,25,5,0,29.0,1
2896,181,331,1.1,1,0,0,,0
2361,23,56,6.5,11,33,0,19.0,1
1886,13,56,6.5,15,43,0,32.0,0
2046,37,86,4.2,26,19,0,,0
1485,18,122,3.0,47,38,0,,0
4597,85,87,4.2,38,0,0,21.0,1
4763,17,56,6.5,33,39,0,46.0,0
1086,60,83,4.4,49,0,0,1.0,1
4964,15,56,6.5,35,41,0,61.0,0
2071,77,153,2.4,46,0,0,73.0,0
2890,137,120,3.0,27,0,17,24.0,1
2848,85,56,6.5,52,0,29,11.0,1
1672,89,59,6.2,12,0,30,7.0,1
4877,20,56,6.5,20,36,0,,0
3496,129,85,4.3,12,0,44,14.0,1
1517,45,193,1.9,58,11,0,,0
2684,24,56,6.5,58,32,0,30.0,1
4098,4,134,2.7,37,52,0,125.0,0
2348,21,58,6.3,6,35,0,,0
1474,101,56,6.5,20,0,45,6.0,1
2529,57,82,4.5,23,0,0,,0
1491,48,56,6.5,15,8,0,16.0,1
1645,2,57,6.4,28,54,0,46.0,0
1807,9,56,6.5,34,47,0,,0
1152,349,433,0.8,8,0,0,94.0,0
3546,16,92,4.0,20,40,0,64.0,0
3884,53,56,6.5,6,3,0,19.0,1
1701,127,106,3.4,26,0,21,27.0,1
1078,105,82,4.5,49,0,23,15.0,1
4117,65,75,4.9,18,0,0,27.0,1
2455,159,147,2.5,14,0,12,11.0,1
3469,17,165,2.2,20,39,0,118.0,0
4644,78,58,6.3,42,0,20,19.0,1
4664,123,56,6.5,45,0,67,23.0,1
4344,19,72,5.1,57,37,0,10.0,1
3607,57,56,6.5,49,0,1,,0
4104,29,56,6.5,1,27,0,19.0,1
1529,113,268,1.4,23,0,0,,0
4107,44,335,1.1,58,12,0,284.0,0
4893,109,73,5.0,40,0,36,,0
2922,130,142,2.6,16,0,0,6.0,1
2112,9,115,3.2,45,47,0,102.0,0
2890,247,730,0.5,39,0,0,452.0,0
1876,55,220,1.7,19,1,0,184.0,0
4731,39,81,4.5,8,17,0,,0
3659,43,56,6.5,24,13,0,22.0,1
1874,37,56,6.5,53,19,0,,0
3078,55,105,3.5,44,1,0,48.0,0
4092,24,56,6.5,56,32,0,,0
2663,22,56,6.5,16,34,0,28.0,1
3404,47,56,6.5,13,9,0,27.0,1
4361,21,56,6.5,50,35,0,41.0,0
3789,297,347,1.1,57,0,0,,0
2208,180,182,2.0,30,0,0,13.0,1
3724,85,89,4.1,13,0,0,,0
3816,395,294,1.2,21,0,101,27.0,1
4640,102,95,3.8,19,0,7,27.0,1
1310,42,56,6.5,27,14,0,5.0,1
4742,404,304,1.2,38,0,100,,0
3582,101,138,2.6,44,0,0,27.0,1
4690,34,56,6.5,38,22,0,10.0,1
4685,40,77,4.7,51,16,0,,0
3416,14,56,6.5,23,42,0,,0
1330,68,56,6.5,16,0,12,,0
1998,218,188,1.9,46,0,30,18.0,1
3863,350,414,0.9,24,0,0,49.0,0
4475,41,56,6.5,44,15,0,2.0,1
1356,1,141,2.6,50,55,0,,0
4974,40,56,6.5,16,16,0,3.0,1
3146,34,60,6.1,49,22,0,11.0,1
3689,14,56,6.5,16,42,0,32.0,0
1250,40,56,6.5,11,16,0,20.0,1
4808,22,93,3.9,26,34,0,,0
1295,12,56,6.5,16,44,0,2.0,1
3455,22,111,3.3,41,34,0,74.0,0
3406,38,86,4.2,15,18,0,43.0,0
3669,8,74,4.9,58,48,0,63.0,0
2032,65,56,6.5,18,0,9,,0
1633,46,56,6.5,40,10,0,4.0,1
3346,145,164,2.2,18,0,0,2.0,1
2888,148,134,2.7,58,0,14,4.0,1
4634,2,56,6.5,35,54,0,,0
1724,50,97,3.8,5,6,0,23.0,1
1973,88,164,2.2,2,0,0,86.0,0
1561,2,56,6.5,30,54,0,60.0,0
2366,46,139,2.6,31,10,0,83.0,0
4275,3,56,6.5,25,53,0,,0
2173,110,142,2.6,43,0,0,56.0,0
3651,49,56,6.5,31,7,0,,0
1602,50,56,6.5,19,6,0,,0
2033,7,56,6.5,55,49,0,42.0,0
2233,50,93,3.9,34,6,0,,0
3007,161,110,3.3,18,0,51,,0
3754,96,56,6.5,39,0,40,,0
4459,18,150,2.4,48,38,0,149.0,0
2053,82,56,6.5,33,0,26,22.0,1
2492,116,85,4.3,45,0,31,19.0,1
3197,61,56,6.5,3,0,5,,0
3139,15,56,6.5,18,41,0,38.0,0
1712,90,93,3.9,36,0,0,5.0,1
1363,73,56,6.5,52,0,17,21.0,1
1296,92,66,5.5,26,0,26,16.0,1
2512,57,201,1.8,28,0,0,157.0,0
4727,21,56,6.5,32,35,0,,0
3999,11,175,2.1,49,45,0,149.0,0
3532,65,56,6.5,37,0,9,,0
1580,16,137,2.7,7,40,0,141.0,0
1653,56,285,1.3,28,0,0,226.0,0
4507,14,56,6.5,32,42,0,20.0,1
2037,30,56,6.5,41,26,0,,0
1686,49,142,2.6,36,7,0,94.0,0
3831,69,76,4.8,22,0,0,8.0,1
3406,122,121,3.0,9,0,1,28.0,1
3602,69,56,6.5,17,0,13,,0
2603,111,96,3.8,10,0,15,2.0,1
3814,126,79,4.6,27,0,47,3.0,1
1932,116,229,1.6,17,0,0,126.0,0
3701,47,110,3.3,32,9,0,,0
2064,103,117,3.1,56,0,0,23.0,1
1086,32,64,5.7,44,24,0,19.0,1
1840,16,60,6.1,42,40,0,64.0,0
4479,16,63,5.8,11,40,0,33.0,0
2098,54,123,3.0,45,2,0,65.0,0
4090,20,64,5.7,25,36,0,54.0,0
3002,152,113,3.2,17,0,39,,0
4851,576,473,0.8,27,0,103,26.0,1
2838,212,180,2.0,58,0,32,20.0,1
4681,4,69,5.3,55,52,0,68.0,0
3187,270,235,1.6,15,0,35,11.0,1
1130,73,64,5.7,5,0,9,24.0,1
1925,37,56,6.5,43,19,0,16.0,1
4257,42,56,6.5,56,14,0,15.0,1
2390,102,56,6.5,13,0,46,,0
4245,24,67,5.4,59,32,0,47.0,0
3226,107,91,4.0,6,0,16,,0
1866,18,344,1.1,42,38,0,338.0,0
4598,111,116,3.1,20,0,0,,0
1810,3,75,4.9,3,53,0,,0
3453,59,174,2.1,28,0,0,,0
2288,72,56,6.5,3,0,16,22.0,1
3395,6,108,3.4,33,50,0,,0
3908,84,166,2.2,2,0,0,139.0,0
4110,44,56,6.5,57,12,0,7.0,1
1230,187,224,1.6,37,0,0,29.0,1
3534,63,118,3.1,29,0,0,,0
1976,82,64,5.7,14,0,18,,0
2347,131,149,2.4,7,0,0,22.0,1
1056,387,553,0.7,44,0,0,,0
4523,40,104,3.5,4,16,0,49.0,0
2286,68,109,3.3,50,0,0,48.0,0
4585,93,62,5.9,21,0,31,5.0,1
3101,39,56,6.5,25,17,0,,0
3468,33,174,2.1,9,23,0,168.0,0
3001,37,56,6.5,12,19,0,32.0,0
4483,102,95,3.8,12,0,7,21.0,1
1058,18,61,6.0,56,38,0,30.0,1
3477,83,132,2.8,5,0,0,45.0,0
3494,17,117,3.1,29,39,0,101.0,0
2442,276,206,1.8,27,0,70,9.0,1
1866,52,59,6.2,39,4,0,,0
2906,5,72,5.1,49,51,0,86.0,0
4165,32,56,6.5,20,24,0,,0
4284,68,63,5.8,29,0,5,,0
4641,23,121,3.0,55,33,0,95.0,0
4800,174,164,2.2,19,0,10,14.0,1
3700,44,56,6.5,36,12,0,6.0,1
3886,210,180,2.0,33,0,30,5.0,1
4973,90,266,1.4,8,0,0,172.0,0
3259,127,125,2.9,30,0,2,13.0,1
3860,355,404,0.9,34,0,0,,0
1132,19,56,6.5,31,37,0,54.0,0
4237,79,56,6.5,58,0,23,19.0,1
3987,31,56,6.5,1,25,0,49.0,0
2255,414,297,1.2,35,0,117,10.0,1
3072,22,151,2.4,19,34,0,88.0,0
2873,19,86,4.2,55,37,0,,0
4031,74,112,3.3,46,0,0,43.0,0
4470,22,56,6.5,18,34,0,48.0,0
1711,775,636,0.6,55,0,139,20.0,1
4916,81,99,3.7,46,0,0,,0
1934,46,98,3.7,17,10,0,62.0,0
1047,242,160,2.3,42,0,82,23.0,1
3099,216,132,2.8,31,0,84,11.0,1
3107,138,107,3.4,20,0,31,13.0,1
3520,3,56,6.5,56,53,0,62.0,0
1790,30,131,2.8,29,26,0,97.0,0
2476,35,405,0.9,39,21,0,,0
3867,147,264,1.4,43,0,0,117.0,0
2877,249,321,1.1,21,0,0,98.0,0
3798,57,59,6.2,55,0,0,5.0,1
4861,29,56,6.5,9,27,0,,0
4608,95,81,4.5,30,0,14,8.0,1
3230,68,94,3.9,33,0,0,9.0,1
2262,334,216,1.7,18,0,118,,0
3111,39,56,6.5,49,17,0,,0
3368,348,306,1.2,53,0,42,25.0,1
4587,53,79,4.6,51,3,0,2.0,1
2843,53,63,5.8,10,3,0,42.0,0
1628,42,56,6.5,1,14,0,7.0,1
3975,11,56,6.5,28,45,0,,0
2588,101,173,2.1,33,0,0,79.0,0
4609,87,95,3.8,39,0,0,6.0,1
1611,3,56,6.5,59,53,0,,0
2742,85,56,6.5,18,0,29,27.0,1
3978,3,68,5.4,43,53,0,,0
3778,181,342,1.1,45,0,0,133.0,0
2549,84,73,5.0,9,0,11,16.0,1
4489,44,56,6.5,28,12,0,29.0,1
1571,1,73,5.0,23,55,0,66.0,0
2688,39,72,5.1,26,17,0,18.0,1
3613,60,56,6.5,49,0,4,24.0,1
3814,110,86,4.2,43,0,24,20.0,1
3458,85,74,4.9,33,0,11,10.0,1
1020,216,157,2.3,20,0,59,9.0,1
3991,210,395,0.9,16,0,0,,0
1546,58,221,1.7,19,0,0,,0
4763,48,72,5.1,32,8,0,39.0,0
1453,17,56,6.5,54,39,0,,0
2506,192,705,0.5,11,0,0,515.0,0
2177,107,94,3.9,46,0,13,2.0,1
2014,83,91,4.0,44,0,0,,0
4726,28,88,4.1,40,28,0,42.0,0
3052,38,105,3.5,47,18,0,67.0,0
3009,66,80,4.6,26,0,0,,0
3720,25,56,6.5,55,31,0,43.0,0
3968,2,58,6.3,1,54,0,41.0,0
3680,33,87,4.2,38,23,0,76.0,0
4792,43,58,6.3,12,13,0,,0
1947,63,56,6.5,57,0,7,8.0,1
3731,158,98,3.7,9,0,60,15.0,1
1787,55,73,5.0,50,1,0,8.0,1
1745,171,299,1.2,8,0,0,120.0,0
1311,65,56,6.5,59,0,9,28.0,1
2345,89,215,1.7,31,0,0,134.0,0
3678,130,243,1.5,20,0,0,133.0,0
1519,26,56,6.5,19,30,0,,0
3898,26,68,5.4,32,30,0,,0
1063,83,66,5.5,55,0,17,6.0,1
2692,35,56,6.5,5,21,0,38.0,0
4503,16,56,6.5,31,40,0,21.0,1
4961,15,56,6.5,22,41,0,,0
4730,218,365,1.0,20,0,0,154.0,0
3696,229,190,1.9,57,0,39,,0
3631,178,248,1.5,12,0,0,77.0,0
2392,23,160,2.3,19,33,0,131.0,0
1014,32,56,6.5,37,24,0,28.0,1
4553,58,59,6.2,2,0,0,17.0,1
2347,214,133,2.7,4,0,81,27.0,1
2342,117,56,6.5,30,0,61,14.0,1
3138,55,159,2.3,23,1,0,121.0,0
3981,4,74,4.9,58,52,0,66.0,0
2326,16,66,5.5,21,40,0,32.0,0
4340,148,158,2.3,54,0,0,31.0,0
2503,145,128,2.9,59,0,17,20.0,1
4170,39,67,5.4,5,17,0,25.0,1
3035,237,227,1.6,7,0,10,9.0,1
2391,65,56,6.5,12,0,9,,0
2325,29,147,2.5,41,27,0,130.0,0
3851,145,144,2.5,11,0,1,20.0,1
3057,43,70,5.2,46,13,0,43.0,0
2462,34,116,3.1,14,22,0,,0
4606,1,56,6.5,39,55,0,46.0,0
3326,238,188,1.9,3,0,50,20.0,1
4139,76,77,4.7,23,0,0,33.0,0
1132,7,59,6.2,3,49,0,55.0,0
1515,37,208,1.8,36,19,0,173.0,0
1413,41,56,6.5,54,15,0,15.0,1
4176,81,56,6.5,39,0,25,,0
1224,88,56,6.5,24,0,32,,0
2263,48,146,2.5,41,8,0,108.0,0
4815,83,56,6.5,33,0,27,,0
1908,239,366,1.0,32,0,0,134.0,0
2141,73,56,6.5,30,0,17,,0
4601,290,349,1.0,36,0,0,44.0,0
1415,46,106,3.4,3,10,0,53.0,0
1416,147,83,4.4,6,0,64,28.0,1
3873,8,58,6.3,32,48,0,65.0,0
3685,60,123,3.0,6,0,0,,0
4901,29,87,4.2,56,27,0,75.0,0
2734,193,217,1.7,43,0,0,,0
4981,44,98,3.7,4,12,0,45.0,0
2639,31,101,3.6,4,25,0,64.0,0
3159,43,67,5.4,13,13,0,34.0,0
2037,55,86,4.2,49,1,0,26.0,1
4849,69,115,3.2,59,0,0,36.0,0
2640,42,56,6.5,43,14,0,,0
2978,6,56,6.5,3,50,0,78.0,0
4571,75,163,2.2,35,0,0,,0
2830,90,103,3.5,44,0,0,24.0,1
4300,111,77,4.7,47,0,34,,0
4757,80,91,4.0,16,0,0,28.0,1
2937,56,118,3.1,24,0,0,89.0,0
1402,4,58,6.3,40,52,0,92.0,0
3023,18,56,6.5,24,38,0,,0
3025,125,105,3.5,57,0,20,,0
1106,54,56,6.5,46,2,0,12.0,1
4876,120,124,2.9,24,0,0,2.0,1
4310,25,56,6.5,38,31,0,,0
2026,53,205,1.8,5,3,0,158.0,0
4831,48,131,2.8,52,8,0,97.0,0
3998,159,110,3.3,19,0,49,19.0,1
1646,213,197,1.9,7,0,16,,0
1326,346,341,1.1,30,0,5,2.0,1
3804,248,202,1.8,25,0,46,16.0,1
4635,29,56,6.5,1,27,0,,0
1437,12,56,6.5,2,44,0,65.0,0
2061,3,56,6.5,8,53,0,,0
1574,87,91,4.0,4,0,0,,0
3037,28,136,2.7,56,28,0,110.0,0
3879,16,56,6.5,47,40,0,35.0,0
2399,48,104,3.5,32,8,0,,0
1005,25,56,6.5,46,31,0,41.0,0
4785,23,56,6.5,38,33,0,44.0,0
1639,29,56,6.5,49,27,0,3.0,1
1307,24,56,6.5,6,32,0,35.0,0
4705,65,56,6.5,44,0,9,1.0,1
4193,34,56,6.5,49,22,0,33.0,0
3219,80,209,1.7,40,0,0,128.0,0
2443,62,56,6.5,33,0,6,7.0,1
1932,33,730,0.5,37,23,0,680.0,0
2343,17,133,2.7,10,39,0,,0
4318,91,104,3.5,54,0,0,,0
1943,56,56,6.5,24,0,0,2.0,1
4866,191,157,2.3,36,0,34,25.0,1
4692,36,56,6.5,3,20,0,40.0,0
2216,134,99,3.7,47,0,35,24.0,1
2920,903,697,0.5,37,0,206,9.0,1
1431,65,83,4.4,27,0,0,9.0,1
4924,83,225,1.6,24,0,0,125.0,0
1164,18,56,6.5,16,38,0,,0
4322,59,87,4.2,47,0,0,26.0,1
2371,67,371,1.0,32,0,0,310.0,0
3096,10,56,6.5,56,46,0,52.0,0
4382,285,383,1.0,53,0,0,123.0,0
2062,45,158,2.3,16,11,0,104.0,0
3211,49,57,6.4,9,7,0,19.0,1
2217,124,149,2.4,16,0,0,10.0,1
2473,52,195,1.9,50,4,0,147.0,0
4139,180,148,2.5,16,0,32,,0
4841,86,56,6.5,4,0,30,9.0,1
3880,92,56,6.5,49,0,36,11.0,1
4056,71,73,5.0,11,0,0,,0
2639,38,84,4.3,24,18,0,38.0,0
1273,34,147,2.5,47,22,0,,0
3728,144,103,3.5,31,0,41,7.0,1
1865,1,56,6.5,50,55,0,59.0,0
4802,20,122,3.0,24,36,0,100.0,0
4194,210,146,2.5,56,0,64,18.0,1
1739,162,140,2.6,24,0,22,18.0,1
3550,11,213,1.7,59,45,0,,0
2190,8,175,2.1,54,48,0,175.0,0
4737,200,129,2.8,24,0,71,,0
2482,53,85,4.3,36,3,0,,0
3663,44,56,6.5,32,12,0,9.0,1
2538,158,126,2.9,15,0,32,17.0,1
1688,92,106,3.4,22,0,0,26.0,1
2051,51,111,3.3,59,5,0,,0
3191,33,56,6.5,34,23,0,40.0,0
1482,26,56,6.5,39,30,0,,0
2146,6,209,1.7,12,50,0,,0
3163,134,87,4.2,17,0,47,14.0,1
3069,192,155,2.4,41,0,37,18.0,1
3383,64,92,4.0,42,0,0,44.0,0
4680,14,92,4.0,2,42,0,,0
1332,6,190,1.9,39,50,0,169.0,0
4120,37,59,6.2,54,19,0,22.0,1
2532,4,97,3.8,50,52,0,,0
3331,34,62,5.9,6,22,0,,0
4307,42,63,5.8,51,14,0,,0
2423,78,70,5.2,31,0,8,30.0,1
1063,118,107,3.4,49,0,11,4.0,1
2211,30,61,6.0,25,26,0,49.0,0
4265,23,245,1.5,55,33,0,222.0,0
4097,36,56,6.5,57,20,0,,0
2193,81,77,4.7,28,0,4,25.0,1
3011,94,63,5.8,45,0,31,,0
2410,351,286,1.3,26,0,65,13.0,1
2643,154,105,3.5,4,0,49,14.0,1
3324,92,205,1.8,29,0,0,108.0,0
2823,15,56,6.5,15,41,0,25.0,1
4064,139,111,3.3,55,0,28,12.0,1
4781,75,183,2.0,34,0,0,,0
1196,32,96,3.8,33,24,0,,0
1023,103,211,1.7,16,0,0,109.0,0
4326,87,59,6.2,40,0,28,,0
1576,109,277,1.3,39,0,0,,0
1790,316,566,0.6,5,0,0,,0
1591,65,67,5.4,58,0,0,7.0,1
3055,89,63,5.8,52,0,26,28.0,1
1556,99,287,1.3,34,0,0,,0
3520,486,318,1.1,22,0,168,7.0,1
1365,58,59,6.2,37,0,0,27.0,1
2674,11,64,5.7,10,45,0,,0
2592,30,71,5.1,57,26,0,60.0,0
2035,61,56,6.5,31,0,5,8.0,1
4143,29,56,6.5,58,27,0,11.0,1
3953,3,56,6.5,14,53,0,46.0,0
1062,78,56,6.5,34,0,22,,0
2186,77,87,4.2,53,0,0,,0
3597,105,108,3.4,19,0,0,5.0,1
4348,293,311,1.2,37,0,0,41.0,0
2586,38,56,6.5,21,18,0,,0
1913,267,197,1.9,37,0,70,,0
3449,45,75,4.9,24,11,0,23.0,1
4577,105,86,4.2,32,0,19,17.0,1
4961,62,154,2.4,30,0,0,,0
1665,74,56,6.5,37,0,18,17.0,1
4603,107,122,3.0,38,0,0,14.0,1
1792,39,102,3.6,17,17,0,56.0,0
2502,31,133,2.7,46,25,0,,0
4281,2,113,3.2,36,54,0,,0
3511,483,641,0.6,31,0,0,,0
3292,50,56,6.5,50,6,0,23.0,1
3476,5,58,6.3,50,51,0,28.0,1
4319,40,56,6.5,43,16,0,,0
1953,62,57,6.4,17,0,5,25.0,1
3026,32,56,6.5,14,24,0,20.0,1
3833,257,233,1.6,6,0,24,10.0,1
1047,391,280,1.3,30,0,111,6.0,1
3061,70,57,6.4,19,0,13,21.0,1
3438,55,56,6.5,50,1,0,2.0,1
4835,46,131,2.8,27,10,0,77.0,0
3725,9,57,6.4,40,47,0,53.0,0
4184,15,149,2.4,37,41,0,126.0,0
2087,99,105,3.5,31,0,0,19.0,1
2308,46,56,6.5,16,10,0,4.0,1
2110,279,310,1.2,13,0,0,39.0,0
1494,145,378,1.0,15,0,0,236.0,0
3793,67,56,6.5,26,0,11,,0
1248,14,66,5.5,59,42,0,49.0,0
2648,131,113,3.2,29,0,18,,0
4297,1,117,3.1,1,55,0,119.0,0
4254,76,152,2.4,33,0,0,76.0,0
1080,144,449,0.8,34,0,0,,0
2964,14,78,4.7,51,42,0,58.0,0
4858,39,56,6.5,34,17,0,27.0,1
3433,5,56,6.5,48,51,0,,0
4164,65,56,6.5,34,0,9,6.0,1
2729,111,87,4.2,21,0,24,28.0,1
3513,303,378,1.0,7,0,0,79.0,0
1486,89,59,6.2,1,0,30,23.0,1
3153,36,107,3.4,1,20,0,71.0,0
4683,110,88,4.1,18,0,22,2.0,1
3083,84,232,1.6,32,0,0,,0
1695,891,679,0.5,31,0,212,13.0,1
3196,7,58,6.3,18,49,0,49.0,0
4808,21,60,6.1,16,35,0,16.0,1
1574,270,207,1.8,1,0,63,,0
1385,135,155,2.4,44,0,0,11.0,1
4454,416,394,0.9,11,0,22,13.0,1
3249,180,143,2.6,30,0,37,16.0,1
3702,16,67,5.4,41,40,0,40.0,0
3493,10,144,2.5,28,46,0,120.0,0
2291,239,218,1.7,26,0,21,26.0,1
1258,79,173,2.1,23,0,0,67.0,0
1253,139,135,2.7,10,0,4,9.0,1
4971,144,211,1.7,11,0,0,74.0,0
2288,120,229,1.6,55,0,0,107.0,0
1429,70,271,1.3,45,0,0,225.0,0
2577,46,151,2.4,44,10,0,,0
1713,81,78,4.7,6,0,3,,0
4102,55,101,3.6,29,1,0,,0
2188,37,236,1.5,22,19,0,,0
1778,5,56,6.5,14,51,0,51.0,0
4772,60,120,3.0,6,0,0,,0
1282,44,65,5.6,44,12,0,21.0,1
1941,55,92,4.0,50,1,0,49.0,0
1069,320,250,1.5,58,0,70,25.0,1
2258,63,104,3.5,55,0,0,57.0,0
4165,89,93,3.9,20,0,0,,0
3346,32,56,6.5,11,24,0,25.0,1
3018,259,163,2.2,2,0,96,,0
3860,93,150,2.4,44,0,0,41.0,0
2937,103,508,0.7,25,0,0,432.0,0
1817,67,70,5.2,15,0,0,4.0,1
4333,145,107,3.4,55,0,38,18.0,1
3046,11,109,3.3,38,45,0,,0
3188,181,317,1.2,5,0,0,112.0,0
2253,5,83,4.4,15,51,0,,0
1779,153,112,3.3,26,0,41,2.0,1
4334,19,146,2.5,11,37,0,108.0,0
3701,12,104,3.5,47,44,0,95.0,0
2736,3,62,5.9,51,53,0,49.0,0
2122,24,105,3.5,33,32,0,,0
1302,224,212,1.7,37,0,12,11.0,1
4334,1,56,6.5,36,55,0,,0
1550,124,100,3.6,41,0,24,,0
2719,21,56,6.5,38,35,0,,0
1212,232,234,1.6,55,0,0,,0
1402,18,56,6.5,11,38,0,44.0,0
2658,26,57,6.4,35,30,0,,0
4354,22,121,3.0,55,34,0,94.0,0
4132,163,314,1.2,57,0,0,,0
4649,82,85,4.3,9,0,0,18.0,1
1819,11,57,6.4,11,45,0,52.0,0
2019,186,405,0.9,41,0,0,206.0,0
3487,74,56,6.5,33,0,18,,0
1909,80,56,6.5,45,0,24,10.0,1
1356,14,127,2.9,33,42,0,115.0,0
2824,72,60,6.1,27,0,12,15.0,1
1107,42,56,6.5,18,14,0,26.0,1
3187,242,158,2.3,11,0,84,,0
3290,52,109,3.3,47,4,0,,0
4412,81,57,6.4,30,0,24,9.0,1
1605,15,56,6.5,16,41,0,41.0,0
3389,65,180,2.0,56,0,0,,0
2857,154,151,2.4,24,0,3,18.0,1
4036,106,83,4.4,1,0,23,,0
2687,333,394,0.9,11,0,0,44.0,0
3271,2,56,6.5,6,54,0,62.0,0
2196,11,56,6.5,12,45,0,64.0,0
1715,101,56,6.5,26,0,45,,0
3806,98,86,4.2,19,0,12,15.0,1
2206,5,109,3.3,1,51,0,,0
4070,54,74,4.9,53,2,0,29.0,1
2914,101,119,3.1,34,0,0,12.0,1
2478,60,56,6.5,54,0,4,,0
4636,5,285,1.3,20,51,0,,0
1961,145,84,4.3,12,0,61,24.0,1
1871,247,220,1.7,24,0,27,21.0,1
4858,39,118,3.1,32,17,0,94.0,0
1690,125,129,2.8,33,0,0,4.0,1
4921,127,141,2.6,39,0,0,19.0,1
2121,156,128,2.9,10,0,28,20.0,1
2661,121,150,2.4,22,0,0,,0
2217,30,260,1.4,48,26,0,193.0,0
1556,141,105,3.5,47,0,36,,0
1383,3,158,2.3,41,53,0,,0
4429,55,83,4.4,14,1,0,39.0,0
1423,321,284,1.3,4,0,37,1.0,1
2746,18,56,6.5,29,38,0,45.0,0
1389,59,380,1.0,6,0,0,316.0,0
3994,30,87,4.2,47,26,0,31.0,0
4752,18,56,6.5,55,38,0,,0
3990,160,99,3.7,40,0,61,24.0,1
2168,14,56,6.5,42,42,0,24.0,1
1918,22,176,2.1,39,34,0,154.0,0
3599,20,56,6.5,55,36,0,49.0,0
4912,30,62,5.9,54,26,0,25.0,1
4581,5,56,6.5,54,51,0,50.0,0
1420,20,62,5.9,49,36,0,40.0,0
2893,83,56,6.5,25,0,27,22.0,1
4156,10,56,6.5,45,46,0,66.0,0
1697,157,165,2.2,8,0,0,21.0,1
3964,87,168,2.2,57,0,0,,0
3970,123,126,2.9,11,0,0,11.0,1
1906,58,56,6.5,1,0,2,,0
4622,28,86,4.2,6,28,0,57.0,0
2757,6,89,4.1,38,50,0,,0
4774,89,56,6.5,28,0,33,13.0,1
4099,334,299,1.2,32,0,35,8.0,1
1851,169,181,2.0,9,0,0,,0
3222,15,75,4.9,34,41,0,,0
4308,4,91,4.0,49,52,0,79.0,0
1558,71,106,3.4,2,0,0,62.0,0
4181,23,56,6.5,22,33,0,24.0,1
1485,53,73,5.0,39,3,0,35.0,0
4459,2,56,6.5,23,54,0,,0
4260,49,56,6.5,51,7,0,,0
4345,10,71,5.1,52,46,0,,0
2713,121,379,1.0,3,0,0,,0
4579,86,150,2.4,43,0,0,64.0,0
3652,76,57,6.4,45,0,19,8.0,1
4674,9,142,2.6,16,47,0,126.0,0
3292,296,275,1.3,41,0,21,12.0,1
3560,201,188,1.9,30,0,13,6.0,1
3082,139,94,3.9,19,0,45,21.0,1
3308,54,56,6.5,44,2,0,6.0,1
3039,238,157,2.3,26,0,81,28.0,1
4699,112,123,3.0,16,0,0,15.0,1
4333,264,184,2.0,22,0,80,3.0,1
4131,51,149,2.4,6,5,0,105.0,0
1099,230,208,1.8,37,0,22,,0
2668,11,58,6.3,5,45,0,,0
4307,162,258,1.4,43,0,0,123.0,0
1671,140,105,3.5,14,0,35,16.0,1
2958,176,473,0.8,24,0,0,,0
4326,42,56,6.5,14,14,0,28.0,1
1748,339,360,1.0,9,0,0,23.0,1
3654,93,105,3.5,40,0,0,14.0,1
3087,17,56,6.5,56,39,0,58.0,0
4308,92,61,6.0,11,0,31,7.0,1
2259,1,69,5.3,10,55,0,73.0,0
1809,67,126,2.9,31,0,0,49.0,0
1073,132,136,2.7,51,0,0,,0
3782,44,56,6.5,54,12,0,18.0,1
3951,88,88,4.1,25,0,0,,0
1858,543,499,0.7,53,0,44,20.0,1
3076,156,358,1.0,20,0,0,227.0,0
2467,166,127,2.9,31,0,39,16.0,1
3893,76,92,4.0,57,0,0,,0
4094,50,99,3.7,16,6,0,,0
1515,81,147,2.5,37,0,0,55.0,0
3291,53,56,6.5,6,3,0,5.0,1
1545,55,73,5.0,43,1,0,,0
1616,11,56,6.5,59,45,0,23.0,1
4749,93,123,3.0,11,0,0,,0
2852,89,151,2.4,48,0,0,,0
1026,49,61,6.0,55,7,0,10.0,1
2106,146,317,1.2,40,0,0,159.0,0
1158,52,56,6.5,19,4,0,8.0,1
4970,43,56,6.5,1,13,0,5.0,1
2500,83,107,3.4,58,0,0,6.0,1
2868,79,208,1.8,27,0,0,145.0,0
1666,155,346,1.1,21,0,0,190.0,0
4242,87,62,5.9,41,0,25,10.0,1
4003,330,213,1.7,14,0,117,,0
4679,15,87,4.2,57,41,0,54.0,0
4885,35,78,4.7,20,21,0,22.0,1
4824,27,182,2.0,35,29,0,167.0,0
3852,39,151,2.4,37,17,0,,0
1632,32,56,6.5,31,24,0,,0
3242,9,293,1.2,2,47,0,,0
4302,50,271,1.3,18,6,0,232.0,0
1645,34,56,6.5,54,22,0,,0
4642,155,123,3.0,21,0,32,15.0,1
2154,189,133,2.7,25,0,56,29.0,1
2018,108,110,3.3,13,0,0,10.0,1
3547,65,57,6.4,36,0,8,9.0,1
1460,26,56,6.5,17,30,0,24.0,1
1906,32,88,4.1,46,24,0,,0
3074,153,230,1.6,12,0,0,58.0,0
3292,173,139,2.6,42,0,34,24.0,1
1129,3,66,5.5,22,53,0,,0
2343,136,166,2.2,24,0,0,31.0,0
4303,123,56,6.5,15,0,67,6.0,1
2195,70,225,1.6,7,0,0,139.0,0
2611,54,56,6.5,3,2,0,5.0,1
3614,52,67,5.4,20,4,0,16.0,1
4310,46,56,6.5,43,10,0,14.0,1
4704,58,56,6.5,26,0,2,19.0,1
2355,177,227,1.6,45,0,0,42.0,0
4478,27,61,6.0,28,29,0,54.0,0
2727,67,118,3.1,53,0,0,,0
2976,99,86,4.2,35,0,13,18.0,1
3569,78,131,2.8,45,0,0,44.0,0
2012,13,95,3.8,40,43,0,,0
3338,29,56,6.5,9,27,0,18.0,1
3693,58,199,1.8,7,0,0,148.0,0
2624,34,60,6.1,40,22,0,,0
4038,3,56,6.5,14,53,0,55.0,0
1766,83,63,5.8,18,0,20,1.0,1
3229,340,299,1.2,10,0,41,11.0,1
1733,23,177,2.1,35,33,0,150.0,0
2403,52,68,5.4,48,4,0,,0
4790,39,68,5.4,15,17,0,28.0,1
2005,43,69,5.3,45,13,0,20.0,1
3882,473,474,0.8,4,0,0,,0
1081,88,122,3.0,48,0,0,,0
1631,12,126,2.9,58,44,0,,0
4895,174,205,1.8,50,0,0,31.0,0
4408,103,108,3.4,19,0,0,9.0,1
1059,25,73,5.0,56,31,0,66.0,0
1781,53,76,4.8,48,3,0,19.0,1
4757,93,85,4.3,58,0,8,18.0,1
1783,95,87,4.2,28,0,8,,0
4442,259,161,2.3,44,0,98,15.0,1
4354,35,93,3.9,23,21,0,66.0,0
2770,93,161,2.3,22,0,0,70.0,0
1420,131,84,4.3,22,0,47,5.0,1
4040,66,95,3.8,34,0,0,18.0,1
4132,25,56,6.5,40,31,0,30.0,1
4957,18,187,2.0,11,38,0,182.0,0
4475,72,118,3.1,44,0,0,54.0,0
1792,282,200,1.8,38,0,82,23.0,1
4249,5,56,6.5,48,51,0,53.0,0
3617,130,478,0.8,31,0,0,339.0,0
1589,43,80,4.6,27,13,0,26.0,1
3468,197,218,1.7,5,0,0,43.0,0
3180,21,56,6.5,42,35,0,,0
3869,8,146,2.5,29,48,0,143.0,0
2828,57,56,6.5,5,0,1,5.0,1
2353,37,56,6.5,18,19,0,42.0,0
4081,346,416,0.9,29,0,0,61.0,0
2288,102,77,4.7,2,0,25,,0
4917,130,107,3.4,14,0,23,5.0,1
4360,163,180,2.0,23,0,0,19.0,1
2431,143,133,2.7,59,0,10,3.0,1
2093,17,101,3.6,53,39,0,,0
2530,80,120,3.0,29,0,0,49.0,0
4128,896,615,0.6,39,0,281,24.0,1
1537,70,85,4.3,8,0,0,19.0,1
3726,3,105,3.5,4,53,0,115.0,0
1171,239,208,1.8,37,0,31,,0
3367,43,217,1.7,32,13,0,,0
2518,312,232,1.6,49,0,80,6.0,1
3479,169,150,2.4,38,0,19,11.0,1
4266,66,56,6.5,29,0,10,6.0,1
4119,250,332,1.1,29,0,0,88.0,0
4623,55,56,6.5,1,1,0,14.0,1
1173,89,114,3.2,3,0,0,42.0,0
3399,37,56,6.5,42,19,0,28.0,1
4033,107,85,4.3,45,0,22,7.0,1
2794,130,117,3.1,19,0,13,,0
1397,56,116,3.1,14,0,0,77.0,0
1764,78,126,2.9,32,0,0,42.0,0
3770,29,327,1.1,23,27,0,305.0,0
3307,80,129,2.8,43,0,0,,0
2790,33,74,4.9,26,23,0,,0
1651,93,194,1.9,18,0,0,,0
4042,194,233,1.6,43,0,0,31.0,0
4582,8,56,6.5,15,48,0,8.0,1
1373,9,145,2.5,25,47,0,124.0,0
2786,151,157,2.3,36,0,0,10.0,1
2942,46,70,5.2,43,10,0,21.0,1
4311,62,270,1.4,38,0,0,224.0,0
3690,82,79,4.6,22,0,3,,0
2026,88,99,3.7,18,0,0,11.0,1
1636,93,78,4.7,12,0,15,7.0,1
4814,128,91,4.0,58,0,37,,0
1297,13,56,6.5,27,43,0,,0
2272,32,56,6.5,48,24,0,16.0,1
3511,330,322,1.1,20,0,8,12.0,1
1972,25,56,6.5,16,31,0,,0
4218,39,56,6.5,50,17,0,26.0,1
3203,8,56,6.5,58,48,0,33.0,0
2317,28,56,6.5,46,28,0,,0
1116,52,56,6.5,49,4,0,7.0,1
2527,406,334,1.1,15,0,72,26.0,1
4720,259,201,1.8,10,0,58,14.0,1
4767,85,56,6.5,39,0,29,,0
3157,530,545,0.7,5,0,0,,0
1912,230,197,1.9,43,0,33,6.0,1
4718,54,69,5.3,53,2,0,26.0,1
4527,81,56,6.5,35,0,25,,0
3660,594,562,0.6,17,0,32,,0
4699,79,56,6.5,51,0,23,8.0,1
4190,73,56,6.5,41,0,17,21.0,1
1715,219,203,1.8,30,0,16,,0
1053,547,633,0.6,4,0,0,100.0,0
3587,253,272,1.3,47,0,0,,0
2407,72,141,2.6,53,0,0,48.0,0
4521,66,144,2.5,22,0,0,92.0,0
1239,81,178,2.1,31,0,0,88.0,0
3303,233,165,2.2,29,0,68,9.0,1
2179,27,112,3.3,41,29,0,83.0,0
1024,170,97,3.8,53,0,73,22.0,1
3301,101,85,4.3,16,0,16,,0
2882,53,56,6.5,55,3,0,4.0,1
3146,40,71,5.1,25,16,0,35.0,0
1718,14,56,6.5,17,42,0,10.0,1
3736,89,83,4.4,18,0,6,,0
3991,56,56,6.5,37,0,0,18.0,1
3427,24,56,6.5,37,32,0,7.0,1
4298,64,103,3.5,29,0,0,,0
3990,33,274,1.3,41,23,0,240.0,0
1573,196,187,2.0,27,0,9,29.0,1
1416,64,56,6.5,31,0,8,12.0,1
1491,4,56,6.5,23,52,0,,0
1169,235,191,1.9,42,0,44,6.0,1
1598,15,56,6.5,25,41,0,49.0,0
3586,112,75,4.9,59,0,37,10.0,1
3277,16,139,2.6,55,40,0,99.0,0
4963,49,56,6.5,22,7,0,14.0,1
3055,145,97,3.8,54,0,48,23.0,1
3237,42,56,6.5,13,14,0,12.0,1
1371,49,56,6.5,17,7,0,32.0,0
3981,9,116,3.1,45,47,0,86.0,0
3930,52,56,6.5,39,4,0,24.0,1
4075,139,128,2.9,52,0,11,5.0,1
2077,52,88,4.1,58,4,0,,0
2199,5,140,2.6,3,51,0,115.0,0
3500,147,107,3.4,1,0,40,7.0,1
4983,115,268,1.4,55,0,0,144.0,0
4900,50,99,3.7,42,6,0,53.0,0
3193,26,63,5.8,47,30,0,,0
2272,97,99,3.7,45,0,0,,0
2644,26,139,2.6,57,30,0,,0
1940,87,93,3.9,17,0,0,3.0,1
1785,26,92,4.0,29,30,0,71.0,0
1903,45,56,6.5,18,11,0,2.0,1
4100,31,56,6.5,42,25,0,30.0,1
2172,45,56,6.5,52,11,0,5.0,1
2510,493,364,1.0,9,0,129,,0
3869,62,56,6.5,26,0,6,26.0,1
2626,67,56,6.5,24,0,11,,0
2582,22,56,6.5,33,34,0,,0
4265,130,184,2.0,12,0,0,66.0,0
1835,44,71,5.1,43,12,0,,0
3991,240,244,1.5,43,0,0,,0
1715,42,56,6.5,15,14,0,,0
2103,74,112,3.3,52,0,0,,0
4160,32,56,6.5,14,24,0,27.0,1
4222,75,500,0.7,9,0,0,422.0,0
1784,47,56,6.5,31,9,0,23.0,1
1508,142,115,3.2,34,0,27,3.0,1
3364,119,149,2.4,2,0,0,4.0,1
3227,189,125,2.9,54,0,64,28.0,1
1553,56,77,4.7,48,0,0,18.0,1
3926,55,81,4.5,38,1,0,,0
4634,42,93,3.9,45,14,0,47.0,0
2773,7,80,4.6,38,49,0,,0
2920,49,194,1.9,58,7,0,154.0,0
4476,572,527,0.7,1,0,45,6.0,1
4256,22,57,6.4,57,34,0,23.0,1
2315,32,56,6.5,45,24,0,,0
2793,27,83,4.4,34,29,0,56.0,0
3838,568,708,0.5,23,0,0,,0
3747,19,56,6.5,1,37,0,7.0,1
3535,245,334,1.1,33,0,0,90.0,0
2722,138,344,1.1,11,0,0,211.0,0
4265,10,57,6.4,48,46,0,57.0,0
4114,210,141,2.6,9,0,69,12.0,1
3490,211,331,1.1,7,0,0,139.0,0
3249,68,66,5.5,46,0,2,,0
4690,72,76,4.8,37,0,0,26.0,1
2096,65,56,6.5,58,0,9,16.0,1
3268,72,56,6.5,51,0,16,10.0,1
2625,25,56,6.5,24,31,0,,0
3679,59,56,6.5,49,0,3,3.0,1
4747,8,92,4.0,8,48,0,49.0,0
1827,65,56,6.5,36,0,9,1.0,1
4804,109,108,3.4,2,0,1,26.0,1
1387,43,56,6.5,55,13,0,,0
2556,115,117,3.1,52,0,0,26.0,1
2632,128,175,2.1,45,0,0,60.0,0
1990,50,56,6.5,52,6,0,7.0,1
4958,10,121,3.0,6,46,0,121.0,0
4035,190,240,1.5,50,0,0,42.0,0
4939,50,56,6.5,37,6,0,5.0,1
2888,150,343,1.1,57,0,0,172.0,0
4075,87,125,2.9,12,0,0,,0
3435,48,56,6.5,19,8,0,4.0,1
1160,37,86,4.2,52,19,0,,0
3701,108,140,2.6,29,0,0,38.0,0
1495,62,95,3.8,19,0,0,15.0,1
3952,103,138,2.6,31,0,0,,0
4159,33,56,6.5,47,23,0,16.0,1
3879,40,103,3.5,39,16,0,58.0,0
3237,1,56,6.5,29,55,0,,0
1088,104,82,4.5,51,0,22,,0
2158,61,56,6.5,55,0,5,,0
1493,66,56,6.5,21,0,10,19.0,1
1260,119,241,1.5,35,0,0,127.0,0
1877,27,215,1.7,33,29,0,192.0,0
4084,40,146,2.5,21,16,0,98.0,0
4830,18,56,6.5,57,38,0,,0
4457,91,69,5.3,10,0,22,15.0,1
1249,14,237,1.5,4,42,0,234.0,0
2526,20,100,3.6,48,36,0,72.0,0
1595,184,575,0.6,57,0,0,375.0,0
4979,52,123,3.0,12,4,0,59.0,0
4700,49,104,3.5,59,7,0,70.0,0
1090,53,70,5.2,10,3,0,2.0,1
2286,92,100,3.6,3,0,0,,0
3721,18,79,4.6,8,38,0,,0
4732,146,158,2.3,5,0,0,,0
4771,26,193,1.9,54,30,0,,0
2873,33,56,6.5,48,23,0,41.0,0
3441,21,56,6.5,36,35,0,,0
3469,41,56,6.5,48,15,0,19.0,1
1185,19,135,2.7,22,37,0,103.0,0
4639,3,56,6.5,35,53,0,61.0,0
4558,34,56,6.5,23,22,0,,0
2963,112,122,3.0,4,0,0,26.0,1
2236,731,661,0.6,16,0,70,1.0,1
1975,65,89,4.1,37,0,0,31.0,0
4442,11,176,2.1,22,45,0,162.0,0
3495,64,96,3.8,21,0,0,16.0,1
3707,102,83,4.4,50,0,19,11.0,1
4889,10,187,2.0,27,46,0,,0
4893,54,71,5.1,52,2,0,,0
3030,129,111,3.3,40,0,18,,0
1039,149,116,3.1,8,0,33,,0
3199,4,56,6.5,7,52,0,34.0,0
2518,76,199,1.8,42,0,0,123.0,0
2620,70,78,4.7,34,0,0,12.0,1
2643,79,56,6.5,30,0,23,17.0,1
1313,4,138,2.6,52,52,0,,0
2822,66,56,6.5,25,0,10,22.0,1
4578,127,92,4.0,38,0,35,6.0,1
1629,60,89,4.1,15,0,0,22.0,1
1177,74,214,1.7,46,0,0,137.0,0
2161,55,131,2.8,28,1,0,95.0,0
4155,115,88,4.1,59,0,27,3.0,1
3829,116,173,2.1,40,0,0,55.0,0
1018,114,273,1.3,9,0,0,156.0,0
4101,10,140,2.6,5,46,0,,0
2336,91,90,4.1,37,0,1,6.0,1
1271,8,56,6.5,41,48,0,30.0,1
3069,43,56,6.5,22,13,0,,0
2333,94,70,5.2,39,0,24,28.0,1
2107,74,56,6.5,40,0,18,11.0,1
1837,35,77,4.7,56,21,0,15.0,1
3668,37,94,3.9,15,19,0,,0
1938,28,137,2.7,35,28,0,94.0,0
2760,28,85,4.3,53,28,0,,0
1488,42,132,2.8,27,14,0,92.0,0
1402,93,94,3.9,17,0,0,,0
1516,15,56,6.5,19,41,0,,0
3630,36,56,6.5,18,20,0,12.0,1
4553,115,80,4.6,10,0,35,,0
4347,5,56,6.5,2,51,0,,0
3446,82,145,2.5,2,0,0,43.0,0
3044,303,306,1.2,49,0,0,19.0,1
2573,215,238,1.5,47,0,0,,0
4200,25,75,4.9,27,31,0,38.0,0
1629,7,296,1.2,16,49,0,284.0,0
4076,36,101,3.6,32,20,0,64.0,0
2505,2,68,5.4,38,54,0,84.0,0
1437,27,56,6.5,52,29,0,,0
4668,15,70,5.2,26,41,0,49.0,0
1316,97,65,5.6,32,0,32,,0
4661,86,103,3.5,34,0,0,,0
4984,189,102,3.6,47,0,87,,0
3172,44,90,4.1,53,12,0,53.0,0
1893,159,127,2.9,50,0,32,,0
1075,210,233,1.6,8,0,0,10.0,1
2306,133,192,1.9,36,0,0,,0
1965,78,56,6.5,30,0,22,,0
4942,23,56,6.5,5,33,0,26.0,1
4567,27,190,1.9,32,29,0,166.0,0
1792,111,56,6.5,8,0,55,,0
1346,23,75,4.9,22,33,0,,0
1940,39,56,6.5,49,17,0,44.0,0
3177,28,56,6.5,38,28,0,16.0,1
1661,120,138,2.6,47,0,0,25.0,1
2375,231,165,2.2,1,0,66,,0
4893,5,56,6.5,11,51,0,47.0,0
2168,46,56,6.5,38,10,0,24.0,1
3748,44,58,6.3,55,12,0,29.0,1
2015,89,123,3.0,6,0,0,,0
1484,51,56,6.5,20,5,0,,0
3625,54,104,3.5,20,2,0,,0
4316,42,88,4.1,18,14,0,33.0,0
2267,174,143,2.6,18,0,31,25.0,1
2142,73,99,3.7,7,0,0,37.0,0
1665,78,56,6.5,32,0,22,22.0,1
2463,228,234,1.6,26,0,0,14.0,1
2696,52,79,4.6,24,4,0,13.0,1
2536,27,88,4.1,48,29,0,39.0,0
3599,17,56,6.5,54,39,0,41.0,0
2194,19,63,5.8,54,37,0,34.0,0
1299,41,56,6.5,55,15,0,,0
2213,102,78,4.7,51,0,24,12.0,1
3339,66,354,1.0,12,0,0,306.0,0
1951,18,56,6.5,26,38,0,29.0,1
3982,53,56,6.5,30,3,0,22.0,1
1984,203,292,1.2,18,0,0,67.0,0
1908,35,76,4.8,4,21,0,,0
2830,43,56,6.5,34,13,0,2.0,1
2661,227,206,1.8,23,0,21,,0
4043,66,56,6.5,29,0,10,24.0,1
1779,238,387,0.9,9,0,0,,0
1532,157,154,2.4,39,0,3,20.0,1
3134,13,60,6.1,12,43,0,,0
2425,543,505,0.7,37,0,38,7.0,1
1780,55,56,6.5,12,1,0,16.0,1
4858,97,162,2.3,16,0,0,57.0,0
1557,67,114,3.2,19,0,0,43.0,0
1623,339,255,1.4,12,0,84,24.0,1
2208,56,313,1.2,1,0,0,257.0,0
2953,90,92,4.0,1,0,0,5.0,1
2523,48,56,6.5,19,8,0,16.0,1
2213,120,130,2.8,52,0,0,23.0,1
2591,58,56,6.5,44,0,2,3.0,1
2152,2,450,0.8,37,54,0,434.0,0
3488,161,100,3.6,41,0,61,12.0,1
4181,41,67,5.4,44,15,0,14.0,1
2877,117,104,3.5,2,0,13,27.0,1
2691,23,56,6.5,13,33,0,,0
1131,36,56,6.5,4,20,0,14.0,1
2508,149,235,1.6,19,0,0,,0
4270,8,56,6.5,40,48,0,16.0,1
2098,13,56,6.5,45,43,0,31.0,0
2227,124,138,2.6,33,0,0,31.0,0
3983,189,232,1.6,17,0,0,65.0,0
1052,133,159,2.3,57,0,0,14.0,1
3086,26,199,1.8,17,30,0,165.0,0
4362,10,56,6.5,4,46,0,22.0,1
2505,4,56,6.5,8,52,0,58.0,0
1337,258,299,1.2,30,0,0,,0
3441,45,69,5.3,52,11,0,17.0,1
2019,74,73,5.0,37,0,1,,0
3098,400,260,1.4,48,0,140,3.0,1
3933,100,140,2.6,32,0,0,60.0,0
2215,6,129,2.8,2,50,0,,0
3766,554,508,0.7,25,0,46,25.0,1
3362,12,56,6.5,26,44,0,,0
4865,42,189,1.9,41,14,0,,0
4184,64,94,3.9,13,0,0,27.0,1
3162,29,111,3.3,19,27,0,61.0,0
2794,301,305,1.2,24,0,0,5.0,1
3892,54,135,2.7,9,2,0,83.0,0
4937,13,138,2.6,35,43,0,96.0,0
4822,222,212,1.7,32,0,10,,0
4088,14,67,5.4,1,42,0,47.0,0
4068,42,56,6.5,31,14,0,3.0,1
3880,57,56,6.5,18,0,1,24.0,1
4277,65,56,6.5,15,0,9,17.0,1
1256,237,466,0.8,24,0,0,,0
4159,70,56,6.5,1,0,14,21.0,1
4445,10,75,4.9,15,46,0,48.0,0
4384,36,72,5.1,23,20,0,,0
4963,41,115,3.2,50,15,0,55.0,0
1522,104,172,2.1,51,0,0,51.0,0
3626,129,179,2.0,20,0,0,,0
2228,20,56,6.5,30,36,0,42.0,0
1822,92,78,4.7,51,0,14,,0
4157,96,112,3.3,52,0,0,,0
4112,76,73,5.0,13,0,3,26.0,1
3030,352,325,1.1,5,0,27,,0
1616,86,133,2.7,54,0,0,40.0,0
4613,118,162,2.3,37,0,0,,0
3328,134,152,2.4,57,0,0,17.0,1
1255,253,230,1.6,11,0,23,,0
2343,33,104,3.5,42,23,0,93.0,0
1216,79,56,6.5,57,0,23,24.0,1
2126,127,123,3.0,6,0,4,19.0,1
2432,24,56,6.5,38,32,0,31.0,0
1449,65,58,6.3,25,0,7,13.0,1
4745,212,143,2.6,55,0,69,23.0,1
3998,54,242,1.5,45,2,0,186.0,0
2721,93,91,4.0,38,0,2,12.0,1
2279,195,115,3.2,57,0,80,5.0,1
2109,108,351,1.0,39,0,0,249.0,0
4765,87,109,3.3,40,0,0,18.0,1
4700,800,721,0.5,42,0,79,7.0,1
2920,78,141,2.6,43,0,0,,0
4318,55,56,6.5,29,1,0,27.0,1
1657,180,164,2.2,37,0,16,,0
1783,165,122,3.0,40,0,43,14.0,1
4255,125,252,1.4,58,0,0,,0
3761,131,154,2.4,33,0,0,62.0,0
2182,98,80,4.6,7,0,18,14.0,1
1502,36,56,6.5,18,20,0,,0
2583,29,76,4.8,44,27,0,42.0,0
4707,14,56,6.5,51,42,0,,0
2868,27,56,6.5,40,29,0,11.0,1
1673,125,144,2.5,35,0,0,40.0,0
2697,472,342,1.1,10,0,130,6.0,1
4305,49,123,3.0,23,7,0,,0
1375,40,56,6.5,54,16,0,5.0,1
1059,63,128,2.9,14,0,0,49.0,0
3635,324,234,1.6,19,0,90,7.0,1
4492,47,56,6.5,51,9,0,11.0,1
1551,31,80,4.6,30,25,0,,0
1656,37,91,4.0,9,19,0,,0
4240,22,56,6.5,5,34,0,66.0,0
1823,181,151,2.4,39,0,30,,0
4980,43,81,4.5,45,13,0,19.0,1
4245,200,125,2.9,50,0,75,25.0,1
4143,59,56,6.5,58,0,3,,0
4984,4,63,5.8,45,52,0,65.0,0
4210,212,160,2.3,32,0,52,9.0,1
2575,6,66,5.5,39,50,0,65.0,0
2197,269,358,1.0,40,0,0,85.0,0
2088,26,65,5.6,28,30,0,28.0,1
2055,139,107,3.4,36,0,32,16.0,1
4691,124,189,1.9,49,0,0,65.0,0
4763,71,56,6.5,10,0,15,7.0,1
4849,91,56,6.5,4,0,35,24.0,1
4435,62,56,6.5,37,0,6,,0
2650,211,247,1.5,59,0,0,34.0,0
4514,54,57,6.4,28,2,0,24.0,1
3958,993,696,0.5,37,0,297,28.0,1
4202,33,57,6.4,50,23,0,4.0,1
1249,129,104,3.5,24,0,25,4.0,1
2160,429,309,1.2,34,0,120,9.0,1
4207,592,448,0.8,43,0,144,28.0,1
4582,317,468,0.8,27,0,0,,0
1073,164,236,1.5,1,0,0,61.0,0
2403,251,204,1.8,21,0,47,2.0,1
1519,88,144,2.5,7,0,0,,0
1783,120,167,2.2,44,0,0,70.0,0
1778,1,57,6.4,40,55,0,58.0,0
3326,39,56,6.5,44,17,0,,0
1951,3,89,4.1,15,53,0,,0
3871,110,78,4.7,14,0,32,,0
4065,13,62,5.9,30,43,0,52.0,0
2685,130,157,2.3,52,0,0,34.0,0
4943,10,193,1.9,1,46,0,176.0,0
2425,103,96,3.8,53,0,7,21.0,1
1806,303,293,1.2,3,0,10,27.0,1
2922,60,56,6.5,33,0,4,16.0,1
3695,18,77,4.7,11,38,0,,0
3692,31,56,6.5,23,25,0,31.0,0
4418,66,56,6.5,41,0,10,22.0,1
1772,93,84,4.3,25,0,9,2.0,1
1530,30,81,4.5,4,26,0,,0
3000,108,302,1.2,40,0,0,196.0,0
1380,34,149,2.4,49,22,0,95.0,0
1060,56,56,6.5,32,0,0,27.0,1
2837,317,396,0.9,46,0,0,63.0,0
4729,240,239,1.5,20,0,1,10.0,1
2980,7,143,2.6,16,49,0,117.0,0
3235,31,75,4.9,20,25,0,,0
3433,87,56,6.5,34,0,31,6.0,1
3550,58,66,5.5,24,0,0,3.0,1
1177,24,215,1.7,8,32,0,177.0,0
3045,24,406,0.9,55,32,0,366.0,0
1958,64,309,1.2,47,0,0,241.0,0
2350,100,60,6.1,4,0,40,22.0,1
4248,39,56,6.5,30,17,0,18.0,1
1113,43,100,3.6,53,13,0,,0
1207,20,56,6.5,47,36,0,44.0,0
3038,127,116,3.1,53,0,11,27.0,1
1454,36,79,4.6,1,20,0,52.0,0
3577,83,62,5.9,27,0,21,15.0,1
3923,53,56,6.5,31,3,0,21.0,1
1601,71,135,2.7,13,0,0,38.0,0
2756,49,58,6.3,22,7,0,15.0,1
4215,2,56,6.5,7,54,0,,0
2581,59,56,6.5,16,0,3,17.0,1
2126,83,88,4.1,27,0,0,,0
4677,30,371,1.0,36,26,0,351.0,0
4992,350,340,1.1,3,0,10,2.0,1
1903,34,62,5.9,44,22,0,,0
4135,21,56,6.5,56,35,0,5.0,1
1653,127,130,2.8,18,0,0,,0
4349,18,56,6.5,14,38,0,,0
2907,79,114,3.2,1,0,0,,0
1077,199,166,2.2,39,0,33,8.0,1
3650,62,240,1.5,19,0,0,171.0,0
1034,55,83,4.4,3,1,0,,0
3663,77,76,4.8,22,0,1,,0
2970,22,56,6.5,47,34,0,,0
1587,41,56,6.5,51,15,0,21.0,1
1426,11,75,4.9,41,45,0,,0
3004,24,120,3.0,50,32,0,,0
2354,110,186,2.0,1,0,0,60.0,0
3178,51,56,6.5,7,5,0,,0
3504,131,297,1.2,29,0,0,157.0,0
4178,103,72,5.1,47,0,31,28.0,1
2462,113,88,4.1,7,0,25,,0
4346,8,56,6.5,9,48,0,43.0,0
2961,45,56,6.5,53,11,0,,0
4004,97,182,2.0,48,0,0,,0
3326,198,162,2.3,51,0,36,,0
4791,21,71,5.1,32,35,0,,0
3307,28,94,3.9,58,28,0,45.0,0
1607,81,136,2.7,44,0,0,,0
2027,25,56,6.5,50,31,0,7.0,1
4258,25,58,6.3,32,31,0,,0
3265,174,169,2.2,56,0,5,15.0,1
3906,27,56,6.5,16,29,0,,0
2658,88,113,3.2,5,0,0,,0
2895,12,56,6.5,34,44,0,,0
3895,193,130,2.8,48,0,63,29.0,1
1285,6,87,4.2,32,50,0,,0
4429,17,56,6.5,38,39,0,31.0,0
2184,285,228,1.6,40,0,57,3.0,1
2231,103,56,6.5,19,0,47,,0
2440,22,56,6.5,33,34,0,,0
4603,64,105,3.5,29,0,0,46.0,0
3014,333,225,1.6,21,0,108,20.0,1
3095,29,56,6.5,56,27,0,19.0,1
2562,61,94,3.9,37,0,0,5.0,1
4743,21,126,2.9,51,35,0,,0
3517,12,156,2.3,7,44,0,,0
4043,91,103,3.5,42,0,0,24.0,1
2178,71,67,5.4,16,0,4,11.0,1
2816,59,56,6.5,13,0,3,8.0,1
3113,131,96,3.8,39,0,35,7.0,1
1229,46,56,6.5,37,10,0,17.0,1
4286,66,56,6.5,18,0,10,1.0,1
3803,115,127,2.9,10,0,0,6.0,1
1011,239,185,2.0,56,0,54,22.0,1
3660,70,56,6.5,23,0,14,20.0,1
1685,27,56,6.5,23,29,0,43.0,0
2252,142,147,2.5,56,0,0,29.0,1
1241,451,466,0.8,40,0,0,6.0,1
4581,96,91,4.0,36,0,5,24.0,1
4887,53,56,6.5,33,3,0,,0
1212,39,77,4.7,45,17,0,52.0,0
4183,300,270,1.4,42,0,30,11.0,1
3921,72,56,6.5,12,0,16,,0
2226,1,56,6.5,20,55,0,17.0,1
1340,50,61,6.0,59,6,0,3.0,1
4108,6,56,6.5,34,50,0,70.0,0
2667,105,99,3.7,6,0,6,5.0,1
2113,98,330,1.1,56,0,0,201.0,0
2747,46,116,3.1,10,10,0,,0
3492,122,73,5.0,10,0,49,24.0,1
3374,148,71,5.1,3,0,77,,0
4173,58,56,6.5,38,0,2,13.0,1
1474,297,182,2.0,28,0,115,21.0,1
3606,87,84,4.3,15,0,3,7.0,1
4703,7,77,4.7,44,49,0,,0
3576,328,730,0.5,9,0,0,385.0,0
2823,71,114,3.2,4,0,0,,0
1905,59,56,6.5,38,0,3,3.0,1
2201,18,64,5.7,50,38,0,53.0,0
1970,286,225,1.6,59,0,61,7.0,1
4002,165,98,3.7,30,0,67,7.0,1
1785,93,56,6.5,38,0,37,2.0,1
1705,105,187,2.0,33,0,0,,0
1418,45,56,6.5,12,11,0,27.0,1
4589,111,402,0.9,55,0,0,324.0,0
3562,210,213,1.7,35,0,0,,0
1710,91,62,5.9,12,0,29,27.0,1
4106,140,250,1.5,35,0,0,122.0,0
4310,125,95,3.8,42,0,30,24.0,1
3636,220,178,2.1,38,0,42,23.0,1
1613,69,132,2.8,53,0,0,55.0,0
3497,14,56,6.5,17,42,0,,0
1577,28,56,6.5,33,28,0,21.0,1
3098,265,205,1.8,34,0,60,6.0,1
3683,76,68,5.4,19,0,8,13.0,1
1711,82,65,5.6,20,0,17,6.0,1
2096,63,56,6.5,26,0,7,16.0,1
4745,129,126,2.9,38,0,3,27.0,1
1166,532,468,0.8,42,0,64,24.0,1
2886,54,56,6.5,31,2,0,,0
3012,89,91,4.0,10,0,0,16.0,1
4888,148,278,1.3,50,0,0,131.0,0
3222,7,84,4.3,55,49,0,61.0,0
2315,151,129,2.8,8,0,22,11.0,1
3069,45,56,6.5,52,11,0,35.0,0
1982,111,126,2.9,7,0,0,44.0,0
3892,31,77,4.7,42,25,0,28.0,1
2762,4,198,1.8,57,52,0,204.0,0
4243,54,232,1.6,33,2,0,,0
4778,380,714,0.5,54,0,0,335.0,0
4260,1,143,2.6,47,55,0,,0
3292,73,116,3.1,42,0,0,36.0,0
2522,158,105,3.5,22,0,53,29.0,1
3184,15,67,5.4,35,41,0,,0
3351,38,118,3.1,55,18,0,110.0,0
4345,47,71,5.1,9,9,0,39.0,0
3137,8,103,3.5,45,48,0,98.0,0
1381,51,258,1.4,38,5,0,205.0,0
4228,94,56,6.5,19,0,38,,0
2967,31,224,1.6,32,25,0,212.0,0
4723,242,258,1.4,34,0,0,4.0,1
1166,86,81,4.5,44,0,5,8.0,1
2430,64,56,6.5,43,0,8,4.0,1
4858,25,56,6.5,13,31,0,34.0,0
4095,170,254,1.4,22,0,0,,0
4051,90,88,4.1,35,0,2,21.0,1
2898,55,56,6.5,49,1,0,6.0,1
4371,69,60,6.1,41,0,9,18.0,1
1861,145,176,2.1,55,0,0,,0
1094,195,139,2.6,15,0,56,11.0,1
2746,86,74,4.9,15,0,12,17.0,1
4540,1,67,5.4,36,55,0,70.0,0
4888,49,65,5.6,32,7,0,19.0,1
2646,71,56,6.5,14,0,15,6.0,1
1457,287,327,1.1,30,0,0,45.0,0
4587,24,69,5.3,59,32,0,52.0,0
4645,260,238,1.5,46,0,22,25.0,1
1529,396,304,1.2,14,0,92,24.0,1
4515,250,200,1.8,28,0,50,24.0,1
3668,74,63,5.8,59,0,11,5.0,1
1895,89,124,2.9,50,0,0,43.0,0
2661,140,88,4.1,35,0,52,,0
1319,88,56,6.5,38,0,32,23.0,1
2636,37,116,3.1,40,19,0,81.0,0
4475,3,56,6.5,51,53,0,32.0,0
1691,285,232,1.6,34,0,53,25.0,1
3339,2,62,5.9,5,54,0,46.0,0
3749,124,105,3.5,24,0,19,9.0,1
3351,46,112,3.3,9,10,0,,0
4935,54,73,5.0,11,2,0,,0
2268,28,143,2.6,48,28,0,112.0,0
3616,76,61,6.0,20,0,15,5.0,1
2592,154,180,2.0,34,0,0,12.0,1
1243,31,56,6.5,39,25,0,19.0,1
1858,106,99,3.7,5,0,7,23.0,1
3472,515,424,0.9,57,0,91,,0
1732,1,56,6.5,33,55,0,88.0,0
4892,75,56,6.5,28,0,19,,0
3135,133,135,2.7,53,0,0,,0
2085,73,103,3.5,36,0,0,,0
3460,44,119,3.1,41,12,0,,0
3598,144,133,2.7,30,0,11,,0
1593,151,149,2.4,47,0,2,11.0,1
1009,68,218,1.7,27,0,0,,0
3030,31,124,2.9,50,25,0,64.0,0
4516,17,74,4.9,42,39,0,48.0,0
2079,198,154,2.4,11,0,44,4.0,1
4336,363,411,0.9,17,0,0,55.0,0
2713,48,80,4.6,58,8,0,54.0,0
2994,29,56,6.5,50,27,0,,0
1267,265,218,1.7,44,0,47,7.0,1
1385,14,81,4.5,32,42,0,,0
2497,39,56,6.5,23,17,0,15.0,1
3632,147,177,2.1,45,0,0,21.0,1
4088,70,58,6.3,18,0,12,,0
3082,65,83,4.4,22,0,0,,0
2965,118,117,3.1,28,0,1,,0
2730,79,104,3.5,49,0,0,,0
3757,194,158,2.3,42,0,36,6.0,1
4050,86,63,5.8,15,0,23,29.0,1
4926,26,135,2.7,20,30,0,95.0,0
3850,2,73,5.0,32,54,0,,0
3510,179,162,2.3,23,0,17,,0
1199,219,147,2.5,56,0,72,19.0,1
1289,40,56,6.5,8,16,0,31.0,0
4082,148,214,1.7,53,0,0,,0
4949,41,58,6.3,43,15,0,16.0,1
4970,182,171,2.1,18,0,11,,0
4804,84,120,3.0,36,0,0,68.0,0
3057,139,391,0.9,51,0,0,257.0,0
4153,42,75,4.9,23,14,0,21.0,1
2361,79,68,5.4,22,0,11,12.0,1
4851,78,88,4.1,34,0,0,25.0,1
4546,26,70,5.2,20,30,0,43.0,0
3933,60,170,2.1,35,0,0,128.0,0
1178,27,56,6.5,16,29,0,,0
4666,80,56,6.5,1,0,24,25.0,1
4816,27,56,6.5,49,29,0,11.0,1
4424,178,192,1.9,44,0,0,2.0,1
2112,257,353,1.0,51,0,0,92.0,0
1619,7,82,4.5,57,49,0,,0
4258,30,78,4.7,42,26,0,38.0,0
1513,31,95,3.8,52,25,0,40.0,0
1769,189,228,1.6,13,0,0,33.0,0
1132,20,56,6.5,31,36,0,,0
4733,2,108,3.4,46,54,0,86.0,0
2527,71,196,1.9,48,0,0,,0
3976,103,134,2.7,26,0,0,21.0,1
4563,30,104,3.5,24,26,0,,0
3372,30,200,1.8,28,26,0,155.0,0
2691,92,56,6.5,33,0,36,24.0,1
4513,211,154,2.4,24,0,57,29.0,1
2677,56,56,6.5,50,0,0,15.0,1
4687,11,56,6.5,3,45,0,50.0,0
2130,24,135,2.7,46,32,0,,0
1561,89,270,1.4,49,0,0,,0
2737,3,80,4.6,24,53,0,67.0,0
1168,19,192,1.9,46,37,0,168.0,0
4726,437,326,1.1,53,0,111,16.0,1
4017,113,257,1.4,57,0,0,140.0,0
4395,400,334,1.1,8,0,66,,0
3858,99,162,2.3,44,0,0,59.0,0
2974,78,95,3.8,14,0,0,,0
1816,10,56,6.5,2,46,0,39.0,0
3556,38,73,5.0,6,18,0,8.0,1
3193,9,56,6.5,12,47,0,31.0,0
3896,230,511,0.7,36,0,0,273.0,0
4166,48,78,4.7,26,8,0,34.0,0
4063,126,99,3.7,29,0,27,,0
1992,149,139,2.6,4,0,10,,0
3456,52,93,3.9,30,4,0,41.0,0
4467,269,349,1.0,48,0,0,61.0,0
3998,4,56,6.5,52,52,0,,0
3862,44,105,3.5,16,12,0,,0
4028,8,56,6.5,56,48,0,,0
4024,114,56,6.5,8,0,58,5.0,1
4667,46,56,6.5,32,10,0,,0
3652,116,87,4.2,35,0,29,,0
3114,26,63,5.8,40,30,0,47.0,0
1710,31,56,6.5,24,25,0,23.0,1
1959,73,56,6.5,31,0,17,,0
2595,38,84,4.3,45,18,0,38.0,0
2888,25,56,6.5,39,31,0,9.0,1
4289,178,165,2.2,34,0,13,,0
4283,125,96,3.8,5,0,29,20.0,1
1938,32,56,6.5,14,24,0,11.0,1
3468,31,70,5.2,37,25,0,,0
2183,14,56,6.5,36,42,0,5.0,1
4554,50,116,3.1,17,6,0,,0
1340,379,263,1.4,20,0,116,22.0,1
3227,23,56,6.5,1,33,0,16.0,1
4636,97,98,3.7,16,0,0,,0
4944,55,79,4.6,43,1,0,,0
2277,94,154,2.4,23,0,0,61.0,0
2019,153,106,3.4,11,0,47,20.0,1
4255,71,56,6.5,49,0,15,16.0,1
1839,84,69,5.3,4,0,15,15.0,1
3433,83,56,6.5,48,0,27,6.0,1
3290,16,212,1.7,44,40,0,196.0,0
2551,18,91,4.0,23,38,0,,0
4930,458,411,0.9,31,0,47,14.0,1
2955,52,85,4.3,31,4,0,37.0,0
1137,27,56,6.5,5,29,0,10.0,1
4419,44,56,6.5,27,12,0,17.0,1
3640,95,56,6.5,29,0,39,21.0,1
4837,33,56,6.5,13,23,0,3.0,1
1125,57,111,3.3,45,0,0,54.0,0
4416,168,135,2.7,35,0,33,,0
4278,39,56,6.5,9,17,0,25.0,1
4473,7,184,2.0,50,49,0,143.0,0
4931,51,61,6.0,18,5,0,,0
4838,123,101,3.6,15,0,22,20.0,1
1257,114,326,1.1,24,0,0,,0
2151,96,184,2.0,31,0,0,77.0,0
4367,32,72,5.1,53,24,0,40.0,0
1553,2,56,6.5,47,54,0,,0
2246,18,56,6.5,7,38,0,19.0,1
1606,11,56,6.5,9,45,0,21.0,1
3712,61,76,4.8,59,0,0,,0
2664,36,56,6.5,16,20,0,,0
2745,66,81,4.5,34,0,0,2.0,1
4599,44,95,3.8,32,12,0,69.0,0
3217,43,75,4.9,23,13,0,35.0,0
3724,10,56,6.5,55,46,0,36.0,0
3408,26,103,3.5,20,30,0,88.0,0
2001,21,128,2.9,45,35,0,98.0,0
1548,30,56,6.5,55,26,0,,0
1710,133,278,1.3,36,0,0,,0
3181,140,83,4.4,46,0,57,,0
2485,113,91,4.0,9,0,22,,0
4477,121,158,2.3,14,0,0,23.0,1
1369,55,108,3.4,43,1,0,50.0,0
1862,121,192,1.9,20,0,0,,0
4820,110,113,3.2,13,0,0,9.0,1
4785,12,56,6.5,17,44,0,42.0,0
1173,41,120,3.0,22,15,0,71.0,0
2319,37,56,6.5,5,19,0,,0
2333,161,98,3.7,36,0,63,,0
2069,17,87,4.2,59,39,0,74.0,0
1419,95,76,4.8,32,0,19,7.0,1
4702,62,81,4.5,29,0,0,2.0,1
1296,30,56,6.5,45,26,0,8.0,1
2765,56,58,6.3,12,0,0,21.0,1
3913,85,96,3.8,35,0,0,,0
3882,46,102,3.6,4,10,0,57.0,0
2917,18,56,6.5,17,38,0,,0
1790,308,247,1.5,21,0,61,14.0,1
4242,75,56,6.5,18,0,19,10.0,1
1316,144,195,1.9,47,0,0,,0
4344,25,126,2.9,39,31,0,,0
3780,83,56,6.5,9,0,27,,0
4776,347,372,1.0,14,0,0,12.0,1
2538,53,56,6.5,54,3,0,9.0,1
4149,44,187,2.0,54,12,0,167.0,0
4274,146,200,1.8,42,0,0,72.0,0
3077,5,56,6.5,42,51,0,31.0,0
4092,81,274,1.3,51,0,0,,0
1143,55,73,5.0,24,1,0,,0
2773,12,113,3.2,13,44,0,,0
1829,146,110,3.3,35,0,36,8.0,1
3619,87,80,4.6,16,0,7,,0
3674,99,172,2.1,43,0,0,83.0,0
4464,246,169,2.2,4,0,77,26.0,1
3806,96,56,6.5,3,0,40,2.0,1
4649,359,255,1.4,34,0,104,14.0,1
3969,15,56,6.5,15,41,0,37.0,0
3409,272,205,1.8,31,0,67,21.0,1
4394,295,221,1.7,1,0,74,,0
2294,122,56,6.5,1,0,66,13.0,1
2803,1,64,5.7,33,55,0,40.0,0
1530,16,56,6.5,26,40,0,33.0,0
4816,48,75,4.9,53,8,0,14.0,1
1525,31,70,5.2,42,25,0,44.0,0
2166,14,167,2.2,1,42,0,163.0,0
4670,242,256,1.4,16,0,0,,0
4338,248,274,1.3,37,0,0,24.0,1
3110,4,57,6.4,52,52,0,,0
3858,34,76,4.8,50,22,0,36.0,0
1194,4,56,6.5,35,52,0,53.0,0
3730,5,56,6.5,8,51,0,25.0,1
2664,244,194,1.9,47,0,50,11.0,1
2155,386,327,1.1,35,0,59,22.0,1
1852,84,56,6.5,51,0,28,23.0,1
4096,15,56,6.5,2,41,0,26.0,1
2875,49,88,4.1,44,7,0,33.0,0
1073,110,112,3.3,53,0,0,4.0,1
1209,91,56,6.5,18,0,35,1.0,1
1224,35,126,2.9,10,21,0,,0
4636,4,61,6.0,10,52,0,,0
1418,84,88,4.1,45,0,0,7.0,1
1408,110,139,2.6,12,0,0,,0
1130,6,90,4.1,39,50,0,,0
3994,90,63,5.8,58,0,27,5.0,1
3225,54,82,4.5,24,2,0,38.0,0
4596,51,83,4.4,48,5,0,27.0,1
3338,62,66,5.5,22,0,0,31.0,0
4544,36,73,5.0,41,20,0,31.0,0
3998,232,323,1.1,5,0,0,57.0,0
3193,91,140,2.6,22,0,0,71.0,0
3994,29,71,5.1,4,27,0,48.0,0
2053,115,157,2.3,41,0,0,,0
3087,69,68,5.4,18,0,1,22.0,1
4693,307,230,1.6,30,0,77,17.0,1
2053,37,120,3.0,46,19,0,89.0,0
2209,9,82,4.5,33,47,0,74.0,0
2367,38,128,2.9,59,18,0,,0
1601,33,56,6.5,22,23,0,4.0,1
3880,49,56,6.5,6,7,0,,0
2376,13,56,6.5,38,43,0,,0
2095,121,100,3.6,46,0,21,11.0,1
2035,360,359,1.0,48,0,1,9.0,1
4463,813,536,0.7,38,0,277,14.0,1
2994,42,149,2.4,52,14,0,100.0,0
3125,161,134,2.7,11,0,27,,0
2297,27,56,6.5,46,29,0,11.0,1
4307,19,58,6.3,41,37,0,29.0,1
2127,34,56,6.5,7,22,0,13.0,1
4648,91,56,6.5,24,0,35,,0
4796,48,78,4.7,8,8,0,29.0,1
3441,3,61,6.0,12,53,0,63.0,0
4108,61,56,6.5,10,0,5,6.0,1
1284,12,163,2.2,11,44,0,,0
2709,74,56,6.5,20,0,18,,0
2127,7,109,3.3,38,49,0,75.0,0
1727,403,473,0.8,44,0,0,53.0,0
4961,54,56,6.5,23,2,0,2.0,1
4371,101,56,6.5,22,0,45,20.0,1
3979,20,71,5.1,45,36,0,67.0,0
2553,71,217,1.7,22,0,0,147.0,0
3638,441,431,0.8,39,0,10,4.0,1
2951,27,56,6.5,41,29,0,,0
3021,29,133,2.7,56,27,0,,0
4306,47,62,5.9,3,9,0,18.0,1
3412,89,82,4.5,35,0,7,20.0,1
2555,1042,730,0.5,16,0,312,,0
3849,89,56,6.5,18,0,33,20.0,1
1584,26,110,3.3,13,30,0,70.0,0
4496,64,130,2.8,22,0,0,,0
4574,131,214,1.7,55,0,0,57.0,0
2377,30,97,3.8,9,26,0,66.0,0
1162,147,115,3.2,6,0,32,26.0,1
4256,107,65,5.6,47,0,42,21.0,1
2399,136,111,3.3,9,0,25,2.0,1
3842,118,68,5.4,18,0,50,18.0,1
2769,228,148,2.5,52,0,80,28.0,1
3321,35,66,5.5,45,21,0,37.0,0
2940,43,121,3.0,33,13,0,59.0,0
3705,73,87,4.2,38,0,0,28.0,1
1666,269,221,1.7,51,0,48,7.0,1
1734,21,86,4.2,58,35,0,57.0,0
2947,48,56,6.5,22,8,0,9.0,1
4168,62,247,1.5,33,0,0,,0
3552,4,56,6.5,56,52,0,,0
2166,86,56,6.5,54,0,30,24.0,1
4500,31,56,6.5,44,25,0,19.0,1
4630,397,270,1.4,29,0,127,5.0,1
3422,18,56,6.5,55,38,0,,0
2827,660,730,0.5,57,0,0,62.0,0
2554,266,209,1.7,16,0,57,10.0,1
2890,181,107,3.4,4,0,74,29.0,1
1735,61,86,4.2,36,0,0,18.0,1
2068,166,113,3.2,10,0,53,,0
2126,61,136,2.7,32,0,0,113.0,0
2017,7,150,2.4,32,49,0,128.0,0
3299,113,140,2.6,14,0,0,29.0,1
4640,90,96,3.8,20,0,0,4.0,1
2867,29,76,4.8,18,27,0,,0
4702,92,79,4.6,3,0,13,,0
2180,51,77,4.7,6,5,0,24.0,1
4553,336,222,1.6,18,0,114,14.0,1
2039,90,144,2.5,32,0,0,,0
2173,54,56,6.5,9,2,0,14.0,1
3375,41,152,2.4,26,15,0,121.0,0
4382,51,105,3.5,45,5,0,57.0,0
4979,69,88,4.1,51,0,0,29.0,1
4553,59,65,5.6,42,0,0,25.0,1
3703,219,221,1.7,48,0,0,20.0,1
3870,104,192,1.9,19,0,0,,0
3862,79,56,6.5,6,0,23,,0
2531,54,124,2.9,2,2,0,46.0,0
1072,44,56,6.5,28,12,0,3.0,1
4866,9,56,6.5,48,47,0,61.0,0
3043,80,56,6.5,20,0,24,26.0,1
3670,86,179,2.0,14,0,0,96.0,0
2122,107,192,1.9,33,0,0,66.0,0
1394,139,135,2.7,4,0,4,14.0,1
2234,65,160,2.3,53,0,0,,0
1862,58,136,2.7,28,0,0,78.0,0
4726,118,56,6.5,37,0,62,,0
3484,73,127,2.9,42,0,0,36.0,0
3680,94,170,2.1,30,0,0,,0
1858,179,164,2.2,18,0,15,15.0,1
4616,229,233,1.6,9,0,0,,0
1198,79,158,2.3,7,0,0,88.0,0
3774,56,119,3.1,36,0,0,66.0,0
1355,265,211,1.7,53,0,54,,0
4093,28,88,4.1,15,28,0,77.0,0
2856,14,56,6.5,27,42,0,53.0,0
1569,12,79,4.6,49,44,0,59.0,0
2818,35,56,6.5,58,21,0,,0
2907,65,56,6.5,5,0,9,14.0,1
4530,106,80,4.6,43,0,26,11.0,1
2010,98,56,6.5,38,0,42,,0
4723,24,70,5.2,5,32,0,,0
4515,41,56,6.5,22,15,0,35.0,0
3516,122,106,3.4,23,0,16,,0
3375,20,90,4.1,13,36,0,,0
2484,56,56,6.5,6,0,0,20.0,1
4300,212,152,2.4,47,0,60,1.0,1
2568,262,190,1.9,45,0,72,,0
1625,2,56,6.5,45,54,0,45.0,0
2217,22,56,6.5,42,34,0,22.0,1
4464,71,56,6.5,34,0,15,,0
2484,50,56,6.5,2,6,0,17.0,1
2305,181,174,2.1,9,0,7,19.0,1
4756,28,77,4.7,22,28,0,26.0,1
1566,73,72,5.1,26,0,1,1.0,1
3414,25,56,6.5,20,31,0,42.0,0
1179,37,149,2.4,10,19,0,100.0,0
1392,63,56,6.5,21,0,7,2.0,1
2276,46,94,3.9,11,10,0,51.0,0
4022,159,112,3.3,53,0,47,6.0,1
4320,324,267,1.4,40,0,57,7.0,1
2158,80,56,6.5,21,0,24,4.0,1
4050,70,56,6.5,18,0,14,4.0,1
2336,21,104,3.5,2,35,0,,0
1184,603,380,1.0,53,0,223,14.0,1
1118,207,242,1.5,36,0,0,46.0,0
3376,56,106,3.4,29,0,0,,0
3893,53,60,6.1,50,3,0,18.0,1
1925,1,171,2.1,22,55,0,160.0,0
2586,41,56,6.5,16,15,0,,0
4374,40,131,2.8,24,16,0,98.0,0
1879,139,134,2.7,2,0,5,14.0,1
1083,246,210,1.7,31,0,36,,0
2006,616,730,0.5,26,0,0,116.0,0
1437,84,123,3.0,7,0,0,47.0,0
1662,75,59,6.2,36,0,16,12.0,1
2486,39,88,4.1,37,17,0,67.0,0
3745,35,56,6.5,18,21,0,23.0,1
2335,50,56,6.5,27,6,0,23.0,1
4614,43,64,5.7,30,13,0,14.0,1
3371,23,59,6.2,10,33,0,,0
1984,135,101,3.6,41,0,34,,0
1189,29,56,6.5,31,27,0,9.0,1
2650,215,220,1.7,16,0,0,19.0,1
1978,46,90,4.1,19,10,0,,0
1571,21,89,4.1,58,35,0,,0
1420,20,69,5.3,49,36,0,55.0,0
3849,84,101,3.6,36,0,0,14.0,1
4328,163,174,2.1,33,0,0,23.0,1
2320,45,56,6.5,6,11,0,,0
2758,86,56,6.5,16,0,30,11.0,1
4687,6,70,5.2,45,50,0,57.0,0
2451,4,56,6.5,4,52,0,,0
1802,9,56,6.5,52,47,0,,0
2178,81,61,6.0,9,0,20,,0
3708,38,181,2.0,25,18,0,111.0,0
2223,8,111,3.3,23,48,0,88.0,0
4409,105,105,3.5,4,0,0,1.0,1
3326,187,177,2.1,57,0,10,,0
3600,34,80,4.6,5,22,0,70.0,0
3019,61,123,3.0,26,0,0,46.0,0
1254,86,82,4.5,27,0,4,14.0,1
3524,86,111,3.3,4,0,0,,0
1463,81,56,6.5,21,0,25,28.0,1
4505,9,56,6.5,25,47,0,37.0,0
1504,24,80,4.6,11,32,0,49.0,0
3249,158,280,1.3,31,0,0,97.0,0
3512,186,188,1.9,17,0,0,8.0,1
1533,121,194,1.9,7,0,0,60.0,0
2063,269,241,1.5,41,0,28,,0
2153,56,96,3.8,27,0,0,41.0,0
2833,84,105,3.5,49,0,0,34.0,0
4485,6,56,6.5,51,50,0,74.0,0
3219,35,69,5.3,13,21,0,46.0,0
1230,168,147,2.5,55,0,21,,0
3284,74,235,1.6,31,0,0,160.0,0
1594,43,80,4.6,4,13,0,21.0,1
1009,58,62,5.9,9,0,0,11.0,1
3131,11,90,4.1,58,45,0,,0
2470,238,145,2.5,43,0,93,7.0,1
3967,86,56,6.5,45,0,30,,0
2925,56,56,6.5,30,0,0,14.0,1
1378,25,57,6.4,24,31,0,,0
4116,47,56,6.5,48,9,0,,0
3684,28,59,6.2,42,28,0,27.0,1
2681,16,79,4.6,4,40,0,99.0,0
2679,10,62,5.9,3,46,0,43.0,0
3549,229,287,1.3,53,0,0,55.0,0
2894,145,116,3.1,55,0,29,15.0,1
1615,24,114,3.2,54,32,0,78.0,0
3087,222,148,2.5,39,0,74,22.0,1
4471,13,56,6.5,29,43,0,45.0,0
2639,75,206,1.8,21,0,0,140.0,0
2870,40,84,4.3,12,16,0,,0
4967,147,153,2.4,18,0,0,11.0,1
4431,67,56,6.5,5,0,11,11.0,1
1709,22,56,6.5,23,34,0,,0
4040,121,173,2.1,17,0,0,68.0,0
3287,29,121,3.0,37,27,0,,0
4468,8,56,6.5,52,48,0,,0
2987,106,56,6.5,31,0,50,5.0,1
2503,145,221,1.7,12,0,0,,0
1561,30,56,6.5,55,26,0,,0
3204,438,335,1.1,48,0,103,1.0,1
4001,9,56,6.5,48,47,0,,0
2670,187,150,2.4,22,0,37,16.0,1
4296,43,69,5.3,39,13,0,19.0,1
3820,59,145,2.5,52,0,0,97.0,0
4833,53,58,6.3,45,3,0,8.0,1
2191,120,79,4.6,5,0,41,27.0,1
3563,31,93,3.9,56,25,0,72.0,0
1518,65,56,6.5,51,0,9,,0
1975,118,162,2.3,20,0,0,53.0,0
4620,69,59,6.2,59,0,10,,0
2648,38,74,4.9,16,18,0,13.0,1
1586,33,56,6.5,10,23,0,,0
3234,73,56,6.5,12,0,17,,0
2585,81,77,4.7,6,0,4,,0
3884,146,620,0.6,23,0,0,499.0,0
4228,25,168,2.2,58,31,0,130.0,0
4510,41,88,4.1,25,15,0,,0
3934,102,72,5.1,21,0,30,18.0,1
3648,159,91,4.0,19,0,68,6.0,1
4266,71,139,2.6,53,0,0,61.0,0
4551,25,56,6.5,34,31,0,13.0,1
1029,27,219,1.7,40,29,0,204.0,0
3451,209,159,2.3,20,0,50,3.0,1
1989,31,159,2.3,41,25,0,150.0,0
2090,145,127,2.9,3,0,18,,0
1572,54,91,4.0,7,2,0,26.0,1
2323,135,154,2.4,3,0,0,22.0,1
2591,221,144,2.5,43,0,77,11.0,1
1078,55,67,5.4,44,1,0,,0
1955,58,56,6.5,45,0,2,10.0,1
4240,62,97,3.8,4,0,0,22.0,1
1845,365,310,1.2,34,0,55,11.0,1
2831,68,56,6.5,6,0,12,7.0,1
3865,77,56,6.5,21,0,21,5.0,1
4209,65,102,3.6,44,0,0,,0
4856,121,93,3.9,42,0,28,,0
3062,77,103,3.5,58,0,0,29.0,1
2628,32,109,3.3,52,24,0,76.0,0
2716,52,75,4.9,4,4,0,24.0,1
2505,279,296,1.2,49,0,0,11.0,1
3018,71,56,6.5,12,0,15,15.0,1
2992,30,56,6.5,51,26,0,38.0,0
4122,35,82,4.5,21,21,0,,0
3768,76,56,6.5,47,0,20,4.0,1
4192,16,78,4.7,34,40,0,,0
4137,375,340,1.1,7,0,35,19.0,1
4097,6,91,4.0,51,50,0,,0
3853,14,108,3.4,59,42,0,97.0,0
2002,57,56,6.5,40,0,1,23.0,1
3940,53,56,6.5,50,3,0,6.0,1
1859,34,66,5.5,46,22,0,26.0,1
2309,16,69,5.3,40,40,0,52.0,0
1746,124,250,1.5,21,0,0,,0
4126,36,140,2.6,25,20,0,60.0,0
1648,42,56,6.5,57,14,0,22.0,1
4067,79,109,3.3,6,0,0,52.0,0
3831,74,134,2.7,27,0,0,,0
4095,172,224,1.6,35,0,0,41.0,0
1213,473,318,1.1,44,0,155,,0
1787,40,56,6.5,1,16,0,,0
3109,8,56,6.5,17,48,0,53.0,0
3099,56,56,6.5,5,0,0,12.0,1
4709,69,74,4.9,44,0,0,,0
4405,8,130,2.8,58,48,0,,0
4123,54,198,1.8,32,2,0,138.0,0
1298,144,84,4.3,18,0,60,4.0,1
1607,13,69,5.3,45,43,0,36.0,0
1649,37,101,3.6,58,19,0,62.0,0
1321,58,56,6.5,41,0,2,,0
3374,402,478,0.8,35,0,0,79.0,0
2984,8,56,6.5,36,48,0,27.0,1
1612,108,104,3.5,42,0,4,29.0,1
1014,5,454,0.8,10,51,0,,0
3378,61,90,4.1,2,0,0,,0
3643,75,77,4.7,18,0,0,8.0,1
2329,48,67,5.4,35,8,0,,0
4112,33,77,4.7,43,23,0,,0
1059,100,269,1.4,22,0,0,,0
3336,32,56,6.5,55,24,0,,0
3867,146,306,1.2,5,0,0,165.0,0
2701,73,56,6.5,47,0,17,,0
1467,5,72,5.1,24,51,0,79.0,0
3425,7,63,5.8,32,49,0,,0
1191,90,144,2.5,49,0,0,,0
3441,63,56,6.5,34,0,7,12.0,1
3399,70,130,2.8,37,0,0,61.0,0
1611,608,454,0.8,49,0,154,18.0,1
1314,5,56,6.5,11,51,0,,0
4211,18,104,3.5,10,38,0,94.0,0
3617,64,56,6.5,23,0,8,21.0,1
1216,82,126,2.9,51,0,0,44.0,0
1008,96,91,4.0,38,0,5,,0
1944,78,56,6.5,10,0,22,2.0,1
2468,104,132,2.8,43,0,0,,0
3128,175,381,1.0,7,0,0,,0
2741,36,77,4.7,48,20,0,,0
3519,20,160,2.3,53,36,0,,0
4688,22,56,6.5,13,34,0,18.0,1
3810,44,56,6.5,23,12,0,,0
3610,196,131,2.8,11,0,65,3.0,1
1428,59,295,1.2,35,0,0,228.0,0
4138,132,119,3.1,8,0,13,,0
1369,89,70,5.2,23,0,19,15.0,1
1360,7,89,4.1,36,49,0,69.0,0
4151,45,56,6.5,7,11,0,19.0,1
2553,108,146,2.5,10,0,0,58.0,0
4814,230,182,2.0,12,0,48,,0
4004,5,62,5.9,31,51,0,,0
3225,62,61,6.0,11,0,1,32.0,0
1653,59,111,3.3,37,0,0,32.0,0
1649,94,63,5.8,26,0,31,,0
3437,48,85,4.3,5,8,0,28.0,1
1770,29,482,0.8,51,27,0,,0
2648,107,73,5.0,47,0,34,7.0,1
4669,36,67,5.4,7,20,0,20.0,1
1385,61,56,6.5,36,0,5,7.0,1
4814,50,163,2.2,7,6,0,99.0,0
3891,128,77,4.7,39,0,51,,0
4960,68,56,6.5,42,0,12,21.0,1
4968,347,259,1.4,36,0,88,10.0,1
3995,339,280,1.3,50,0,59,,0
2124,4,56,6.5,54,52,0,58.0,0
1140,18,56,6.5,6,38,0,,0
1543,273,201,1.8,21,0,72,26.0,1
1920,87,56,6.5,1,0,31,,0
3546,121,169,2.2,2,0,0,50.0,0
2445,53,56,6.5,55,3,0,6.0,1
4460,167,183,2.0,3,0,0,11.0,1
2892,39,56,6.5,39,17,0,16.0,1
1913,71,161,2.3,34,0,0,,0
1137,10,91,4.0,14,46,0,,0
4252,76,56,6.5,59,0,20,3.0,1
2746,27,64,5.7,57,29,0,32.0,0
4489,198,155,2.4,25,0,43,27.0,1
4613,6,97,3.8,37,50,0,101.0,0
2951,134,143,2.6,37,0,0,36.0,0
1650,16,437,0.8,16,40,0,,0
1597,23,56,6.5,15,33,0,35.0,0
3205,59,328,1.1,48,0,0,,0
2536,48,97,3.8,24,8,0,47.0,0
3053,33,56,6.5,41,23,0,20.0,1
3637,50,56,6.5,8,6,0,,0
4767,135,77,4.7,58,0,58,19.0,1
4266,179,188,1.9,54,0,0,26.0,1
3105,32,81,4.5,2,24,0,43.0,0
1998,301,301,1.2,42,0,0,,0
2230,8,56,6.5,26,48,0,40.0,0
2630,87,89,4.1,18,0,0,12.0,1
2279,57,56,6.5,18,0,1,5.0,1
4581,44,120,3.0,19,12,0,70.0,0
1891,284,183,2.0,37,0,101,,0
3194,38,64,5.7,33,18,0,,0
1956,11,56,6.5,32,45,0,27.0,1
1829,112,105,3.5,25,0,7,,0
1981,9,127,2.9,27,47,0,,0
4910,75,124,2.9,21,0,0,40.0,0
2242,57,241,1.5,23,0,0,,0
3978,60,56,6.5,11,0,4,2.0,1
4242,153,155,2.4,21,0,0,20.0,1
2540,232,233,1.6,43,0,0,9.0,1
2151,33,56,6.5,31,23,0,22.0,1
4117,145,116,3.1,58,0,29,26.0,1
1802,54,60,6.1,35,2,0,14.0,1
3403,100,84,4.3,35,0,16,,0
4172,6,118,3.1,16,50,0,116.0,0
2659,90,60,6.1,52,0,30,24.0,1
1726,34,56,6.5,47,22,0,,0
2795,2,92,4.0,31,54,0,86.0,0
2468,32,56,6.5,13,24,0,,0
2281,56,56,6.5,42,0,0,,0
1100,191,155,2.4,19,0,36,9.0,1
1162,16,56,6.5,10,40,0,,0
3605,22,153,2.4,48,34,0,,0
2027,192,130,2.8,38,0,62,,0
3810,11,56,6.5,5,45,0,22.0,1
4455,54,56,6.5,47,2,0,4.0,1
2467,270,233,1.6,49,0,37,,0
2583,77,56,6.5,4,0,21,24.0,1
2399,48,62,5.9,40,8,0,1.0,1
2539,46,130,2.8,12,10,0,94.0,0
2733,74,168,2.2,45,0,0,128.0,0
4634,74,73,5.0,41,0,1,9.0,1
4088,54,56,6.5,26,2,0,6.0,1
2283,47,280,1.3,47,9,0,229.0,0
3389,86,361,1.0,43,0,0,,0
3744,164,196,1.9,15,0,0,,0
1980,173,96,3.8,32,0,77,20.0,1
2995,45,56,6.5,29,11,0,16.0,1
3694,21,56,6.5,54,35,0,30.0,1
3991,179,136,2.7,30,0,43,9.0,1
3907,45,125,2.9,29,11,0,97.0,0
1237,249,276,1.3,27,0,0,23.0,1
1844,177,151,2.4,15,0,26,13.0,1
3026,17,56,6.5,36,39,0,59.0,0
2514,229,208,1.8,28,0,21,22.0,1
2184,18,56,6.5,16,38,0,,0
4559,37,66,5.5,10,19,0,,0
1844,40,109,3.3,34,16,0,,0
4267,567,444,0.8,12,0,123,,0
2151,727,730,0.5,25,0,0,,0
1439,51,146,2.5,8,5,0,100.0,0
2304,103,77,4.7,53,0,26,19.0,1
2010,33,138,2.6,56,23,0,94.0,0
4155,108,183,2.0,54,0,0,57.0,0
4429,129,69,5.3,49,0,60,,0
3210,372,378,1.0,32,0,0,1.0,1
2352,39,108,3.4,24,17,0,71.0,0
2629,32,134,2.7,5,24,0,,0
3470,3,153,2.4,19,53,0,158.0,0
3070,110,126,2.9,11,0,0,21.0,1
1394,107,176,2.1,17,0,0,71.0,0
4150,74,56,6.5,28,0,18,21.0,1
4822,1,57,6.4,24,55,0,65.0,0
4188,21,56,6.5,38,35,0,,0
4861,105,127,2.9,12,0,0,25.0,1
4408,203,167,2.2,31,0,36,17.0,1
2966,69,129,2.8,7,0,0,55.0,0
4339,171,343,1.1,48,0,0,182.0,0
3290,108,89,4.1,3,0,19,19.0,1
2442,73,153,2.4,12,0,0,,0
2313,8,56,6.5,26,48,0,55.0,0
3176,27,66,5.5,40,29,0,48.0,0
2272,259,157,2.3,3,0,102,27.0,1
2183,222,177,2.1,47,0,45,2.0,1
2923,32,71,5.1,53,24,0,21.0,1
4479,111,85,4.3,38,0,26,,0
4526,33,56,6.5,29,23,0,,0
3556,2,67,5.4,40,54,0,67.0,0
2355,21,183,2.0,44,35,0,,0
3965,78,142,2.6,45,0,0,61.0,0
2264,113,134,2.7,21,0,0,24.0,1
1930,39,93,3.9,49,17,0,81.0,0
2492,51,90,4.1,49,5,0,37.0,0
1412,38,56,6.5,29,18,0,7.0,1
1112,222,157,2.3,59,0,65,15.0,1
3960,54,126,2.9,54,2,0,37.0,0
3203,198,133,2.7,29,0,65,,0
4374,9,59,6.2,46,47,0,57.0,0
1424,68,56,6.5,26,0,12,16.0,1
3064,215,216,1.7,16,0,0,1.0,1
3563,68,61,6.0,11,0,7,,0
4575,40,56,6.5,38,16,0,19.0,1
4112,242,156,2.3,26,0,86,13.0,1
1645,6,65,5.6,30,50,0,49.0,0
2963,84,210,1.7,42,0,0,121.0,0
2175,112,147,2.5,39,0,0,12.0,1
2077,141,155,2.4,23,0,0,24.0,1
3759,29,56,6.5,9,27,0,33.0,0
4062,117,237,1.5,28,0,0,109.0,0
1872,54,110,3.3,22,2,0,,0
3394,52,66,5.5,42,4,0,,0
3686,43,100,3.6,28,13,0,44.0,0
4870,54,56,6.5,12,2,0,23.0,1
2288,60,124,2.9,19,0,0,86.0,0
4793,1,56,6.5,44,55,0,33.0,0
1820,37,56,6.5,19,19,0,14.0,1
1635,35,56,6.5,47,21,0,47.0,0
1001,9,219,1.7,20,47,0,222.0,0
4285,71,56,6.5,38,0,15,7.0,1
1403,119,307,1.2,47,0,0,,0
1887,95,58,6.3,20,0,37,18.0,1
1873,50,56,6.5,48,6,0,7.0,1
4843,87,56,6.5,2,0,31,29.0,1
4301,264,241,1.5,23,0,23,19.0,1
4755,93,79,4.6,18,0,14,,0
3877,74,58,6.3,21,0,16,19.0,1
2292,4,102,3.6,31,52,0,,0
4184,116,134,2.7,5,0,0,,0
2171,66,220,1.7,8,0,0,156.0,0
2157,13,286,1.3,43,43,0,281.0,0
3702,32,67,5.4,15,24,0,,0
1199,52,56,6.5,58,4,0,,0
3623,52,64,5.7,37,4,0,12.0,1
3557,29,110,3.3,14,27,0,66.0,0
2629,2,56,6.5,28,54,0,17.0,1
2955,8,56,6.5,10,48,0,25.0,1
2187,154,118,3.1,6,0,36,17.0,1
3178,59,86,4.2,46,0,0,9.0,1
1346,17,92,4.0,20,39,0,,0
1221,46,56,6.5,4,10,0,27.0,1
4194,43,74,4.9,46,13,0,22.0,1
3511,48,56,6.5,3,8,0,16.0,1
3087,230,183,2.0,31,0,47,,0
1421,200,206,1.8,50,0,0,17.0,1
1979,58,56,6.5,20,0,2,2.0,1
3092,64,56,6.5,43,0,8,7.0,1
1189,26,56,6.5,25,30,0,,0
2748,48,56,6.5,25,8,0,21.0,1
2233,108,84,4.3,12,0,24,12.0,1
3664,8,56,6.5,48,48,0,,0
3935,37,56,6.5,20,19,0,,0
3654,20,56,6.5,41,36,0,35.0,0
2601,125,106,3.4,53,0,19,,0
3071,36,95,3.8,43,20,0,,0
4845,8,56,6.5,28,48,0,88.0,0
4453,91,103,3.5,31,0,0,,0
4565,4,58,6.3,57,52,0,,0
2360,25,72,5.1,9,31,0,,0
3905,280,343,1.1,57,0,0,,0
3030,6,263,1.4,9,50,0,275.0,0
3547,67,56,6.5,39,0,11,28.0,1
3532,258,174,2.1,9,0,84,,0
1641,216,172,2.1,33,0,44,,0
1537,82,56,6.5,36,0,26,3.0,1
4115,214,173,2.1,38,0,41,27.0,1
1996,42,308,1.2,22,14,0,,0
4584,41,56,6.5,43,15,0,6.0,1
3689,20,56,6.5,49,36,0,54.0,0
4296,145,203,1.8,1,0,0,26.0,1
1778,78,111,3.3,14,0,0,64.0,0
1413,63,139,2.6,17,0,0,84.0,0
4617,93,118,3.1,24,0,0,20.0,1
3876,84,123,3.0,49,0,0,53.0,0
1346,111,56,6.5,9,0,55,8.0,1
3154,282,208,1.8,10,0,74,6.0,1
2222,337,229,1.6,18,0,108,4.0,1
4430,74,74,4.9,9,0,0,24.0,1
4814,56,86,4.2,57,0,0,,0
4329,42,56,6.5,13,14,0,,0
2087,185,135,2.7,43,0,50,,0
1605,48,142,2.6,34,8,0,65.0,0
4823,42,85,4.3,4,14,0,,0
1386,142,221,1.7,43,0,0,63.0,0
3430,30,68,5.4,31,26,0,28.0,1
4521,38,141,2.6,31,18,0,115.0,0
1157,75,56,6.5,27,0,19,1.0,1
3148,107,88,4.1,41,0,19,,0
1476,89,78,4.7,25,0,11,2.0,1
4746,95,107,3.4,24,0,0,3.0,1
3681,28,66,5.5,12,28,0,27.0,1
4301,18,81,4.5,21,38,0,45.0,0
2685,160,174,2.1,17,0,0,32.0,0
2274,47,63,5.8,2,9,0,22.0,1
1228,17,56,6.5,28,39,0,36.0,0
1593,117,364,1.0,14,0,0,240.0,0
4901,185,271,1.3,52,0,0,90.0,0
2511,66,56,6.5,9,0,10,14.0,1
4692,82,156,2.3,4,0,0,61.0,0
3613,52,60,6.1,5,4,0,17.0,1
2505,90,111,3.3,49,0,0,38.0,0
2723,138,113,3.2,13,0,25,28.0,1
4564,105,74,4.9,21,0,31,,0
4184,13,56,6.5,14,43,0,35.0,0
1549,48,56,6.5,18,8,0,,0
4357,6,56,6.5,9,50,0,31.0,0
3433,72,56,6.5,26,0,16,2.0,1
1019,74,85,4.3,42,0,0,1.0,1
3511,34,56,6.5,44,22,0,,0
4651,180,155,2.4,27,0,25,10.0,1
4951,290,295,1.2,41,0,0,,0
3764,126,56,6.5,21,0,70,5.0,1
1205,41,109,3.3,56,15,0,80.0,0
2544,182,134,2.7,30,0,48,,0
4819,66,131,2.8,44,0,0,52.0,0
1397,111,95,3.8,10,0,16,7.0,1
2802,259,163,2.2,32,0,96,19.0,1
1505,83,132,2.8,6,0,0,,0
1265,5,56,6.5,26,51,0,,0
3013,100,180,2.0,24,0,0,81.0,0
2222,171,183,2.0,41,0,0,32.0,0
2336,38,56,6.5,52,18,0,29.0,1
2029,13,92,4.0,46,43,0,,0
4984,68,155,2.4,14,0,0,80.0,0
2292,17,76,4.8,45,39,0,,0
3618,132,212,1.7,26,0,0,59.0,0
3862,296,596,0.6,36,0,0,310.0,0
4833,59,56,6.5,7,0,3,2.0,1
2403,8,56,6.5,37,48,0,,0
2143,64,114,3.2,36,0,0,29.0,1
3819,135,160,2.3,50,0,0,16.0,1
1537,26,74,4.9,2,30,0,28.0,1
3591,120,287,1.3,29,0,0,166.0,0
1951,31,56,6.5,20,25,0,3.0,1
1450,118,156,2.3,42,0,0,21.0,1
2418,22,56,6.5,56,34,0,16.0,1
3933,121,356,1.0,40,0,0,237.0,0
3003,276,443,0.8,55,0,0,,0
3489,73,56,6.5,52,0,17,27.0,1
4891,113,57,6.4,55,0,56,10.0,1
4228,235,179,2.0,9,0,56,,0
4201,96,66,5.5,31,0,30,,0
2258,31,86,4.2,56,25,0,,0
4523,75,91,4.0,21,0,0,,0
4120,53,56,6.5,35,3,0,18.0,1
3416,101,89,4.1,29,0,12,,0
1404,67,56,6.5,18,0,11,1.0,1
4600,5,60,6.1,52,51,0,17.0,1
4180,268,285,1.3,30,0,0,15.0,1
3764,53,56,6.5,13,3,0,25.0,1
2119,251,172,2.1,11,0,79,,0
2522,58,72,5.1,25,0,0,,0
3946,4,71,5.1,26,52,0,67.0,0
2577,37,169,2.2,20,19,0,,0
2711,184,118,3.1,25,0,66,,0
2139,58,142,2.6,10,0,0,68.0,0
1350,163,195,1.9,53,0,0,40.0,0
1670,30,69,5.3,13,26,0,15.0,1
2661,26,56,6.5,32,30,0,16.0,1
1384,4,56,6.5,35,52,0,61.0,0
3395,15,56,6.5,54,41,0,42.0,0
2622,100,730,0.5,25,0,0,,0
2651,322,243,1.5,24,0,79,19.0,1
3550,50,56,6.5,29,6,0,4.0,1
4652,8,56,6.5,35,48,0,,0
3560,86,132,2.8,52,0,0,39.0,0
1847,91,139,2.6,52,0,0,52.0,0
1202,129,139,2.6,49,0,0,18.0,1
1035,8,73,5.0,21,48,0,40.0,0
4684,119,81,4.5,12,0,38,,0
4919,22,117,3.1,45,34,0,80.0,0
1698,58,96,3.8,48,0,0,,0
1572,15,56,6.5,51,41,0,35.0,0
3379,48,74,4.9,7,8,0,,0
2757,14,56,6.5,7,42,0,,0
3795,35,103,3.5,21,21,0,95.0,0
4331,283,730,0.5,53,0,0,,0
1118,71,120,3.0,17,0,0,32.0,0
2328,72,70,5.2,47,0,2,,0
2832,214,188,1.9,4,0,26,21.0,1
4813,68,132,2.8,45,0,0,46.0,0
2211,135,125,2.9,49,0,10,,0
2223,1,146,2.5,33,55,0,,0
2223,548,466,0.8,8,0,82,27.0,1
2912,70,56,6.5,57,0,14,10.0,1
3836,126,131,2.8,18,0,0,13.0,1
1039,25,56,6.5,16,31,0,31.0,0
4015,21,140,2.6,31,35,0,111.0,0
3908,15,56,6.5,48,41,0,62.0,0
3894,111,64,5.7,41,0,47,,0
2613,102,71,5.1,17,0,31,,0
2637,11,196,1.9,29,45,0,201.0,0
2481,252,187,2.0,41,0,65,24.0,1
4802,34,56,6.5,17,22,0,12.0,1
4239,57,94,3.9,26,0,0,46.0,0
1244,91,56,6.5,10,0,35,26.0,1
4994,55,56,6.5,15,1,0,14.0,1
1169,68,75,4.9,31,0,0,9.0,1
2895,81,70,5.2,40,0,11,6.0,1
2273,261,627,0.6,49,0,0,374.0,0
3941,128,127,2.9,8,0,1,28.0,1
1482,57,56,6.5,49,0,1,,0
1419,31,57,6.4,45,25,0,28.0,1
1650,311,203,1.8,40,0,108,,0
3124,329,478,0.8,2,0,0,143.0,0
1034,67,56,6.5,53,0,11,,0
2524,31,56,6.5,15,25,0,24.0,1
2876,187,402,0.9,55,0,0,216.0,0
1292,164,122,3.0,24,0,42,21.0,1
4563,64,56,6.5,28,0,8,11.0,1
1139,118,138,2.6,6,0,0,32.0,0
2457,62,56,6.5,40,0,6,3.0,1
4992,64,90,4.1,3,0,0,,0
4035,78,117,3.1,16,0,0,35.0,0
1830,71,188,1.9,55,0,0,109.0,0
3422,8,56,6.5,55,48,0,10.0,1
4691,13,96,3.8,2,43,0,83.0,0
1503,19,56,6.5,10,37,0,21.0,1
3513,131,110,3.3,3,0,21,,0
4337,8,56,6.5,56,48,0,49.0,0
4897,57,64,5.7,11,0,0,7.0,1
1102,1,56,6.5,47,55,0,49.0,0
2538,168,151,2.4,25,0,17,23.0,1
1708,10,178,2.1,2,46,0,196.0,0
2846,116,74,4.9,9,0,42,4.0,1
2931,55,92,4.0,19,1,0,39.0,0
2997,4,56,6.5,49,52,0,47.0,0
1300,99,70,5.2,59,0,29,2.0,1
4752,26,86,4.2,30,30,0,,0
4423,475,730,0.5,1,0,0,243.0,0
4753,12,56,6.5,23,44,0,,0
2568,389,290,1.3,40,0,99,,0
3885,210,199,1.8,1,0,11,,0
1477,61,112,3.3,11,0,0,23.0,1
2541,268,367,1.0,16,0,0,89.0,0
1478,52,121,3.0,29,4,0,80.0,0
4969,112,122,3.0,55,0,0,20.0,1
4225,20,86,4.2,39,36,0,63.0,0
3095,334,239,1.5,47,0,95,20.0,1
4807,95,216,1.7,7,0,0,,0
2848,29,56,6.5,38,27,0,,0
2092,19,56,6.5,4,37,0,26.0,1
2197,17,76,4.8,36,39,0,41.0,0
4503,89,56,6.5,10,0,33,,0
3600,158,85,4.3,54,0,73,,0
1106,46,242,1.5,56,10,0,222.0,0
4599,27,62,5.9,24,29,0,,0
2203,68,86,4.2,30,0,0,2.0,1
3827,101,94,3.9,51,0,7,,0
3318,100,177,2.1,10,0,0,97.0,0
1212,87,56,6.5,44,0,31,18.0,1
1356,13,56,6.5,54,43,0,41.0,0
4604,88,106,3.4,52,0,0,,0
2944,172,235,1.6,41,0,0,,0
1720,105,60,6.1,7,0,45,7.0,1
1967,79,56,6.5,56,0,23,16.0,1
3038,213,147,2.5,33,0,66,17.0,1
1925,23,56,6.5,20,33,0,22.0,1
2824,69,56,6.5,6,0,13,9.0,1
4009,48,56,6.5,22,8,0,,0
2824,72,77,4.7,16,0,0,7.0,1
2779,4,56,6.5,16,52,0,12.0,1
2179,21,56,6.5,34,35,0,14.0,1
4161,268,184,2.0,23,0,84,16.0,1
1808,116,249,1.5,3,0,0,143.0,0
2920,176,151,2.4,22,0,25,,0
2086,35,56,6.5,28,21,0,,0
4490,12,76,4.8,19,44,0,67.0,0
4503,98,89,4.1,38,0,9,8.0,1
3538,67,145,2.5,58,0,0,,0
4110,94,153,2.4,42,0,0,,0
1147,42,56,6.5,40,14,0,26.0,1
2868,31,96,3.8,21,25,0,,0
3526,26,129,2.8,33,30,0,105.0,0
3213,12,288,1.3,3,44,0,,0
3070,81,158,2.3,33,0,0,63.0,0
1907,171,169,2.2,8,0,2,13.0,1
4333,73,96,3.8,39,0,0,31.0,0
3775,210,278,1.3,11,0,0,112.0,0
2121,154,124,2.9,42,0,30,,0
2504,21,56,6.5,28,35,0,9.0,1
1518,270,276,1.3,28,0,0,3.0,1
2842,183,157,2.3,29,0,26,26.0,1
3317,83,63,5.8,20,0,20,,0
2763,74,61,6.0,43,0,13,17.0,1
1015,162,114,3.2,31,0,48,20.0,1
4821,24,130,2.8,52,32,0,111.0,0
4734,167,105,3.5,17,0,62,25.0,1
4345,173,115,3.2,14,0,58,2.0,1
1220,272,350,1.0,36,0,0,64.0,0
2926,109,212,1.7,33,0,0,,0
2603,61,104,3.5,21,0,0,16.0,1
4352,36,191,1.9,37,20,0,156.0,0
3592,87,56,6.5,34,0,31,24.0,1
3610,68,123,3.0,42,0,0,,0
3007,160,382,1.0,18,0,0,238.0,0
4862,36,75,4.9,9,20,0,36.0,0
1817,63,56,6.5,18,0,7,14.0,1
4732,113,56,6.5,5,0,57,9.0,1
4046,2,56,6.5,12,54,0,44.0,0
1574,28,56,6.5,57,28,0,32.0,0
2940,125,66,5.5,48,0,59,1.0,1
3169,31,56,6.5,56,25,0,27.0,1
4439,114,91,4.0,2,0,23,12.0,1
3586,27,185,2.0,2,29,0,153.0,0
4280,2,56,6.5,21,54,0,49.0,0
2012,492,303,1.2,16,0,189,,0
1153,19,135,2.7,36,37,0,131.0,0
2298,320,205,1.8,35,0,115,26.0,1
4296,41,56,6.5,20,15,0,10.0,1
1057,226,178,2.1,34,0,48,5.0,1
1762,10,56,6.5,34,46,0,44.0,0
3287,140,183,2.0,20,0,0,37.0,0
2523,13,103,3.5,12,43,0,,0
2286,228,140,2.6,45,0,88,,0
4038,4,56,6.5,51,52,0,,0
2254,41,56,6.5,23,15,0,,0
3446,170,145,2.5,57,0,25,10.0,1
4137,73,56,6.5,33,0,17,,0
1449,141,130,2.8,7,0,11,,0
4280,64,56,6.5,51,0,8,13.0,1
3529,123,177,2.1,45,0,0,37.0,0
3478,20,56,6.5,4,36,0,,0
3093,192,140,2.6,48,0,52,11.0,1
4928,141,148,2.5,50,0,0,23.0,1
3031,57,56,6.5,15,0,1,13.0,1
2738,120,143,2.6,11,0,0,48.0,0
4627,67,110,3.3,5,0,0,23.0,1
3696,79,58,6.3,56,0,21,11.0,1
2094,33,56,6.5,14,23,0,14.0,1
2802,5,56,6.5,43,51,0,57.0,0
2650,62,119,3.1,50,0,0,66.0,0
1567,1,56,6.5,40,55,0,,0
3179,44,97,3.8,9,12,0,,0
3428,14,72,5.1,44,42,0,48.0,0
3340,48,154,2.4,32,8,0,91.0,0
1857,17,70,5.2,21,39,0,,0
1884,30,69,5.3,25,26,0,,0
4361,121,161,2.3,56,0,0,43.0,0
4407,158,117,3.1,18,0,41,18.0,1
2640,84,115,3.2,11,0,0,16.0,1
2070,172,131,2.8,37,0,41,,0
3077,16,56,6.5,31,40,0,29.0,1
4701,142,164,2.2,57,0,0,27.0,1
4117,231,146,2.5,31,0,85,2.0,1
3895,56,56,6.5,41,0,0,17.0,1
2605,24,74,4.9,40,32,0,,0
2568,92,87,4.2,18,0,5,,0
4121,4,80,4.6,22,52,0,90.0,0
4854,184,117,3.1,17,0,67,25.0,1
3835,91,282,1.3,45,0,0,196.0,0
4531,303,213,1.7,23,0,90,18.0,1
3044,66,56,6.5,38,0,10,,0
3942,170,148,2.5,56,0,22,26.0,1
1087,61,260,1.4,28,0,0,186.0,0
2063,152,122,3.0,7,0,30,,0
3591,225,215,1.7,34,0,10,7.0,1
3536,79,450,0.8,2,0,0,362.0,0
1096,22,204,1.8,44,34,0,,0
3671,99,109,3.3,2,0,0,16.0,1
1749,248,207,1.8,22,0,41,29.0,1
1523,125,101,3.6,58,0,24,7.0,1
3318,29,91,4.0,56,27,0,73.0,0
2210,59,67,5.4,1,0,0,10.0,1
1699,48,314,1.2,34,8,0,239.0,0
1583,33,56,6.5,37,23,0,,0
4843,327,306,1.2,57,0,21,,0
1026,98,134,2.7,11,0,0,,0
4172,39,56,6.5,27,17,0,4.0,1
4513,70,120,3.0,14,0,0,,0
1692,57,56,6.5,8,0,1,6.0,1
1973,62,148,2.5,17,0,0,,0
4066,173,182,2.0,13,0,0,8.0,1
1550,38,56,6.5,40,18,0,2.0,1
4470,7,99,3.7,47,49,0,89.0,0
3322,562,429,0.9,7,0,133,12.0,1
1628,53,60,6.1,15,3,0,12.0,1
1013,68,56,6.5,41,0,12,10.0,1
4398,322,294,1.2,46,0,28,12.0,1
2925,78,432,0.8,15,0,0,325.0,0
2953,93,90,4.1,43,0,3,13.0,1
3775,222,202,1.8,36,0,20,,0
2660,282,263,1.4,14,0,19,20.0,1
1792,87,56,6.5,30,0,31,11.0,1
2448,15,61,6.0,58,41,0,45.0,0
2624,346,240,1.5,54,0,106,,0
4889,302,346,1.1,47,0,0,52.0,0
1110,153,141,2.6,36,0,12,15.0,1
4662,17,56,6.5,14,39,0,26.0,1
2705,510,441,0.8,4,0,69,1.0,1
1322,58,58,6.3,9,0,0,,0
1867,62,68,5.4,33,0,0,,0
4521,102,118,3.1,58,0,0,27.0,1
4605,174,312,1.2,55,0,0,139.0,0
2691,62,178,2.1,8,0,0,129.0,0
4935,28,125,2.9,15,28,0,,0
1870,84,130,2.8,38,0,0,26.0,1
1216,70,93,3.9,29,0,0,45.0,0
1512,167,140,2.6,1,0,27,25.0,1
2963,40,56,6.5,38,16,0,33.0,0
3454,66,71,5.1,52,0,0,5.0,1
4844,57,109,3.3,27,0,0,67.0,0
2647,36,56,6.5,14,20,0,20.0,1
1610,62,122,3.0,8,0,0,70.0,0
2098,83,76,4.8,7,0,7,29.0,1
2678,161,366,1.0,24,0,0,198.0,0
3500,102,316,1.2,16,0,0,218.0,0
1741,49,62,5.9,1,7,0,36.0,0
1899,15,79,4.6,42,41,0,75.0,0
3987,64,84,4.3,12,0,0,23.0,1
3633,65,62,5.9,41,0,3,8.0,1
4016,11,105,3.5,10,45,0,99.0,0
4104,59,56,6.5,42,0,3,24.0,1
2211,28,56,6.5,35,28,0,,0
2641,16,148,2.5,34,40,0,,0
4629,140,148,2.5,9,0,0,7.0,1
2017,76,56,6.5,49,0,20,,0
1794,278,184,2.0,22,0,94,16.0,1
2898,24,56,6.5,37,32,0,,0
3075,47,110,3.3,12,9,0,55.0,0
3477,191,173,2.1,59,0,18,,0
1106,47,87,4.2,36,9,0,,0
4105,141,129,2.8,42,0,12,2.0,1
2436,92,59,6.2,32,0,33,,0
1607,125,76,4.8,17,0,49,,0
3174,59,76,4.8,2,0,0,,0
4640,9,56,6.5,31,47,0,25.0,1
1635,59,78,4.7,20,0,0,,0
2173,5,56,6.5,54,51,0,22.0,1
1762,3,60,6.1,38,53,0,60.0,0
3958,41,71,5.1,5,15,0,14.0,1
1538,70,73,5.0,8,0,0,11.0,1
1713,126,74,4.9,16,0,52,18.0,1
1122,59,85,4.3,32,0,0,24.0,1
3136,74,132,2.8,3,0,0,72.0,0
1571,129,181,2.0,9,0,0,52.0,0
2354,14,56,6.5,58,42,0,,0
1071,38,56,6.5,36,18,0,14.0,1
2940,1,56,6.5,33,55,0,64.0,0
1455,44,60,6.1,6,12,0,4.0,1
1292,57,67,5.4,32,0,0,,0
4991,60,56,6.5,18,0,4,,0
1621,95,56,6.5,4,0,39,15.0,1
2149,30,62,5.9,44,26,0,2.0,1
3607,110,104,3.5,46,0,6,8.0,1
2942,40,144,2.5,28,16,0,123.0,0
4323,36,57,6.4,35,20,0,20.0,1
4060,104,64,5.7,51,0,40,,0
3519,11,56,6.5,34,45,0,28.0,1
3316,13,87,4.2,56,43,0,64.0,0
2909,84,56,6.5,34,0,28,15.0,1
4302,46,142,2.6,49,10,0,70.0,0
1314,57,56,6.5,37,0,1,29.0,1
3948,71,67,5.4,33,0,4,12.0,1
3574,13,114,3.2,16,43,0,106.0,0
2559,125,104,3.5,38,0,21,,0
1842,1026,730,0.5,37,0,296,20.0,1
1951,153,119,3.1,44,0,34,,0
4024,39,56,6.5,17,17,0,23.0,1
3823,76,83,4.4,23,0,0,8.0,1
4689,61,56,6.5,11,0,5,,0
2495,23,84,4.3,51,33,0,25.0,1
2654,78,56,6.5,34,0,22,29.0,1
2893,214,187,2.0,58,0,27,,0
1986,38,57,6.4,25,18,0,3.0,1
4241,26,81,4.5,48,30,0,70.0,0
2138,7,56,6.5,19,49,0,70.0,0
1646,62,361,1.0,8,0,0,295.0,0
2018,86,69,5.3,4,0,17,21.0,1
3419,477,389,0.9,6,0,88,18.0,1
3199,52,172,2.1,24,4,0,112.0,0
4354,79,132,2.8,20,0,0,,0
2508,59,120,3.0,3,0,0,,0
3686,118,123,3.0,41,0,0,15.0,1
1364,71,56,6.5,58,0,15,11.0,1
3562,23,72,5.1,23,33,0,19.0,1
3005,139,176,2.1,57,0,0,,0
3607,48,86,4.2,19,8,0,34.0,0
4813,80,56,6.5,1,0,24,20.0,1
2941,134,86,4.2,3,0,48,20.0,1
3983,357,351,1.0,23,0,6,11.0,1
2327,339,244,1.5,1,0,95,26.0,1
3224,38,85,4.3,47,18,0,,0
4356,129,192,1.9,5,0,0,58.0,0
3761,46,67,5.4,28,10,0,18.0,1
3064,45,56,6.5,48,11,0,40.0,0
2769,57,56,6.5,5,0,1,,0
1518,178,314,1.2,19,0,0,145.0,0
3218,14,72,5.1,44,42,0,,0
2314,138,74,4.9,13,0,64,6.0,1
2703,2,70,5.2,30,54,0,62.0,0
4778,526,412,0.9,8,0,114,23.0,1
2228,359,330,1.1,17,0,29,,0
1133,281,531,0.7,25,0,0,254.0,0
2488,53,79,4.6,12,3,0,32.0,0
4841,37,114,3.2,59,19,0,74.0,0
3598,9,56,6.5,46,47,0,,0
3939,127,293,1.2,29,0,0,149.0,0
4685,70,56,6.5,43,0,14,27.0,1
3592,126,107,3.4,55,0,19,,0
4433,59,56,6.5,1,0,3,1.0,1
3198,42,56,6.5,2,14,0,1.0,1
2907,4,56,6.5,48,52,0,26.0,1
3080,9,56,6.5,34,47,0,24.0,1
4160,8,58,6.3,59,48,0,45.0,0
4661,3,58,6.3,33,53,0,33.0,0
2506,5,175,2.1,1,51,0,167.0,0
3589,63,56,6.5,10,0,7,,0
1776,104,107,3.4,18,0,0,,0
4933,324,238,1.5,22,0,86,20.0,1
4197,28,59,6.2,53,28,0,,0
2094,67,56,6.5,53,0,11,26.0,1
3109,31,74,4.9,31,25,0,,0
2735,4,231,1.6,2,52,0,219.0,0
4398,121,105,3.5,23,0,16,6.0,1
3793,22,58,6.3,3,34,0,30.0,1
1730,1,132,2.8,46,55,0,135.0,0
2176,18,56,6.5,44,38,0,,0
2198,198,155,2.4,57,0,43,17.0,1
2330,82,124,2.9,24,0,0,23.0,1
4031,10,70,5.2,25,46,0,97.0,0
4867,42,56,6.5,41,14,0,,0
1353,5,56,6.5,13,51,0,44.0,0
2395,80,138,2.6,10,0,0,,0
2225,5,240,1.5,6,51,0,240.0,0
3684,24,56,6.5,5,32,0,58.0,0
1931,181,129,2.8,50,0,52,,0
1974,28,56,6.5,39,28,0,,0
4772,42,56,6.5,16,14,0,24.0,1
2381,118,87,4.2,43,0,31,29.0,1
4906,64,56,6.5,21,0,8,,0
2739,26,56,6.5,42,30,0,17.0,1
4261,61,56,6.5,59,0,5,,0
3713,143,113,3.2,40,0,30,,0
1959,40,77,4.7,5,16,0,42.0,0
1503,2,56,6.5,33,54,0,82.0,0
2768,30,56,6.5,3,26,0,,0
4304,25,56,6.5,15,31,0,18.0,1
4333,73,129,2.8,10,0,0,67.0,0
4138,66,56,6.5,1,0,10,21.0,1
4290,49,60,6.1,10,7,0,2.0,1
4048,27,59,6.2,16,29,0,40.0,0
4853,258,273,1.3,31,0,0,9.0,1
4696,21,66,5.5,44,35,0,,0
1944,170,122,3.0,28,0,48,,0
3865,43,100,3.6,37,13,0,54.0,0
3122,41,56,6.5,27,15,0,13.0,1
2779,23,166,2.2,54,33,0,,0
2266,70,106,3.4,55,0,0,44.0,0
2680,90,135,2.7,11,0,0,17.0,1
1694,993,730,0.5,21,0,263,,0
3235,3,56,6.5,37,53,0,41.0,0
1173,470,357,1.0,38,0,113,24.0,1
1958,68,71,5.1,57,0,0,,0
1431,92,113,3.2,34,0,0,16.0,1
4133,3,86,4.2,22,53,0,,0
2779,21,64,5.7,10,35,0,48.0,0
2167,71,57,6.4,55,0,14,,0
3427,77,117,3.1,4,0,0,32.0,0
1234,45,56,6.5,44,11,0,20.0,1
4520,62,164,2.2,5,0,0,,0
1815,10,64,5.7,23,46,0,38.0,0
3613,72,56,6.5,16,0,16,7.0,1
3493,19,62,5.9,56,37,0,28.0,1
4461,12,246,1.5,19,44,0,,0
2998,67,58,6.3,15,0,9,9.0,1
1160,134,119,3.1,51,0,15,1.0,1
3246,49,56,6.5,25,7,0,11.0,1
4399,99,165,2.2,12,0,0,61.0,0
3676,162,155,2.4,33,0,7,,0
1937,398,395,0.9,42,0,3,,0
4194,68,78,4.7,8,0,0,18.0,1
2565,152,153,2.4,53,0,0,27.0,1
1518,69,97,3.8,3,0,0,34.0,0
3983,146,253,1.4,44,0,0,103.0,0
3364,6,56,6.5,39,50,0,55.0,0
4564,91,163,2.2,52,0,0,,0
3189,28,77,4.7,38,28,0,,0
2212,19,85,4.3,5,37,0,75.0,0
3367,95,96,3.8,46,0,0,,0
3614,135,110,3.3,39,0,25,5.0,1
3882,90,82,4.5,47,0,8,,0
4161,92,106,3.4,48,0,0,18.0,1
4499,290,318,1.1,32,0,0,32.0,0
1825,249,198,1.8,23,0,51,23.0,1
4233,20,180,2.0,19,36,0,168.0,0
4583,87,62,5.9,27,0,25,15.0,1
1605,77,56,6.5,21,0,21,,0
4326,140,193,1.9,34,0,0,71.0,0
2501,79,181,2.0,2,0,0,74.0,0
2464,113,292,1.2,53,0,0,,0
1668,88,56,6.5,53,0,32,5.0,1
2188,31,74,4.9,9,25,0,39.0,0
4819,6,56,6.5,31,50,0,,0
1344,46,65,5.6,56,10,0,10.0,1
3115,301,199,1.8,32,0,102,,0
2853,32,61,6.0,56,24,0,,0
3298,20,150,2.4,10,36,0,104.0,0
2024,38,77,4.7,36,18,0,,0
2735,142,116,3.1,25,0,26,25.0,1
4700,9,56,6.5,1,47,0,,0
4507,104,96,3.8,22,0,8,8.0,1
2592,16,56,6.5,5,40,0,,0
4896,96,77,4.7,51,0,19,5.0,1
1321,34,56,6.5,33,22,0,16.0,1
3896,44,236,1.5,53,12,0,214.0,0
4048,143,167,2.2,17,0,0,24.0,1
2340,121,130,2.8,22,0,0,38.0,0
4066,279,303,1.2,19,0,0,26.0,1
4891,71,56,6.5,35,0,15,,0
2386,288,364,1.0,35,0,0,56.0,0
2584,171,189,1.9,44,0,0,13.0,1
1534,13,74,4.9,19,43,0,,0
3772,185,223,1.6,27,0,0,38.0,0
3780,48,56,6.5,11,8,0,11.0,1
3372,45,56,6.5,42,11,0,,0
4935,69,56,6.5,28,0,13,,0
2023,32,58,6.3,10,24,0,30.0,1
1148,17,56,6.5,35,39,0,,0
2721,259,239,1.5,18,0,20,,0
4336,13,73,5.0,5,43,0,,0
1198,10,119,3.1,6,46,0,91.0,0
4153,38,57,6.4,22,18,0,,0
1078,37,56,6.5,30,19,0,5.0,1
2977,96,111,3.3,18,0,0,,0
3776,69,56,6.5,45,0,13,6.0,1
1175,74,85,4.3,1,0,0,9.0,1
3383,25,56,6.5,4,31,0,27.0,1
1723,210,441,0.8,42,0,0,,0
3540,44,186,2.0,48,12,0,128.0,0
3084,72,97,3.8,48,0,0,,0
3017,311,247,1.5,24,0,64,4.0,1
3162,73,56,6.5,17,0,17,,0
2028,6,139,2.6,43,50,0,127.0,0
3976,47,105,3.5,55,9,0,,0
3496,65,111,3.3,21,0,0,,0
3799,59,249,1.5,8,0,0,219.0,0
3928,191,161,2.3,46,0,30,9.0,1
3054,172,113,3.2,18,0,59,,0
2321,48,56,6.5,33,8,0,8.0,1
4387,42,56,6.5,30,14,0,19.0,1
4459,4,81,4.5,9,52,0,74.0,0
4843,48,96,3.8,52,8,0,55.0,0
2260,46,56,6.5,11,10,0,,0
3380,560,619,0.6,4,0,0,69.0,0
4682,316,302,1.2,2,0,14,3.0,1
3922,191,145,2.5,27,0,46,20.0,1
2937,130,95,3.8,18,0,35,4.0,1
2139,98,75,4.9,37,0,23,7.0,1
1636,14,56,6.5,34,42,0,40.0,0
1945,81,95,3.8,54,0,0,5.0,1
4693,194,110,3.3,11,0,84,,0
3762,4,56,6.5,55,52,0,,0
2804,33,117,3.1,2,23,0,44.0,0
3026,106,79,4.6,31,0,27,1.0,1
3334,31,56,6.5,44,25,0,,0
1486,37,56,6.5,56,19,0,29.0,1
3345,104,64,5.7,25,0,40,24.0,1
2605,114,407,0.9,42,0,0,273.0,0
4045,217,140,2.6,19,0,77,27.0,1
3929,3,56,6.5,32,53,0,63.0,0
3186,119,132,2.8,36,0,0,10.0,1
2172,48,56,6.5,7,8,0,2.0,1
3713,247,214,1.7,14,0,33,11.0,1
3062,24,61,6.0,59,32,0,,0
4479,78,83,4.4,45,0,0,,0
3491,24,259,1.4,1,32,0,265.0,0
2361,6,56,6.5,52,50,0,47.0,0
4527,19,56,6.5,33,37,0,,0
1104,64,56,6.5,34,0,8,,0
2954,158,206,1.8,16,0,0,47.0,0
3843,18,56,6.5,31,38,0,27.0,1
3716,52,56,6.5,57,4,0,,0
1238,28,62,5.9,2,28,0,42.0,0
3867,120,139,2.6,12,0,0,24.0,1
1621,109,235,1.6,19,0,0,142.0,0
1189,79,62,5.9,15,0,17,4.0,1
2591,60,64,5.7,16,0,0,,0
3305,113,226,1.6,16,0,0,,0
2105,83,56,6.5,28,0,27,,0
1192,7,65,5.6,11,49,0,49.0,0
4390,51,104,3.5,6,5,0,61.0,0
3045,151,128,2.9,27,0,23,9.0,1
3619,52,59,6.2,17,4,0,8.0,1
2985,102,92,4.0,39,0,10,25.0,1
4436,42,56,6.5,11,14,0,14.0,1
4948,43,56,6.5,13,13,0,22.0,1
1397,119,129,2.8,48,0,0,5.0,1
1795,57,56,6.5,13,0,1,28.0,1
3091,19,94,3.9,8,37,0,92.0,0
3936,3,128,2.9,25,53,0,94.0,0
4515,67,68,5.4,41,0,0,,0
4476,126,103,3.5,37,0,23,16.0,1
3515,30,56,6.5,14,26,0,23.0,1
1289,69,76,4.8,21,0,0,,0
3529,114,146,2.5,43,0,0,,0
2389,10,102,3.6,44,46,0,,0
4509,14,56,6.5,20,42,0,16.0,1
1166,102,107,3.4,20,0,0,42.0,0
1259,56,159,2.3,42,0,0,98.0,0
1746,6,56,6.5,27,50,0,42.0,0
3203,190,227,1.6,33,0,0,,0
2830,49,68,5.4,31,7,0,,0
3752,45,126,2.9,16,11,0,,0
1172,58,234,1.6,7,0,0,148.0,0
1839,141,56,6.5,56,0,85,15.0,1
3364,13,56,6.5,16,43,0,,0
1315,122,71,5.1,46,0,51,19.0,1
3447,7,56,6.5,4,49,0,,0
4634,233,360,1.0,3,0,0,149.0,0
1111,48,56,6.5,30,8,0,2.0,1
1556,28,57,6.4,19,28,0,,0
2822,23,106,3.4,27,33,0,,0
1646,41,56,6.5,29,15,0,,0
2330,86,65,5.6,55,0,21,11.0,1
2412,168,116,3.1,54,0,52,14.0,1
2217,62,68,5.4,49,0,0,18.0,1
1808,23,83,4.4,44,33,0,46.0,0
4567,44,58,6.3,17,12,0,8.0,1
2652,11,56,6.5,1,45,0,32.0,0
2603,60,116,3.1,21,0,0,94.0,0
3825,291,366,1.0,33,0,0,,0
2634,127,91,4.0,55,0,36,3.0,1
3880,9,107,3.4,25,47,0,115.0,0
1998,220,156,2.3,11,0,64,14.0,1
4330,15,56,6.5,35,41,0,21.0,1
2450,115,351,1.0,36,0,0,209.0,0
3988,67,105,3.5,39,0,0,60.0,0
3457,249,332,1.1,50,0,0,,0
2104,96,56,6.5,28,0,40,24.0,1
3553,118,385,0.9,20,0,0,257.0,0
2321,214,167,2.2,39,0,47,,0
4655,201,140,2.6,43,0,61,,0
3077,3,108,3.4,25,53,0,104.0,0
1839,36,73,5.0,46,20,0,21.0,1
1220,100,235,1.6,8,0,0,162.0,0
1370,21,100,3.6,32,35,0,93.0,0
2273,50,56,6.5,20,6,0,2.0,1
2778,39,56,6.5,48,17,0,,0
3001,66,77,4.7,50,0,0,,0
1023,105,115,3.2,44,0,0,20.0,1
3376,28,86,4.2,41,28,0,46.0,0
4411,80,238,1.5,20,0,0,148.0,0
4955,34,56,6.5,57,22,0,20.0,1
4499,78,100,3.6,9,0,0,28.0,1
4980,2,56,6.5,53,54,0,,0
3852,178,165,2.2,13,0,13,,0
4346,46,83,4.4,38,10,0,22.0,1
1260,134,125,2.9,22,0,9,,0
3775,39,56,6.5,30,17,0,12.0,1
1500,27,250,1.5,37,29,0,211.0,0
2974,289,207,1.8,42,0,82,24.0,1
1563,50,143,2.6,23,6,0,,0
3977,124,81,4.5,11,0,43,,0
2390,86,143,2.6,14,0,0,44.0,0
2159,64,56,6.5,55,0,8,4.0,1
4309,241,178,2.1,16,0,63,,0
2027,189,336,1.1,39,0,0,136.0,0
2771,111,211,1.7,28,0,0,105.0,0
3040,7,56,6.5,54,49,0,,0
3405,60,120,3.0,50,0,0,44.0,0
3759,81,56,6.5,40,0,25,4.0,1
3120,154,142,2.6,27,0,12,4.0,1
2064,169,129,2.8,46,0,40,,0
3543,90,56,6.5,10,0,34,,0
3472,9,56,6.5,46,47,0,,0
2782,93,71,5.1,20,0,22,2.0,1
4614,20,70,5.2,27,36,0,39.0,0
1094,5,56,6.5,22,51,0,46.0,0
1059,99,122,3.0,45,0,0,5.0,1
2458,184,110,3.3,32,0,74,23.0,1
4879,78,77,4.7,32,0,1,14.0,1
2478,62,56,6.5,55,0,6,10.0,1
1024,94,208,1.8,49,0,0,98.0,0
4020,356,338,1.1,38,0,18,20.0,1
3756,8,61,6.0,47,48,0,65.0,0
3876,62,56,6.5,40,0,6,20.0,1
1913,164,133,2.7,5,0,31,5.0,1
3886,85,67,5.4,40,0,18,6.0,1
4647,27,80,4.6,54,29,0,27.0,1
2461,141,162,2.3,55,0,0,9.0,1
1361,45,56,6.5,9,11,0,24.0,1
4406,88,258,1.4,7,0,0,,0
2200,113,95,3.8,18,0,18,,0
1812,30,64,5.7,46,26,0,30.0,1
2725,47,83,4.4,40,9,0,32.0,0
1992,106,87,4.2,1,0,19,25.0,1
2075,30,56,6.5,49,26,0,16.0,1
4102,179,297,1.2,58,0,0,107.0,0
1183,74,93,3.9,6,0,0,20.0,1
3164,161,128,2.9,14,0,33,,0
4144,139,192,1.9,24,0,0,22.0,1
4218,71,56,6.5,58,0,15,17.0,1
1123,154,131,2.8,17,0,23,6.0,1
4909,81,72,5.1,17,0,9,16.0,1
2717,62,177,2.1,44,0,0,117.0,0
2635,64,56,6.5,21,0,8,17.0,1
1991,33,83,4.4,48,23,0,,0
4995,31,56,6.5,35,25,0,21.0,1
2466,1,127,2.9,58,55,0,,0
1829,198,131,2.8,58,0,67,,0
3225,31,56,6.5,49,25,0,40.0,0
1677,28,56,6.5,34,28,0,45.0,0
2033,39,82,4.5,13,17,0,14.0,1
2186,24,56,6.5,14,32,0,28.0,1
4629,9,176,2.1,4,47,0,,0
1791,22,66,5.5,24,34,0,66.0,0
1609,16,56,6.5,6,40,0,41.0,0
3674,5,66,5.5,20,51,0,,0
2352,67,56,6.5,32,0,11,10.0,1
4034,73,56,6.5,23,0,17,27.0,1
2377,21,56,6.5,41,35,0,27.0,1
1718,61,98,3.7,14,0,0,43.0,0
1090,75,260,1.4,22,0,0,177.0,0
3394,217,115,3.2,17,0,102,,0
3686,34,56,6.5,40,22,0,17.0,1
3463,183,129,2.8,51,0,54,15.0,1
1236,73,62,5.9,53,0,11,19.0,1
4610,75,56,6.5,2,0,19,,0
3073,50,56,6.5,49,6,0,7.0,1
4243,35,56,6.5,7,21,0,20.0,1
4728,80,65,5.6,35,0,15,,0
2935,94,102,3.6,36,0,0,7.0,1
1482,55,83,4.4,50,1,0,9.0,1
2689,8,64,5.7,14,48,0,52.0,0
2893,86,56,6.5,20,0,30,7.0,1
2335,210,146,2.5,28,0,64,21.0,1
3269,37,56,6.5,13,19,0,22.0,1
2513,108,167,2.2,57,0,0,,0
4492,25,56,6.5,57,31,0,57.0,0
4665,27,56,6.5,49,29,0,,0
4291,71,56,6.5,44,0,15,7.0,1
2255,42,60,6.1,7,14,0,5.0,1
1655,80,196,1.9,3,0,0,99.0,0
4329,72,135,2.7,5,0,0,69.0,0
1979,220,196,1.9,53,0,24,7.0,1
3973,12,136,2.7,52,44,0,,0
3376,97,56,6.5,33,0,41,,0
2462,39,69,5.3,46,17,0,,0
4262,25,56,6.5,59,31,0,20.0,1
2906,148,260,1.4,9,0,0,114.0,0
2343,30,56,6.5,53,26,0,27.0,1
4136,130,184,2.0,27,0,0,,0
1666,42,183,2.0,15,14,0,,0
3293,301,389,0.9,34,0,0,,0
4208,18,64,5.7,18,38,0,,0
4027,39,159,2.3,4,17,0,,0
4930,283,558,0.7,34,0,0,244.0,0
1166,79,56,6.5,45,0,23,20.0,1
1162,51,56,6.5,21,5,0,17.0,1
3720,47,56,6.5,18,9,0,12.0,1
4468,227,159,2.3,52,0,68,6.0,1
1845,38,56,6.5,36,18,0,,0
4508,27,66,5.5,35,29,0,,0
2024,103,127,2.9,58,0,0,38.0,0
3225,6,104,3.5,7,50,0,85.0,0
4910,164,126,2.9,34,0,38,,0
4552,22,107,3.4,46,34,0,105.0,0
4061,340,250,1.5,37,0,90,15.0,1
1870,3,56,6.5,2,53,0,12.0,1
3291,87,56,6.5,41,0,31,17.0,1
1691,28,56,6.5,16,28,0,,0
4873,47,174,2.1,28,9,0,127.0,0
4309,220,184,2.0,54,0,36,29.0,1
4188,178,129,2.8,30,0,49,3.0,1
2371,346,232,1.6,31,0,114,23.0,1
1006,64,56,6.5,8,0,8,18.0,1
2197,486,341,1.1,38,0,145,22.0,1
2139,328,304,1.2,35,0,24,5.0,1
3302,36,162,2.3,7,20,0,108.0,0
1471,250,374,1.0,18,0,0,136.0,0
2614,40,56,6.5,48,16,0,10.0,1
1535,81,59,6.2,36,0,22,19.0,1
3650,97,56,6.5,58,0,41,26.0,1
3598,204,160,2.3,21,0,44,19.0,1
1957,78,56,6.5,4,0,22,29.0,1
3242,233,165,2.2,32,0,68,29.0,1
4913,96,269,1.4,16,0,0,,0
1203,98,156,2.3,18,0,0,49.0,0
2192,119,112,3.3,34,0,7,6.0,1
3204,57,56,6.5,22,0,1,9.0,1
2735,15,56,6.5,27,41,0,28.0,1
4017,127,244,1.5,12,0,0,97.0,0
3832,211,167,2.2,41,0,44,20.0,1
1904,129,87,4.2,32,0,42,21.0,1
4958,72,64,5.7,7,0,8,12.0,1
1489,42,56,6.5,40,14,0,25.0,1
3553,19,56,6.5,38,37,0,20.0,1
4854,594,415,0.9,44,0,179,24.0,1
1003,16,56,6.5,40,40,0,27.0,1
3708,126,104,3.5,10,0,22,26.0,1
4654,56,201,1.8,36,0,0,133.0,0
1903,12,56,6.5,10,44,0,,0
1557,53,104,3.5,7,3,0,68.0,0
3771,137,190,1.9,51,0,0,,0
2670,44,90,4.1,3,12,0,38.0,0
2133,270,730,0.5,12,0,0,444.0,0
2221,6,56,6.5,32,50,0,,0
1392,163,209,1.7,51,0,0,62.0,0
4021,2,78,4.7,30,54,0,52.0,0
3479,206,166,2.2,10,0,40,19.0,1
3147,27,128,2.9,21,29,0,108.0,0
3099,31,56,6.5,38,25,0,,0
2436,52,108,3.4,20,4,0,53.0,0
2026,14,56,6.5,15,42,0,27.0,1
3668,203,145,2.5,21,0,58,21.0,1
4230,101,114,3.2,31,0,0,,0
4415,120,150,2.4,19,0,0,55.0,0
4134,57,209,1.7,43,0,0,144.0,0
4223,52,120,3.0,8,4,0,54.0,0
2199,11,101,3.6,42,45,0,102.0,0
1099,2,56,6.5,22,54,0,39.0,0
4874,2,56,6.5,46,54,0,47.0,0
2909,127,232,1.6,52,0,0,84.0,0
2560,382,284,1.3,46,0,98,9.0,1
1183,30,74,4.9,47,26,0,58.0,0
3406,75,93,3.9,12,0,0,20.0,1
4318,26,56,6.5,17,30,0,23.0,1
3580,100,230,1.6,42,0,0,,0
1654,15,153,2.4,12,41,0,,0
4809,128,425,0.9,31,0,0,,0
2992,64,56,6.5,51,0,8,,0
2154,59,66,5.5,8,0,0,,0
2912,132,108,3.4,59,0,24,18.0,1
2033,220,150,2.4,48,0,70,25.0,1
3225,61,75,4.9,18,0,0,,0
1718,27,56,6.5,52,29,0,,0
3556,137,182,2.0,27,0,0,68.0,0
4197,187,160,2.3,42,0,27,4.0,1
2871,23,56,6.5,53,33,0,,0
4596,84,266,1.4,43,0,0,181.0,0
2067,256,229,1.6,6,0,27,,0
4819,70,100,3.6,28,0,0,15.0,1
4456,16,95,3.8,29,40,0,,0
2710,141,140,2.6,18,0,1,9.0,1
4321,83,56,6.5,45,0,27,,0
4126,17,92,4.0,43,39,0,70.0,0
4744,1,56,6.5,46,55,0,52.0,0
1967,46,181,2.0,46,10,0,129.0,0
3319,62,56,6.5,23,0,6,13.0,1
3607,321,299,1.2,57,0,22,13.0,1
2314,3,69,5.3,57,53,0,55.0,0
4122,104,75,4.9,36,0,29,,0
2979,15,56,6.5,10,41,0,,0
3893,37,71,5.1,52,19,0,61.0,0
4688,326,280,1.3,27,0,46,28.0,1
2370,11,56,6.5,18,45,0,,0
3475,30,250,1.5,41,26,0,206.0,0
3991,34,117,3.1,53,22,0,,0
2408,52,56,6.5,13,4,0,19.0,1
3801,21,56,6.5,23,35,0,32.0,0
2898,226,344,1.1,51,0,0,128.0,0
1349,49,56,6.5,40,7,0,,0
3338,66,56,6.5,43,0,10,24.0,1
1510,301,223,1.6,23,0,78,23.0,1
4977,12,118,3.1,40,44,0,59.0,0
3398,13,56,6.5,50,43,0,36.0,0
2547,117,107,3.4,56,0,10,10.0,1
4687,13,56,6.5,49,43,0,,0
3594,262,217,1.7,29,0,45,,0
1225,29,210,1.7,10,27,0,,0
1678,16,137,2.7,54,40,0,121.0,0
4711,53,120,3.0,30,3,0,,0
4423,189,368,1.0,22,0,0,178.0,0
3763,5,89,4.1,58,51,0,92.0,0
3476,3,56,6.5,31,53,0,61.0,0
1795,198,128,2.9,42,0,70,11.0,1
1722,24,477,0.8,23,32,0,450.0,0
2943,22,56,6.5,4,34,0,31.0,0
3963,40,67,5.4,40,16,0,14.0,1
1469,16,125,2.9,2,40,0,114.0,0
1522,72,86,4.2,14,0,0,5.0,1
4355,16,56,6.5,40,40,0,40.0,0
1743,20,220,1.7,55,36,0,207.0,0
1019,435,575,0.6,26,0,0,,0
2778,81,105,3.5,22,0,0,22.0,1
4443,33,56,6.5,46,23,0,,0
4385,25,56,6.5,40,31,0,5.0,1
1807,141,110,3.3,18,0,31,6.0,1
2798,29,217,1.7,8,27,0,184.0,0
3901,65,131,2.8,42,0,0,,0
2444,58,89,4.1,36,0,0,25.0,1
2791,10,56,6.5,11,46,0,52.0,0
4048,15,56,6.5,46,41,0,,0
3460,209,175,2.1,55,0,34,3.0,1
3123,88,186,2.0,16,0,0,,0
2372,6,56,6.5,42,50,0,49.0,0
3467,191,321,1.1,15,0,0,,0
3594,204,142,2.6,40,0,62,,0
3666,210,275,1.3,47,0,0,75.0,0
2685,10,56,6.5,19,46,0,42.0,0
4345,83,56,6.5,8,0,27,28.0,1
2464,101,79,4.6,17,0,22,18.0,1
2109,30,134,2.7,57,26,0,,0
1594,76,378,1.0,18,0,0,275.0,0
3593,37,158,2.3,2,19,0,,0
2480,64,74,4.9,37,0,0,,0
1329,55,56,6.5,48,1,0,13.0,1
4154,260,240,1.5,24,0,20,15.0,1
4685,56,56,6.5,17,0,0,,0
2544,91,331,1.1,15,0,0,,0
3866,39,71,5.1,51,17,0,39.0,0
2563,54,321,1.1,24,2,0,,0
1221,54,154,2.4,23,2,0,106.0,0
4864,58,80,4.6,27,0,0,3.0,1
4281,45,59,6.2,22,11,0,23.0,1
2459,13,68,5.4,47,43,0,60.0,0
2023,39,126,2.9,13,17,0,104.0,0
3585,84,95,3.8,49,0,0,,0
1146,72,56,6.5,52,0,16,,0
4062,73,78,4.7,12,0,0,,0
2242,92,95,3.8,35,0,0,2.0,1
4939,106,56,6.5,28,0,50,21.0,1
1067,185,129,2.8,10,0,56,2.0,1
3352,65,56,6.5,10,0,9,22.0,1
1025,10,56,6.5,55,46,0,46.0,0
2836,63,56,6.5,45,0,7,7.0,1
1322,26,56,6.5,24,30,0,32.0,0
3676,5,56,6.5,28,51,0,40.0,0
4171,12,56,6.5,39,44,0,15.0,1
4718,306,429,0.9,37,0,0,145.0,0
4849,37,59,6.2,9,19,0,34.0,0
1492,2,103,3.5,36,54,0,95.0,0
4779,21,124,2.9,35,35,0,,0
4974,45,99,3.7,43,11,0,57.0,0
3709,50,84,4.3,56,6,0,,0
2277,95,56,6.5,49,0,39,11.0,1
4037,60,287,1.3,58,0,0,221.0,0
4541,288,382,1.0,2,0,0,86.0,0
4892,25,56,6.5,58,31,0,53.0,0
3076,50,56,6.5,53,6,0,12.0,1
2930,11,71,5.1,41,45,0,54.0,0
2150,63,56,6.5,38,0,7,8.0,1
2214,146,134,2.7,23,0,12,12.0,1
1975,28,56,6.5,12,28,0,37.0,0
4772,410,508,0.7,51,0,0,,0
4895,131,233,1.6,21,0,0,,0
4192,98,106,3.4,29,0,0,,0
2259,161,204,1.8,36,0,0,,0
3872,192,218,1.7,43,0,0,8.0,1
2925,8,57,6.4,37,48,0,,0
4108,71,56,6.5,52,0,15,,0
4340,135,95,3.8,27,0,40,,0
2248,255,179,2.0,6,0,76,12.0,1
3094,105,100,3.6,20,0,5,5.0,1
2522,9,56,6.5,54,47,0,,0
2479,29,56,6.5,48,27,0,31.0,0
2866,110,84,4.3,43,0,26,21.0,1
3528,46,84,4.3,56,10,0,36.0,0
3751,390,436,0.8,41,0,0,45.0,0
4424,45,56,6.5,22,11,0,18.0,1
3987,170,134,2.7,23,0,36,6.0,1
2455,400,296,1.2,34,0,104,10.0,1
4559,149,553,0.7,4,0,0,418.0,0
3650,25,65,5.6,32,31,0,19.0,1
1493,217,133,2.7,16,0,84,,0
4942,170,141,2.6,4,0,29,29.0,1
4729,118,105,3.5,28,0,13,,0
2141,90,83,4.4,28,0,7,28.0,1
3220,161,127,2.9,41,0,34,5.0,1
4999,42,56,6.5,22,14,0,2.0,1
4308,115,155,2.4,8,0,0,29.0,1
4816,101,99,3.7,26,0,2,,0
3071,117,75,4.9,39,0,42,18.0,1
2109,429,462,0.8,30,0,0,41.0,0
2969,12,56,6.5,50,44,0,,0
1570,109,65,5.6,53,0,44,14.0,1
2790,443,442,0.8,9,0,1,,0
3306,11,56,6.5,26,45,0,28.0,1
4138,16,57,6.4,42,40,0,,0
4085,38,80,4.6,59,18,0,22.0,1
2119,226,176,2.1,54,0,50,,0
1456,100,106,3.4,11,0,0,4.0,1
4855,21,56,6.5,57,35,0,,0
4288,92,58,6.3,25,0,34,8.0,1
4780,63,56,6.5,34,0,7,25.0,1
3237,87,84,4.3,27,0,3,11.0,1
4532,128,126,2.9,51,0,2,10.0,1
4770,53,125,2.9,10,3,0,92.0,0
3398,63,56,6.5,15,0,7,33.0,0
4220,216,210,1.7,50,0,6,20.0,1
1423,2,110,3.3,5,54,0,96.0,0
4900,16,272,1.3,12,40,0,,0
3098,197,128,2.9,8,0,69,21.0,1
3760,10,217,1.7,6,46,0,205.0,0
4156,148,130,2.8,24,0,18,5.0,1
2224,123,264,1.4,1,0,0,123.0,0
2033,163,136,2.7,25,0,27,2.0,1
1936,41,83,4.4,45,15,0,36.0,0
1491,358,554,0.7,47,0,0,172.0,0
3315,129,183,2.0,11,0,0,35.0,0
2994,51,142,2.6,23,5,0,118.0,0
1211,56,56,6.5,36,0,0,6.0,1
2521,6,56,6.5,40,50,0,62.0,0
1447,117,113,3.2,7,0,4,12.0,1
1383,67,101,3.6,27,0,0,47.0,0
1254,29,56,6.5,45,27,0,20.0,1
4494,35,100,3.6,21,21,0,74.0,0
1352,211,320,1.1,5,0,0,,0
3239,199,157,2.3,33,0,42,9.0,1
4270,41,56,6.5,57,15,0,29.0,1
4328,98,82,4.5,16,0,16,1.0,1
1013,10,56,6.5,11,46,0,42.0,0
1940,68,66,5.5,54,0,2,,0
4476,49,64,5.7,32,7,0,6.0,1
4756,39,61,6.0,50,17,0,3.0,1
1880,109,56,6.5,24,0,53,6.0,1
3759,106,81,4.5,9,0,25,5.0,1
3896,75,57,6.4,36,0,18,,0
4645,7,56,6.5,7,49,0,,0
2580,616,465,0.8,28,0,151,29.0,1
4509,200,215,1.7,23,0,0,4.0,1
2406,32,66,5.5,39,24,0,29.0,1
4440,43,91,4.0,13,13,0,,0
1846,23,56,6.5,51,33,0,,0
3945,444,349,1.0,7,0,95,17.0,1
1908,269,410,0.9,21,0,0,145.0,0
2267,156,102,3.6,39,0,54,24.0,1
2948,198,204,1.8,13,0,0,,0
2179,168,103,3.5,36,0,65,22.0,1
2799,1,56,6.5,12,55,0,,0
3466,69,64,5.7,8,0,5,23.0,1
4863,148,100,3.6,48,0,48,13.0,1
4078,34,62,5.9,43,22,0,26.0,1
2563,34,75,4.9,36,22,0,32.0,0
1981,152,83,4.4,53,0,69,9.0,1
3137,41,84,4.3,47,15,0,,0
2744,126,93,3.9,58,0,33,,0
4262,59,56,6.5,44,0,3,,0
2765,32,56,6.5,23,24,0,25.0,1
3565,51,56,6.5,34,5,0,,0
4961,297,196,1.9,55,0,101,22.0,1
3423,23,56,6.5,23,33,0,,0
2290,32,226,1.6,38,24,0,163.0,0
2061,138,272,1.3,29,0,0,138.0,0
1449,36,70,5.2,50,20,0,74.0,0
2470,49,56,6.5,24,7,0,13.0,1
4103,76,67,5.4,22,0,9,9.0,1
2817,101,85,4.3,12,0,16,23.0,1
4294,9,56,6.5,16,47,0,63.0,0
3847,20,59,6.2,1,36,0,18.0,1
4234,343,306,1.2,51,0,37,18.0,1
4713,111,153,2.4,30,0,0,79.0,0
1898,75,56,6.5,36,0,19,,0
1672,30,56,6.5,42,26,0,,0
1006,60,69,5.3,42,0,0,12.0,1
4284,77,75,4.9,24,0,2,,0
1943,62,133,2.7,39,0,0,51.0,0
1600,60,58,6.3,38,0,2,,0
3127,39,135,2.7,32,17,0,103.0,0
3966,519,423,0.9,58,0,96,12.0,1
1336,240,172,2.1,54,0,68,9.0,1
1352,64,86,4.2,32,0,0,,0
3001,27,77,4.7,12,29,0,63.0,0
1358,22,67,5.4,10,34,0,,0
2494,293,231,1.6,57,0,62,7.0,1
1776,68,56,6.5,12,0,12,13.0,1
4394,100,93,3.9,13,0,7,,0
1175,95,93,3.9,15,0,2,7.0,1
2186,52,60,6.1,30,4,0,20.0,1
4901,54,56,6.5,53,2,0,9.0,1
2943,39,116,3.1,13,17,0,,0
4909,23,85,4.3,51,33,0,,0
2746,127,134,2.7,48,0,0,11.0,1
3807,9,58,6.3,43,47,0,13.0,1
1589,185,239,1.5,1,0,0,,0
2282,72,56,6.5,18,0,16,25.0,1
4589,452,354,1.0,39,0,98,19.0,1
3000,35,56,6.5,12,21,0,8.0,1
3467,168,127,2.9,50,0,41,8.0,1
3133,17,131,2.8,44,39,0,107.0,0
3868,39,56,6.5,9,17,0,,0
1131,143,126,2.9,49,0,17,17.0,1
2545,156,250,1.5,4,0,0,85.0,0
1735,18,56,6.5,56,38,0,,0
3046,31,134,2.7,27,25,0,100.0,0
4566,14,56,6.5,28,42,0,,0
4952,50,56,6.5,24,6,0,33.0,0
3035,329,331,1.1,4,0,0,,0
3096,83,56,6.5,28,0,27,10.0,1
3986,84,56,6.5,52,0,28,5.0,1
3041,110,76,4.8,20,0,34,11.0,1
4011,39,470,0.8,29,17,0,,0
4084,85,56,6.5,33,0,29,,0
2874,13,56,6.5,30,43,0,,0
2389,302,298,1.2,3,0,4,16.0,1
2398,113,397,0.9,19,0,0,,0
4754,74,82,4.5,21,0,0,,0
3805,69,56,6.5,40,0,13,29.0,1
1357,113,481,0.8,21,0,0,376.0,0
3223,195,322,1.1,20,0,0,130.0,0
4289,212,154,2.4,55,0,58,12.0,1
3717,24,56,6.5,33,32,0,,0
1810,38,86,4.2,38,18,0,45.0,0
3718,2,79,4.6,9,54,0,,0
1818,53,117,3.1,50,3,0,,0
4365,50,287,1.3,31,6,0,225.0,0
3706,106,181,2.0,32,0,0,,0
3710,61,56,6.5,41,0,5,2.0,1
2457,326,270,1.4,23,0,56,12.0,1
4245,100,115,3.2,23,0,0,44.0,0
2832,185,155,2.4,52,0,30,26.0,1
4273,342,290,1.3,42,0,52,,0
4662,43,56,6.5,16,13,0,,0
1881,105,87,4.2,21,0,18,10.0,1
4472,62,58,6.3,12,0,4,27.0,1
2459,26,56,6.5,6,30,0,32.0,0
4340,92,118,3.1,14,0,0,12.0,1
4991,796,671,0.5,22,0,125,25.0,1
1335,108,56,6.5,31,0,52,9.0,1
4558,45,87,4.2,40,11,0,43.0,0
3661,201,150,2.4,47,0,51,26.0,1
2949,87,99,3.7,42,0,0,19.0,1
4180,146,82,4.5,28,0,64,27.0,1
4961,44,56,6.5,5,12,0,12.0,1
3603,180,108,3.4,26,0,72,,0
2910,12,56,6.5,52,44,0,26.0,1
3574,13,56,6.5,27,43,0,40.0,0
2539,305,234,1.6,29,0,71,22.0,1
4831,307,193,1.9,16,0,114,6.0,1
3283,119,93,3.9,56,0,26,26.0,1
4635,134,108,3.4,26,0,26,,0
2225,313,212,1.7,8,0,101,18.0,1
2895,87,107,3.4,11,0,0,,0
4629,72,185,2.0,3,0,0,,0
2594,7,70,5.2,2,49,0,,0
2197,362,257,1.4,1,0,105,18.0,1
1543,158,116,3.1,1,0,42,11.0,1
4220,8,105,3.5,20,48,0,,0
2308,15,56,6.5,42,41,0,,0
3973,56,113,3.2,31,0,0,44.0,0
4704,10,56,6.5,50,46,0,32.0,0
4846,7,56,6.5,16,49,0,,0
3601,26,56,6.5,51,30,0,32.0,0
1766,34,56,6.5,48,22,0,4.0,1
2865,444,492,0.7,3,0,0,22.0,1
2525,197,261,1.4,39,0,0,,0
1689,574,418,0.9,6,0,156,10.0,1
1597,54,56,6.5,43,2,0,4.0,1
1507,65,95,3.8,37,0,0,52.0,0
2040,100,56,6.5,41,0,44,,0
4473,17,56,6.5,36,39,0,,0
1237,29,56,6.5,12,27,0,33.0,0
4716,81,242,1.5,10,0,0,174.0,0
3492,33,65,5.6,35,23,0,,0
1934,274,211,1.7,55,0,63,19.0,1
1720,217,145,2.5,39,0,72,5.0,1
2889,511,568,0.6,2,0,0,46.0,0
3755,38,56,6.5,57,18,0,13.0,1
2960,159,246,1.5,31,0,0,77.0,0
4143,11,225,1.6,40,45,0,,0
3073,57,56,6.5,45,0,1,,0
3136,254,201,1.8,15,0,53,,0
2507,160,117,3.1,33,0,43,,0
1234,65,75,4.9,2,0,0,28.0,1
1038,25,56,6.5,27,31,0,27.0,1
2994,40,56,6.5,50,16,0,35.0,0
4906,12,463,0.8,24,44,0,457.0,0
3091,24,90,4.1,27,32,0,37.0,0
1359,171,168,2.2,51,0,3,18.0,1
2087,81,56,6.5,31,0,25,3.0,1
3982,9,56,6.5,7,47,0,24.0,1
2719,266,213,1.7,26,0,53,1.0,1
4544,37,56,6.5,22,19,0,5.0,1
2621,10,64,5.7,2,46,0,47.0,0
1908,50,92,4.0,16,6,0,15.0,1
4971,68,98,3.7,25,0,0,44.0,0
3331,116,78,4.7,16,0,38,5.0,1
2618,60,123,3.0,57,0,0,48.0,0
3818,228,156,2.3,23,0,72,1.0,1
2789,29,162,2.3,36,27,0,127.0,0
1794,14,56,6.5,49,42,0,54.0,0
4772,32,71,5.1,14,24,0,36.0,0
4578,297,234,1.6,40,0,63,25.0,1
3378,145,184,2.0,9,0,0,41.0,0
4717,1,56,6.5,40,55,0,,0
2327,2,119,3.1,31,54,0,111.0,0
2758,96,56,6.5,50,0,40,16.0,1
4639,124,93,3.9,7,0,31,29.0,1
2564,421,410,0.9,58,0,11,,0
2735,83,56,6.5,45,0,27,27.0,1
1842,75,56,6.5,1,0,19,2.0,1
4703,18,165,2.2,21,38,0,156.0,0
4528,34,56,6.5,29,22,0,,0
4358,33,56,6.5,8,23,0,9.0,1
1832,82,145,2.5,9,0,0,76.0,0
1070,27,56,6.5,58,29,0,32.0,0
2865,34,74,4.9,19,22,0,1.0,1
3184,171,163,2.2,56,0,8,13.0,1
2086,16,126,2.9,47,40,0,119.0,0
1588,126,111,3.3,35,0,15,14.0,1
3842,84,68,5.4,56,0,16,1.0,1
1529,55,121,3.0,27,1,0,58.0,0
3959,69,81,4.5,21,0,0,25.0,1
2923,152,129,2.8,23,0,23,10.0,1
4037,73,60,6.1,43,0,13,17.0,1
2701,99,77,4.7,14,0,22,12.0,1
2171,1,56,6.5,12,55,0,50.0,0
3984,63,87,4.2,54,0,0,,0
2209,31,56,6.5,5,25,0,,0
3635,26,56,6.5,34,30,0,13.0,1
4611,11,110,3.3,57,45,0,105.0,0
3091,69,106,3.4,55,0,0,,0
1832,202,168,2.2,7,0,34,10.0,1
1648,54,63,5.8,5,2,0,3.0,1
2385,87,124,2.9,35,0,0,27.0,1
1112,82,139,2.6,25,0,0,44.0,0
4232,42,128,2.9,30,14,0,73.0,0
1756,59,56,6.5,42,0,3,6.0,1
2984,28,101,3.6,11,28,0,105.0,0
4689,39,120,3.0,8,17,0,78.0,0
2032,117,90,4.1,38,0,27,8.0,1
4797,4,56,6.5,28,52,0,26.0,1
4389,112,102,3.6,12,0,10,,0
2992,715,528,0.7,45,0,187,14.0,1
2348,4,67,5.4,34,52,0,66.0,0
2141,104,56,6.5,31,0,48,29.0,1
3433,21,121,3.0,55,35,0,118.0,0
3253,179,115,3.2,21,0,64,15.0,1
2739,45,233,1.6,16,11,0,202.0,0
2052,66,56,6.5,24,0,10,3.0,1
2231,250,161,2.3,22,0,89,13.0,1
2327,27,144,2.5,58,29,0,102.0,0
1584,12,80,4.6,13,44,0,78.0,0
4890,102,118,3.1,9,0,0,9.0,1
4871,242,205,1.8,45,0,37,17.0,1
4956,115,180,2.0,47,0,0,55.0,0
1919,55,56,6.5,8,1,0,9.0,1
2396,127,173,2.1,23,0,0,,0
4513,49,85,4.3,49,7,0,28.0,1
3451,38,95,3.8,10,18,0,58.0,0
1851,10,95,3.8,41,46,0,88.0,0
1507,40,79,4.6,56,16,0,40.0,0
4700,240,233,1.6,17,0,7,14.0,1
3290,14,84,4.3,29,42,0,105.0,0
3281,41,56,6.5,49,15,0,17.0,1
4498,56,65,5.6,51,0,0,28.0,1
4443,67,103,3.5,51,0,0,,0
2412,85,240,1.5,2,0,0,137.0,0
3515,123,145,2.5,11,0,0,24.0,1
3767,74,56,6.5,8,0,18,6.0,1
1658,13,657,0.6,21,43,0,,0
2867,6,111,3.3,49,50,0,,0
4664,26,249,1.5,33,30,0,,0
4169,4,79,4.6,50,52,0,78.0,0
3458,181,137,2.7,7,0,44,,0
3344,161,176,2.1,41,0,0,3.0,1
1379,349,238,1.5,25,0,111,,0
1473,30,209,1.7,9,26,0,187.0,0
3801,6,180,2.0,42,50,0,163.0,0
4873,62,69,5.3,48,0,0,19.0,1
1020,85,56,6.5,43,0,29,12.0,1
4753,56,117,3.1,38,0,0,91.0,0
4176,190,189,1.9,27,0,1,22.0,1
2602,9,75,4.9,44,47,0,81.0,0
3024,67,211,1.7,53,0,0,145.0,0
2123,113,287,1.3,10,0,0,,0
4548,6,56,6.5,48,50,0,,0
4820,29,56,6.5,26,27,0,9.0,1
3811,57,80,4.6,27,0,0,20.0,1
1082,38,115,3.2,56,18,0,74.0,0
1532,2,59,6.2,22,54,0,63.0,0
2739,237,265,1.4,56,0,0,4.0,1
1470,132,126,2.9,46,0,6,13.0,1
3734,7,92,4.0,49,49,0,,0
2691,9,56,6.5,20,47,0,37.0,0
3750,26,56,6.5,26,30,0,,0
4007,91,112,3.3,37,0,0,22.0,1
3870,2,56,6.5,36,54,0,49.0,0
4595,75,202,1.8,29,0,0,119.0,0
4969,26,79,4.6,54,30,0,36.0,0
4002,555,730,0.5,13,0,0,,0
3845,634,570,0.6,7,0,64,1.0,1
2291,118,77,4.7,11,0,41,3.0,1
2766,130,82,4.5,43,0,48,,0
3214,196,199,1.8,56,0,0,21.0,1
3321,360,351,1.0,56,0,9,4.0,1
4961,43,56,6.5,53,13,0,24.0,1
3296,55,56,6.5,56,1,0,19.0,1
3429,119,56,6.5,44,0,63,,0
1791,9,143,2.6,3,47,0,138.0,0
1651,45,133,2.7,44,11,0,79.0,0
2361,225,211,1.7,35,0,14,,0
3693,34,56,6.5,1,22,0,7.0,1
2799,95,56,6.5,42,0,39,13.0,1
1056,50,178,2.1,1,6,0,123.0,0
4376,41,56,6.5,33,15,0,,0
4214,12,56,6.5,26,44,0,69.0,0
4819,77,101,3.6,43,0,0,,0
3566,179,169,2.2,48,0,10,18.0,1
2244,88,81,4.5,3,0,7,10.0,1
3105,94,62,5.9,24,0,32,,0
1308,3,79,4.6,57,53,0,65.0,0
1920,30,66,5.5,35,26,0,,0
4276,67,56,6.5,40,0,11,23.0,1
4516,37,56,6.5,59,19,0,,0
1223,158,136,2.7,45,0,22,,0
3699,2,116,3.1,16,54,0,121.0,0
2135,90,102,3.6,47,0,0,17.0,1
4608,49,56,6.5,42,7,0,13.0,1
2682,18,77,4.7,49,38,0,,0
1809,27,56,6.5,35,29,0,5.0,1
3294,118,103,3.5,14,0,15,,0
2103,162,282,1.3,33,0,0,129.0,0
1523,22,56,6.5,58,34,0,21.0,1
2723,61,56,6.5,9,0,5,,0
4042,42,117,3.1,19,14,0,,0
4619,375,245,1.5,58,0,130,25.0,1
3199,13,62,5.9,30,43,0,52.0,0
3848,5,56,6.5,10,51,0,65.0,0
1419,31,56,6.5,53,25,0,54.0,0
1131,169,97,3.8,11,0,72,,0
1482,241,461,0.8,26,0,0,219.0,0
4505,133,112,3.3,26,0,21,12.0,1
1055,21,88,4.1,14,35,0,71.0,0
3165,104,116,3.1,16,0,0,17.0,1
1369,24,89,4.1,39,32,0,55.0,0
4335,62,56,6.5,30,0,6,,0
1700,29,173,2.1,9,27,0,166.0,0
1519,60,107,3.4,13,0,0,20.0,1
1646,104,91,4.0,39,0,13,,0
4943,95,56,6.5,1,0,39,9.0,1
2432,90,255,1.4,55,0,0,181.0,0
1943,182,153,2.4,39,0,29,1.0,1
1034,61,57,6.4,2,0,4,5.0,1
3638,45,200,1.8,23,11,0,122.0,0
2681,60,60,6.1,34,0,0,10.0,1
1266,42,56,6.5,1,14,0,10.0,1
2245,21,56,6.5,41,35,0,18.0,1
2436,66,56,6.5,42,0,10,15.0,1
3646,25,131,2.8,42,31,0,,0
3302,9,56,6.5,5,47,0,56.0,0
1609,11,56,6.5,39,45,0,38.0,0
1466,39,56,6.5,32,17,0,5.0,1
3831,13,84,4.3,10,43,0,40.0,0
3565,8,79,4.6,22,48,0,,0
1232,7,69,5.3,24,49,0,58.0,0
2038,124,56,6.5,58,0,68,,0
3376,30,56,6.5,35,26,0,11.0,1
4612,49,130,2.8,31,7,0,,0
2215,35,57,6.4,44,21,0,,0
3793,109,115,3.2,52,0,0,,0
1577,6,56,6.5,48,50,0,,0
2902,153,104,3.5,50,0,49,,0
4168,232,255,1.4,48,0,0,30.0,1
3277,201,143,2.6,21,0,58,7.0,1
3262,84,64,5.7,59,0,20,20.0,1
4703,102,110,3.3,10,0,0,11.0,1
3188,42,74,4.9,27,14,0,26.0,1
2491,4,90,4.1,33,52,0,,0
2094,3,69,5.3,16,53,0,86.0,0
1824,31,78,4.7,5,25,0,56.0,0
2023,31,106,3.4,24,25,0,89.0,0
3000,26,56,6.5,44,30,0,35.0,0
2714,2,56,6.5,48,54,0,38.0,0
3772,6,56,6.5,27,50,0,,0
2563,30,56,6.5,54,26,0,47.0,0
4933,55,56,6.5,14,1,0,17.0,1
4734,110,102,3.6,10,0,8,4.0,1
3172,12,56,6.5,57,44,0,34.0,0
4412,122,135,2.7,16,0,0,,0
1880,130,92,4.0,29,0,38,14.0,1
4328,10,56,6.5,15,46,0,26.0,1
4024,147,152,2.4,22,0,0,31.0,0
1863,79,172,2.1,43,0,0,,0
3391,10,56,6.5,57,46,0,22.0,1
3246,151,125,2.9,6,0,26,,0
2186,8,56,6.5,59,48,0,59.0,0
2315,39,97,3.8,51,17,0,,0
4597,79,56,6.5,47,0,23,27.0,1
1183,22,56,6.5,27,34,0,,0
2085,9,66,5.5,29,47,0,25.0,1
1907,117,81,4.5,45,0,36,9.0,1
2638,58,65,5.6,28,0,0,,0
2878,50,56,6.5,19,6,0,26.0,1
4580,57,65,5.6,33,0,0,2.0,1
1141,133,111,3.3,10,0,22,11.0,1
2213,31,86,4.2,56,25,0,66.0,0
1629,84,104,3.5,11,0,0,29.0,1
4800,46,56,6.5,44,10,0,22.0,1
1533,58,229,1.6,30,0,0,172.0,0
3540,14,56,6.5,14,42,0,41.0,0
1624,25,132,2.8,16,31,0,78.0,0
4684,318,231,1.6,7,0,87,19.0,1
3076,140,132,2.8,53,0,8,2.0,1
4527,79,76,4.8,4,0,3,4.0,1
4658,37,58,6.3,16,19,0,,0
3397,251,206,1.8,51,0,45,4.0,1
3746,50,56,6.5,35,6,0,6.0,1
3901,28,56,6.5,9,28,0,46.0,0
1526,99,65,5.6,49,0,34,3.0,1
4732,158,242,1.5,36,0,0,86.0,0
1110,101,121,3.0,9,0,0,8.0,1
2624,100,56,6.5,32,0,44,3.0,1
3294,119,70,5.2,46,0,49,2.0,1
4916,9,56,6.5,57,47,0,54.0,0
3118,39,56,6.5,26,17,0,2.0,1
1112,82,196,1.9,57,0,0,134.0,0
3513,34,56,6.5,44,22,0,24.0,1
2419,290,326,1.1,19,0,0,22.0,1
1828,100,174,2.1,53,0,0,59.0,0
1046,94,215,1.7,43,0,0,,0
3841,48,62,5.9,4,8,0,,0
1580,11,79,4.6,31,45,0,70.0,0
3290,36,56,6.5,13,20,0,24.0,1
1455,30,59,6.2,46,26,0,,0
3979,121,133,2.7,10,0,0,8.0,1
3230,243,253,1.4,48,0,0,29.0,1
2348,53,56,6.5,20,3,0,7.0,1
2365,3,67,5.4,52,53,0,98.0,0
3006,61,79,4.6,6,0,0,43.0,0
2607,41,56,6.5,44,15,0,,0
4058,29,144,2.5,48,27,0,143.0,0
2426,83,56,6.5,8,0,27,,0
4745,11,76,4.8,35,45,0,36.0,0
4013,53,62,5.9,15,3,0,2.0,1
3810,65,56,6.5,29,0,9,8.0,1
1702,25,89,4.1,50,31,0,52.0,0
3685,48,75,4.9,8,8,0,26.0,1
4249,4,66,5.5,9,52,0,16.0,1
2264,8,56,6.5,29,48,0,34.0,0
4856,147,116,3.1,23,0,31,1.0,1
1632,101,337,1.1,52,0,0,,0
4152,45,100,3.6,55,11,0,26.0,1
2870,63,199,1.8,12,0,0,136.0,0
3342,103,56,6.5,28,0,47,2.0,1
3660,119,102,3.6,47,0,17,,0
3206,17,56,6.5,44,39,0,44.0,0
2429,19,56,6.5,15,37,0,10.0,1
1057,9,56,6.5,50,47,0,35.0,0
4608,313,233,1.6,35,0,80,,0
1274,11,192,1.9,29,45,0,,0
2077,69,109,3.3,58,0,0,48.0,0
4270,102,56,6.5,18,0,46,14.0,1
2025,36,76,4.8,40,20,0,,0
2358,33,114,3.2,18,23,0,,0
4093,102,103,3.5,10,0,0,,0
3541,7,56,6.5,7,49,0,8.0,1
1165,45,56,6.5,2,11,0,8.0,1
1116,75,85,4.3,18,0,0,25.0,1
3822,162,138,2.6,42,0,24,27.0,1
4944,50,56,6.5,51,6,0,12.0,1
3390,104,79,4.6,35,0,25,23.0,1
2601,66,100,3.6,38,0,0,,0
4955,58,177,2.1,10,0,0,114.0,0
1288,118,156,2.3,20,0,0,37.0,0
1337,171,143,2.6,57,0,28,20.0,1
2144,28,56,6.5,10,28,0,11.0,1
1875,70,56,6.5,13,0,14,,0
4206,66,65,5.6,53,0,1,7.0,1
1314,189,200,1.8,24,0,0,9.0,1
4799,239,274,1.3,42,0,0,,0
1503,68,158,2.3,51,0,0,62.0,0
2290,46,126,2.9,46,10,0,82.0,0
1139,174,121,3.0,11,0,53,28.0,1
4729,22,57,6.4,57,34,0,,0
3532,6,81,4.5,20,50,0,51.0,0
4456,145,342,1.1,16,0,0,,0
2144,36,56,6.5,35,20,0,,0
3036,524,327,1.1,13,0,197,4.0,1
1256,62,69,5.3,46,0,0,8.0,1
1794,214,259,1.4,9,0,0,73.0,0
1246,74,56,6.5,31,0,18,15.0,1
1584,98,143,2.6,36,0,0,,0
1448,39,56,6.5,54,17,0,4.0,1
4035,71,56,6.5,14,0,15,19.0,1
4915,22,107,3.4,43,34,0,,0
4391,222,201,1.8,12,0,21,19.0,1
2584,6,56,6.5,23,50,0,61.0,0
3767,117,56,6.5,49,0,61,,0
3928,52,83,4.4,32,4,0,12.0,1
1966,67,83,4.4,48,0,0,27.0,1
4833,48,139,2.6,1,8,0,97.0,0
4234,242,192,1.9,16,0,50,13.0,1
2976,32,85,4.3,50,24,0,24.0,1
1168,513,397,0.9,58,0,116,10.0,1
4990,109,107,3.4,11,0,2,3.0,1
3594,86,68,5.4,29,0,18,25.0,1
4663,29,56,6.5,2,27,0,57.0,0
2327,18,72,5.1,16,38,0,75.0,0
1681,42,68,5.4,16,14,0,3.0,1
3503,118,194,1.9,27,0,0,,0
3799,192,130,2.8,36,0,62,,0
3895,8,56,6.5,33,48,0,58.0,0
4845,65,103,3.5,26,0,0,35.0,0
2379,186,154,2.4,11,0,32,,0
4959,257,305,1.2,7,0,0,,0
2374,115,183,2.0,38,0,0,73.0,0
4182,238,165,2.2,38,0,73,19.0,1
3651,19,94,3.9,25,37,0,65.0,0
3338,22,122,3.0,52,34,0,,0
3320,280,244,1.5,56,0,36,,0
1686,18,56,6.5,50,38,0,4.0,1
3333,19,68,5.4,8,37,0,35.0,0
1755,87,56,6.5,58,0,31,,0
3056,72,121,3.0,28,0,0,,0
1790,266,240,1.5,6,0,26,3.0,1
4116,4,56,6.5,40,52,0,60.0,0
4136,13,56,6.5,29,43,0,6.0,1
2163,37,64,5.7,3,19,0,13.0,1
3384,16,186,2.0,36,40,0,,0
3733,223,138,2.6,6,0,85,,0
1672,17,126,2.9,49,39,0,109.0,0
4711,20,71,5.1,1,36,0,51.0,0
2301,42,56,6.5,15,14,0,13.0,1
2033,151,135,2.7,29,0,16,,0
4417,52,56,6.5,15,4,0,,0
2421,612,516,0.7,12,0,96,24.0,1
4288,79,142,2.6,56,0,0,44.0,0
4566,43,56,6.5,6,13,0,9.0,1
2674,40,56,6.5,59,16,0,19.0,1
2426,140,83,4.4,52,0,57,5.0,1
4306,25,74,4.9,37,31,0,51.0,0
2330,179,219,1.7,7,0,0,57.0,0
4099,124,104,3.5,40,0,20,16.0,1
3330,53,56,6.5,42,3,0,,0
3555,494,408,0.9,39,0,86,20.0,1
3806,14,93,3.9,39,42,0,,0
1906,22,166,2.2,55,34,0,131.0,0
3197,19,56,6.5,46,37,0,44.0,0
4224,106,120,3.0,4,0,0,4.0,1
4037,195,115,3.2,53,0,80,15.0,1
4858,53,56,6.5,10,3,0,,0
2471,669,451,0.8,13,0,218,12.0,1
1934,343,252,1.4,7,0,91,28.0,1
4334,56,65,5.6,35,0,0,,0
4320,73,56,6.5,5,0,17,3.0,1
2925,24,118,3.1,55,32,0,88.0,0
4720,96,96,3.8,18,0,0,25.0,1
4701,138,119,3.1,7,0,19,,0
3961,2,104,3.5,38,54,0,108.0,0
2438,53,134,2.7,8,3,0,,0
4781,137,286,1.3,39,0,0,151.0,0
2853,57,141,2.6,52,0,0,82.0,0
3364,33,56,6.5,53,23,0,24.0,1
3221,68,267,1.4,43,0,0,209.0,0
1244,340,334,1.1,42,0,6,27.0,1
1341,48,730,0.5,26,8,0,681.0,0
1008,66,56,6.5,6,0,10,1.0,1
1478,47,109,3.3,18,9,0,81.0,0
3069,85,56,6.5,58,0,29,5.0,1
2844,196,140,2.6,38,0,56,10.0,1
1276,54,58,6.3,10,2,0,22.0,1
3978,364,419,0.9,9,0,0,77.0,0
3814,34,56,6.5,40,22,0,18.0,1
1924,30,56,6.5,12,26,0,28.0,1
4156,6,61,6.0,29,50,0,58.0,0
1052,22,56,6.5,21,34,0,19.0,1
2597,204,164,2.2,21,0,40,10.0,1
4769,36,56,6.5,27,20,0,20.0,1
4132,127,92,4.0,42,0,35,10.0,1
1674,54,56,6.5,12,2,0,29.0,1
1854,75,69,5.3,29,0,6,12.0,1
1423,363,335,1.1,26,0,28,,0
3027,26,120,3.0,50,30,0,,0
3006,30,56,6.5,26,26,0,,0
2105,116,87,4.2,51,0,29,,0
1570,56,91,4.0,28,0,0,29.0,1
1854,140,131,2.8,14,0,9,,0
1768,42,56,6.5,45,14,0,,0
2522,135,144,2.5,25,0,0,,0
4243,20,56,6.5,39,36,0,44.0,0
3105,28,56,6.5,59,28,0,,0
4283,7,60,6.1,8,49,0,58.0,0
3229,5,149,2.4,15,51,0,143.0,0
4791,82,91,4.0,27,0,0,11.0,1
4976,10,56,6.5,41,46,0,16.0,1
2816,34,56,6.5,35,22,0,,0
1933,105,105,3.5,5,0,0,,0
1408,38,84,4.3,4,18,0,39.0,0
1485,22,56,6.5,52,34,0,26.0,1
1006,120,61,6.0,21,0,59,,0
1429,253,157,2.3,53,0,96,13.0,1
2359,9,59,6.2,20,47,0,48.0,0
3677,110,83,4.4,6,0,27,,0
4618,133,510,0.7,29,0,0,,0
2018,10,56,6.5,55,46,0,,0
2118,35,56,6.5,40,21,0,59.0,0
4072,59,168,2.2,3,0,0,105.0,0
4475,31,56,6.5,36,25,0,,0
4824,46,69,5.3,17,10,0,9.0,1
2465,19,56,6.5,49,37,0,40.0,0
4802,96,73,5.0,37,0,23,10.0,1
2828,161,323,1.1,49,0,0,,0
2431,50,171,2.1,25,6,0,104.0,0
2648,96,179,2.0,44,0,0,66.0,0
4716,82,56,6.5,35,0,26,10.0,1
4978,17,56,6.5,58,39,0,20.0,1
4447,4,56,6.5,57,52,0,,0
2954,63,56,6.5,21,0,7,22.0,1
4612,257,193,1.9,2,0,64,24.0,1
2909,183,136,2.7,57,0,47,16.0,1
3710,59,75,4.9,55,0,0,,0
1457,66,88,4.1,11,0,0,24.0,1
4037,64,56,6.5,38,0,8,4.0,1
4806,147,106,3.4,17,0,41,26.0,1
2943,112,166,2.2,31,0,0,83.0,0
4149,58,56,6.5,19,0,2,1.0,1
4442,127,114,3.2,29,0,13,11.0,1
3172,9,189,1.9,13,47,0,176.0,0
3890,66,64,5.7,21,0,2,3.0,1
4904,126,157,2.3,37,0,0,,0
4755,398,730,0.5,5,0,0,,0
3969,62,82,4.5,51,0,0,13.0,1
2207,173,123,3.0,28,0,50,28.0,1
4603,70,56,6.5,15,0,14,4.0,1
1321,84,104,3.5,27,0,0,1.0,1
2056,75,130,2.8,4,0,0,59.0,0
4502,100,105,3.5,38,0,0,,0
4052,67,56,6.5,3,0,11,,0
2525,10,106,3.4,56,46,0,116.0,0
4884,396,289,1.3,29,0,107,26.0,1
1684,130,128,2.9,11,0,2,,0
1720,178,194,1.9,51,0,0,4.0,1
4269,103,74,4.9,36,0,29,,0
2803,34,164,2.2,27,22,0,109.0,0
1718,154,112,3.3,54,0,42,10.0,1
3359,36,56,6.5,39,20,0,23.0,1
1322,13,116,3.1,35,43,0,93.0,0
3965,94,56,6.5,57,0,38,5.0,1
2957,12,56,6.5,5,44,0,,0
2876,68,104,3.5,16,0,0,19.0,1
2762,106,114,3.2,21,0,0,16.0,1
3923,69,56,6.5,25,0,13,,0
3090,267,209,1.7,30,0,58,9.0,1
4674,85,142,2.6,51,0,0,12.0,1
1389,6,56,6.5,50,50,0,,0
1906,35,56,6.5,3,21,0,21.0,1
3576,42,80,4.6,37,14,0,21.0,1
3275,53,63,5.8,7,3,0,9.0,1
1222,13,98,3.7,39,43,0,,0
2642,53,67,5.4,3,3,0,4.0,1
4468,9,56,6.5,58,47,0,40.0,0
3551,10,65,5.6,41,46,0,,0
3223,38,70,5.2,8,18,0,37.0,0
4292,89,149,2.4,21,0,0,73.0,0
1421,91,56,6.5,18,0,35,11.0,1
3899,490,344,1.1,58,0,146,,0
4365,105,56,6.5,10,0,49,23.0,1
2328,10,256,1.4,20,46,0,233.0,0
2122,19,75,4.9,40,37,0,,0
4302,185,179,2.0,40,0,6,11.0,1
4904,99,95,3.8,49,0,4,10.0,1
3923,74,223,1.6,29,0,0,,0
2841,2,66,5.5,49,54,0,44.0,0
1524,43,56,6.5,30,13,0,,0
3906,145,280,1.3,36,0,0,,0
3178,152,82,4.5,32,0,70,25.0,1
1211,120,107,3.4,6,0,13,,0
4099,181,241,1.5,19,0,0,53.0,0
2861,70,56,6.5,31,0,14,2.0,1
2965,122,144,2.5,33,0,0,,0
1301,40,56,6.5,4,16,0,,0
3696,11,80,4.6,11,45,0,91.0,0
3493,91,95,3.8,6,0,0,,0
4884,49,56,6.5,12,7,0,1.0,1
2696,36,56,6.5,37,20,0,,0
3563,217,265,1.4,46,0,0,63.0,0
2420,44,182,2.0,31,12,0,,0
4123,12,85,4.3,17,44,0,87.0,0
2701,90,109,3.3,4,0,0,12.0,1
2856,88,71,5.1,15,0,17,8.0,1
4373,95,266,1.4,38,0,0,185.0,0
3520,102,76,4.8,45,0,26,6.0,1
2920,92,108,3.4,12,0,0,41.0,0
1671,199,225,1.6,10,0,0,8.0,1
1361,8,56,6.5,6,48,0,,0
4248,359,313,1.2,22,0,46,,0
1530,34,56,6.5,41,22,0,7.0,1
4664,8,331,1.1,31,48,0,310.0,0
1509,34,66,5.5,16,22,0,43.0,0
4251,12,74,4.9,8,44,0,,0
4494,86,56,6.5,39,0,30,19.0,1
4261,8,62,5.9,46,48,0,39.0,0
1552,28,56,6.5,58,28,0,,0
1843,11,56,6.5,36,45,0,,0
4219,149,80,4.6,3,0,69,26.0,1
2557,259,193,1.9,29,0,66,12.0,1
4820,185,106,3.4,3,0,79,,0
4742,25,115,3.2,51,31,0,,0
1609,31,56,6.5,10,25,0,,0
3134,8,56,6.5,46,48,0,42.0,0
1619,97,379,1.0,32,0,0,,0
1311,47,56,6.5,21,9,0,,0
3322,430,338,1.1,6,0,92,26.0,1
4184,30,74,4.9,44,26,0,60.0,0
2857,77,90,4.1,32,0,0,17.0,1
3369,230,211,1.7,44,0,19,5.0,1
1293,202,249,1.5,28,0,0,,0
1550,36,82,4.5,4,20,0,,0
4812,35,65,5.6,30,21,0,50.0,0
4611,5,86,4.2,42,51,0,88.0,0
3570,172,117,3.1,44,0,55,25.0,1
4817,135,183,2.0,17,0,0,,0
1880,7,90,4.1,55,49,0,69.0,0
2116,28,147,2.5,28,28,0,,0
3580,487,333,1.1,39,0,154,20.0,1
3716,131,122,3.0,10,0,9,2.0,1
1604,10,115,3.2,1,46,0,99.0,0
4069,70,56,6.5,51,0,14,16.0,1
4047,91,56,6.5,31,0,35,24.0,1
1553,207,122,3.0,58,0,85,23.0,1
3699,102,83,4.4,32,0,19,17.0,1
3049,5,59,6.2,54,51,0,27.0,1
1039,132,109,3.3,20,0,23,,0
4173,55,85,4.3,29,1,0,23.0,1
1318,250,221,1.7,37,0,29,,0
1672,48,96,3.8,57,8,0,32.0,0
3924,80,56,6.5,58,0,24,4.0,1
3989,84,198,1.8,25,0,0,126.0,0
1777,8,75,4.9,38,48,0,,0
1488,158,137,2.7,1,0,21,18.0,1
3954,83,61,6.0,54,0,22,9.0,1
4087,14,56,6.5,15,42,0,47.0,0
1263,19,96,3.8,34,37,0,,0
4118,12,90,4.1,23,44,0,97.0,0
3932,135,132,2.8,29,0,3,,0
1685,35,72,5.1,50,21,0,,0
2283,68,56,6.5,13,0,12,2.0,1
3475,53,63,5.8,2,3,0,,0
1603,18,169,2.2,40,38,0,156.0,0
4600,105,70,5.2,59,0,35,20.0,1
1337,52,73,5.0,56,4,0,,0
3292,152,198,1.8,5,0,0,,0
3564,50,56,6.5,22,6,0,,0
1071,18,56,6.5,59,38,0,29.0,1
1125,26,79,4.6,55,30,0,41.0,0
4252,43,61,6.0,15,13,0,60.0,0
3564,47,56,6.5,57,9,0,3.0,1
4106,7,78,4.7,13,49,0,,0
1022,212,133,2.7,55,0,79,20.0,1
1661,88,89,4.1,30,0,0,3.0,1
4439,65,115,3.2,25,0,0,26.0,1
1116,290,384,1.0,21,0,0,103.0,0
2978,69,68,5.4,17,0,1,24.0,1
3881,24,112,3.3,36,32,0,,0
1675,46,59,6.2,39,10,0,3.0,1
3626,6,56,6.5,34,50,0,,0
3075,52,56,6.5,41,4,0,,0
3283,52,61,6.0,34,4,0,8.0,1
4030,13,120,3.0,49,43,0,,0
1456,186,589,0.6,53,0,0,388.0,0
1978,20,56,6.5,50,36,0,35.0,0
1406,118,64,5.7,38,0,54,2.0,1
4724,84,85,4.3,50,0,0,,0
2517,112,123,3.0,59,0,0,8.0,1
1200,104,111,3.3,54,0,0,23.0,1
2604,26,251,1.5,38,30,0,214.0,0
1231,65,56,6.5,26,0,9,,0
1797,51,56,6.5,2,5,0,48.0,0
2975,3,60,6.1,34,53,0,48.0,0
2595,284,216,1.7,38,0,68,,0
3902,18,56,6.5,41,38,0,64.0,0
4680,40,56,6.5,36,16,0,23.0,1
1916,118,142,2.6,42,0,0,58.0,0
1879,78,109,3.3,52,0,0,38.0,0
4916,37,56,6.5,34,19,0,29.0,1
1041,10,56,6.5,45,46,0,41.0,0
2128,27,56,6.5,4,29,0,40.0,0
2839,115,98,3.7,11,0,17,,0
4944,11,56,6.5,42,45,0,32.0,0
2739,34,133,2.7,13,22,0,,0
3197,43,56,6.5,39,13,0,,0
2534,37,56,6.5,36,19,0,,0
1759,3,56,6.5,54,53,0,,0
4400,2,73,5.0,5,54,0,63.0,0
2118,23,58,6.3,39,33,0,54.0,0
3097,204,170,2.1,11,0,34,27.0,1
4774,20,56,6.5,27,36,0,32.0,0
2711,102,93,3.9,3,0,9,13.0,1
2857,80,140,2.6,59,0,0,45.0,0
3925,601,397,0.9,45,0,204,17.0,1
2462,27,61,6.0,28,29,0,60.0,0
3595,164,116,3.1,35,0,48,7.0,1
4018,87,56,6.5,37,0,31,,0
3844,26,56,6.5,14,30,0,11.0,1
4555,215,176,2.1,29,0,39,3.0,1
3657,106,89,4.1,52,0,17,,0
4246,240,231,1.6,37,0,9,24.0,1
3680,19,56,6.5,17,37,0,53.0,0
3097,191,136,2.7,14,0,55,24.0,1
2544,369,401,0.9,31,0,0,52.0,0
4659,50,125,2.9,48,6,0,83.0,0
4668,159,112,3.3,52,0,47,5.0,1
3493,107,90,4.1,38,0,17,29.0,1
2540,36,56,6.5,55,20,0,,0
2030,183,266,1.4,56,0,0,,0
3987,43,56,6.5,5,13,0,29.0,1
4108,105,134,2.7,18,0,0,44.0,0
2916,56,56,6.5,18,0,0,20.0,1
4317,16,56,6.5,15,40,0,,0
4570,182,283,1.3,51,0,0,104.0,0
1514,51,68,5.4,4,5,0,28.0,1
2678,419,287,1.3,38,0,132,9.0,1
1594,37,84,4.3,53,19,0,,0
4952,82,56,6.5,53,0,26,11.0,1
1770,27,183,2.0,41,29,0,145.0,0
1339,98,56,6.5,9,0,42,,0
2358,141,157,2.3,59,0,0,15.0,1
1613,64,91,4.0,19,0,0,16.0,1
4274,12,56,6.5,25,44,0,8.0,1
1397,119,102,3.6,49,0,17,11.0,1
1003,653,521,0.7,20,0,132,18.0,1
3466,153,133,2.7,14,0,20,12.0,1
2927,109,85,4.3,59,0,24,,0
1674,52,212,1.7,8,4,0,159.0,0
1323,63,106,3.4,9,0,0,39.0,0
4619,118,106,3.4,21,0,12,,0
4149,58,56,6.5,34,0,2,,0
1683,49,108,3.4,56,7,0,67.0,0
4647,135,206,1.8,40,0,0,,0
4778,40,56,6.5,57,16,0,8.0,1
2528,285,281,1.3,54,0,4,7.0,1
2043,148,83,4.4,59,0,65,14.0,1
4911,25,56,6.5,41,31,0,,0
4325,126,199,1.8,13,0,0,,0
4256,64,71,5.1,26,0,0,7.0,1
4839,120,165,2.2,42,0,0,,0
3102,85,71,5.1,56,0,14,13.0,1
3034,15,85,4.3,45,41,0,50.0,0
1781,101,133,2.7,59,0,0,,0
4712,189,113,3.2,37,0,76,,0
3616,33,56,6.5,30,23,0,28.0,1
1339,56,56,6.5,47,0,0,5.0,1
3061,274,189,1.9,20,0,85,16.0,1
2074,58,80,4.6,7,0,0,18.0,1
4419,35,59,6.2,54,21,0,19.0,1
2894,45,56,6.5,44,11,0,,0
4052,5,56,6.5,20,51,0,34.0,0
1057,72,56,6.5,16,0,16,13.0,1
2400,132,83,4.4,2,0,49,,0
4190,82,56,6.5,10,0,26,20.0,1
2914,1,56,6.5,41,55,0,69.0,0
4848,93,85,4.3,52,0,8,24.0,1
3902,84,120,3.0,35,0,0,,0
1463,586,480,0.8,43,0,106,6.0,1
3607,4,56,6.5,28,52,0,41.0,0
3458,175,227,1.6,10,0,0,,0
4687,308,196,1.9,13,0,112,28.0,1
1711,48,56,6.5,22,8,0,26.0,1
1923,133,105,3.5,34,0,28,21.0,1
4511,16,62,5.9,16,40,0,,0
1977,99,104,3.5,8,0,0,35.0,0
3721,359,301,1.2,57,0,58,15.0,1
1513,151,146,2.5,20,0,5,15.0,1
4062,32,135,2.7,10,24,0,103.0,0
4095,23,63,5.8,55,33,0,17.0,1
1073,45,56,6.5,29,11,0,20.0,1
2328,116,76,4.8,49,0,40,7.0,1
3855,342,236,1.5,50,0,106,7.0,1
1250,76,56,6.5,52,0,20,11.0,1
4079,35,56,6.5,53,21,0,20.0,1
4396,12,99,3.7,42,44,0,99.0,0
3114,12,56,6.5,30,44,0,45.0,0
2248,54,56,6.5,24,2,0,24.0,1
1413,10,64,5.7,2,46,0,30.0,1
3611,19,56,6.5,34,37,0,27.0,1
3854,22,56,6.5,42,34,0,27.0,1
2606,132,158,2.3,21,0,0,27.0,1
1492,64,56,6.5,34,0,8,11.0,1
2022,18,56,6.5,32,38,0,40.0,0
4156,42,56,6.5,30,14,0,2.0,1
4301,202,161,2.3,14,0,41,,0
4596,55,76,4.8,19,1,0,22.0,1
3648,10,62,5.9,30,46,0,55.0,0
4446,13,93,3.9,58,43,0,74.0,0
1641,40,56,6.5,41,16,0,27.0,1
2533,51,133,2.7,27,5,0,76.0,0
4521,83,122,3.0,16,0,0,37.0,0
1961,13,64,5.7,25,43,0,,0
2486,157,201,1.8,54,0,0,,0
3318,70,56,6.5,25,0,14,10.0,1
4002,224,221,1.7,24,0,3,,0
4345,19,101,3.6,3,37,0,81.0,0
4140,50,68,5.4,24,6,0,,0
4417,96,88,4.1,11,0,8,5.0,1
2821,104,82,4.5,32,0,22,27.0,1
3125,202,238,1.5,23,0,0,38.0,0
1132,27,56,6.5,12,29,0,19.0,1
2447,31,56,6.5,57,25,0,2.0,1
4476,179,206,1.8,39,0,0,13.0,1
1703,50,56,6.5,21,6,0,,0
2386,103,185,2.0,37,0,0,103.0,0
3823,30,350,1.0,52,26,0,,0
4845,52,65,5.6,34,4,0,,0
4673,117,155,2.4,21,0,0,26.0,1
1195,53,56,6.5,26,3,0,4.0,1
4897,20,164,2.2,36,36,0,141.0,0
3739,20,105,3.5,49,36,0,104.0,0
2949,49,131,2.8,50,7,0,,0
3786,52,56,6.5,59,4,0,,0
4000,8,56,6.5,34,48,0,43.0,0
4354,158,134,2.7,9,0,24,17.0,1
2882,27,56,6.5,18,29,0,,0
4243,6,69,5.3,44,50,0,58.0,0
3666,40,191,1.9,42,16,0,,0
2604,20,104,3.5,39,36,0,102.0,0
2383,523,427,0.9,30,0,96,17.0,1
4722,50,204,1.8,3,6,0,,0
3813,62,56,6.5,50,0,6,20.0,1
1042,15,92,4.0,56,41,0,108.0,0
2011,67,86,4.2,2,0,0,21.0,1
1637,31,56,6.5,57,25,0,5.0,1
4362,7,56,6.5,3,49,0,55.0,0
4466,23,57,6.4,15,33,0,24.0,1
1997,80,56,6.5,41,0,24,29.0,1
2253,6,93,3.9,3,50,0,121.0,0
3357,2,73,5.0,57,54,0,66.0,0
4377,64,56,6.5,38,0,8,7.0,1
2525,148,124,2.9,43,0,24,23.0,1
2212,37,159,2.3,34,19,0,111.0,0
4460,69,107,3.4,17,0,0,37.0,0
3788,70,69,5.3,3,0,1,6.0,1
4186,15,144,2.5,7,41,0,144.0,0
1356,47,155,2.4,31,9,0,125.0,0
1153,69,115,3.2,10,0,0,,0
1352,52,56,6.5,51,4,0,7.0,1
1672,111,112,3.3,35,0,0,10.0,1
2174,348,234,1.6,28,0,114,26.0,1
4001,3,56,6.5,55,53,0,10.0,1
2222,350,482,0.8,55,0,0,131.0,0
1991,109,59,6.2,20,0,50,15.0,1
1904,109,92,4.0,1,0,17,2.0,1
2295,24,56,6.5,42,32,0,26.0,1
4528,36,107,3.4,13,20,0,98.0,0
2963,42,56,6.5,8,14,0,16.0,1
3794,5,58,6.3,24,51,0,24.0,1
1539,30,56,6.5,22,26,0,,0
3454,160,100,3.6,27,0,60,21.0,1
2675,175,199,1.8,47,0,0,15.0,1
3601,72,150,2.4,33,0,0,122.0,0
2032,68,56,6.5,26,0,12,25.0,1
3105,214,461,0.8,44,0,0,219.0,0
2388,13,114,3.2,3,43,0,118.0,0
3379,39,56,6.5,30,17,0,8.0,1
4272,200,102,3.6,38,0,98,,0
4730,18,103,3.5,10,38,0,83.0,0
2699,74,56,6.5,6,0,18,15.0,1
4552,152,105,3.5,17,0,47,13.0,1
4404,78,56,6.5,59,0,22,,0
4649,41,65,5.6,7,15,0,6.0,1
3919,37,56,6.5,59,19,0,5.0,1
2592,11,56,6.5,14,45,0,,0
4896,71,101,3.6,34,0,0,24.0,1
1619,164,143,2.6,56,0,21,8.0,1
1280,182,135,2.7,46,0,47,4.0,1
1140,63,173,2.1,6,0,0,110.0,0
2210,50,116,3.1,33,6,0,55.0,0
2804,30,58,6.3,18,26,0,21.0,1
2504,4,176,2.1,6,52,0,,0
1666,26,56,6.5,18,30,0,,0
1935,24,56,6.5,30,32,0,26.0,1
4812,51,56,6.5,4,5,0,15.0,1
2106,259,213,1.7,25,0,46,12.0,1
2365,276,191,1.9,46,0,85,2.0,1
1179,70,132,2.8,3,0,0,70.0,0
4728,79,212,1.7,46,0,0,138.0,0
1178,13,56,6.5,5,43,0,45.0,0
3561,42,118,3.1,46,14,0,72.0,0
3187,67,81,4.5,51,0,0,8.0,1
3784,276,177,2.1,40,0,99,29.0,1
4227,66,82,4.5,58,0,0,26.0,1
4033,5,66,5.5,5,51,0,,0
1920,35,138,2.6,10,21,0,79.0,0
2243,153,181,2.0,45,0,0,16.0,1
3270,21,56,6.5,38,35,0,,0
2003,39,85,4.3,54,17,0,52.0,0
2182,91,56,6.5,20,0,35,18.0,1
1922,90,56,6.5,42,0,34,11.0,1
2522,57,105,3.5,13,0,0,79.0,0
2387,28,146,2.5,59,28,0,,0
3490,150,111,3.3,52,0,39,24.0,1
4840,51,56,6.5,42,5,0,,0
3082,36,67,5.4,1,20,0,19.0,1
1352,54,56,6.5,54,2,0,5.0,1
2024,171,269,1.4,30,0,0,114.0,0
1008,5,56,6.5,36,51,0,45.0,0
2952,51,245,1.5,45,5,0,,0
1555,72,191,1.9,38,0,0,,0
4636,30,56,6.5,8,26,0,19.0,1
3788,26,56,6.5,9,30,0,,0
4246,107,119,3.1,41,0,0,6.0,1
4022,38,56,6.5,46,18,0,13.0,1
1718,48,97,3.8,33,8,0,77.0,0
4184,12,61,6.0,37,44,0,13.0,1
4804,2,56,6.5,55,54,0,62.0,0
3536,11,56,6.5,49,45,0,31.0,0
1596,103,107,3.4,6,0,0,12.0,1
2069,62,57,6.4,17,0,5,13.0,1
1785,10,57,6.4,54,46,0,46.0,0
3298,152,157,2.3,23,0,0,28.0,1
2935,228,230,1.6,37,0,0,,0
3012,109,72,5.1,2,0,37,6.0,1
2000,3,68,5.4,18,53,0,70.0,0
4802,24,134,2.7,38,32,0,116.0,0
3746,30,56,6.5,28,26,0,10.0,1
2659,96,107,3.4,14,0,0,13.0,1
3382,135,139,2.6,22,0,0,12.0,1
2843,183,155,2.4,1,0,28,11.0,1
2460,42,56,6.5,43,14,0,26.0,1
3491,89,56,6.5,42,0,33,,0
3158,2,56,6.5,47,54,0,59.0,0
3824,14,97,3.8,41,42,0,,0
3843,8,132,2.8,39,48,0,136.0,0
1577,283,298,1.2,44,0,0,15.0,1
4796,61,60,6.1,8,0,1,6.0,1
4402,128,60,6.1,27,0,68,,0
3911,49,225,1.6,10,7,0,182.0,0
1277,3,114,3.2,34,53,0,,0
3594,348,248,1.5,54,0,100,,0
4177,118,113,3.2,46,0,5,,0
1424,81,56,6.5,41,0,25,7.0,1
3767,39,56,6.5,33,17,0,13.0,1
1670,38,56,6.5,48,18,0,44.0,0
4774,186,152,2.4,59,0,34,25.0,1
2338,37,232,1.6,37,19,0,,0
3697,502,395,0.9,8,0,107,25.0,1
2895,247,176,2.1,30,0,71,3.0,1
2059,191,228,1.6,20,0,0,22.0,1
4284,2,56,6.5,1,54,0,40.0,0
4399,2,56,6.5,55,54,0,34.0,0
3094,150,177,2.1,49,0,0,18.0,1
3025,74,125,2.9,7,0,0,45.0,0
1953,146,98,3.7,58,0,48,25.0,1
4819,22,122,3.0,11,34,0,,0
4630,24,116,3.1,39,32,0,94.0,0
2632,169,251,1.5,7,0,0,76.0,0
2255,207,253,1.4,53,0,0,31.0,0
2557,72,139,2.6,36,0,0,,0
4485,195,177,2.1,20,0,18,13.0,1
1406,137,135,2.7,33,0,2,,0
4955,30,62,5.9,47,26,0,27.0,1
4534,27,164,2.2,59,29,0,,0
2838,51,56,6.5,34,5,0,3.0,1
1123,98,209,1.7,23,0,0,99.0,0
2770,83,56,6.5,56,0,27,14.0,1
4765,3,113,3.2,24,53,0,,0
1729,118,56,6.5,9,0,62,23.0,1
1399,139,140,2.6,23,0,0,,0
2801,108,87,4.2,46,0,21,23.0,1
2187,81,56,6.5,48,0,25,22.0,1
4355,102,126,2.9,17,0,0,30.0,1
1169,21,56,6.5,56,35,0,,0
4033,215,182,2.0,39,0,33,8.0,1
3142,103,90,4.1,34,0,13,7.0,1
3001,41,123,3.0,6,15,0,,0
3704,47,56,6.5,3,9,0,11.0,1
2327,43,56,6.5,53,13,0,8.0,1
2843,37,62,5.9,38,19,0,2.0,1
2119,119,178,2.1,38,0,0,48.0,0
1699,494,344,1.1,8,0,150,19.0,1
3470,22,56,6.5,40,34,0,44.0,0
2015,35,213,1.7,9,21,0,199.0,0
4634,34,56,6.5,15,22,0,28.0,1
4378,96,56,6.5,30,0,40,23.0,1
1132,3,56,6.5,49,53,0,,0
3409,17,56,6.5,4,39,0,19.0,1
4577,9,56,6.5,29,47,0,,0
3678,114,125,2.9,58,0,0,3.0,1
3012,86,75,4.9,33,0,11,10.0,1
1063,145,121,3.0,6,0,24,19.0,1
2443,211,156,2.3,29,0,55,8.0,1
1934,134,111,3.3,19,0,23,17.0,1
1369,93,152,2.4,37,0,0,46.0,0
4338,34,85,4.3,27,22,0,55.0,0
2248,81,56,6.5,11,0,25,28.0,1
3613,136,209,1.7,42,0,0,71.0,0
3563,55,56,6.5,9,1,0,9.0,1
3863,52,56,6.5,16,4,0,28.0,1
3102,39,78,4.7,51,17,0,,0
4104,8,56,6.5,18,48,0,7.0,1
3176,33,64,5.7,56,23,0,46.0,0
3772,64,118,3.1,13,0,0,,0
4536,103,118,3.1,7,0,0,,0
1417,34,56,6.5,17,22,0,,0
1540,33,60,6.1,9,23,0,33.0,0
2730,82,212,1.7,32,0,0,162.0,0
2392,192,133,2.7,26,0,59,10.0,1
4479,370,473,0.8,42,0,0,,0
3017,68,231,1.6,52,0,0,168.0,0
4649,85,224,1.6,22,0,0,140.0,0
1606,13,56,6.5,45,43,0,,0
2511,233,165,2.2,28,0,68,,0
4710,69,86,4.2,55,0,0,,0
3630,49,57,6.4,56,7,0,6.0,1
4826,89,102,3.6,16,0,0,6.0,1
1860,183,191,1.9,36,0,0,21.0,1
2596,7,134,2.7,25,49,0,145.0,0
4314,62,56,6.5,28,0,6,,0
2226,1,163,2.2,29,55,0,,0
2450,66,56,6.5,42,0,10,,0
3932,81,107,3.4,1,0,0,10.0,1
3136,67,70,5.2,31,0,0,,0
2234,102,75,4.9,30,0,27,,0
1842,193,166,2.2,40,0,27,,0
3604,29,56,6.5,25,27,0,5.0,1
2826,172,426,0.9,52,0,0,,0
3336,65,56,6.5,53,0,9,6.0,1
2604,41,56,6.5,18,15,0,,0
1994,2,121,3.0,37,54,0,147.0,0
3242,73,143,2.6,43,0,0,55.0,0
2246,118,83,4.4,51,0,35,,0
3699,108,85,4.3,9,0,23,,0
1835,40,125,2.9,15,16,0,,0
4231,51,74,4.9,29,5,0,32.0,0
4185,26,274,1.3,37,30,0,249.0,0
3289,215,176,2.1,5,0,39,16.0,1
1023,169,180,2.0,55,0,0,36.0,0
1306,8,56,6.5,44,48,0,29.0,1
2763,1,84,4.3,9,55,0,,0
2217,30,70,5.2,37,26,0,40.0,0
2988,122,56,6.5,10,0,66,24.0,1
2547,86,120,3.0,25,0,0,48.0,0
3968,57,58,6.3,55,0,0,25.0,1
4688,168,152,2.4,38,0,16,20.0,1
1407,53,56,6.5,10,3,0,,0
3680,338,356,1.0,38,0,0,5.0,1
4288,30,56,6.5,20,26,0,17.0,1
4711,49,107,3.4,42,7,0,38.0,0
2707,25,169,2.2,9,31,0,152.0,0
1300,86,57,6.4,57,0,29,24.0,1
1184,36,178,2.1,3,20,0,137.0,0
3092,16,56,6.5,43,40,0,,0
1633,137,287,1.3,11,0,0,,0
2297,78,91,4.0,4,0,0,23.0,1
4634,67,56,6.5,49,0,11,22.0,1
2427,10,70,5.2,28,46,0,53.0,0
4168,242,171,2.1,41,0,71,13.0,1
4932,57,56,6.5,38,0,1,4.0,1
1796,16,56,6.5,11,40,0,21.0,1
3389,10,75,4.9,51,46,0,71.0,0
2099,92,56,6.5,32,0,36,26.0,1
2214,525,386,0.9,18,0,139,8.0,1
2185,44,57,6.4,40,12,0,,0
4651,84,175,2.1,54,0,0,95.0,0
1772,62,106,3.4,46,0,0,,0
4443,26,56,6.5,19,30,0,42.0,0
4573,68,89,4.1,16,0,0,20.0,1
2913,6,168,2.2,3,50,0,137.0,0
1329,24,77,4.7,13,32,0,,0
4989,291,233,1.6,56,0,58,,0
3680,104,203,1.8,49,0,0,57.0,0
3200,59,187,2.0,51,0,0,160.0,0
2213,17,62,5.9,37,39,0,60.0,0
1384,54,56,6.5,53,2,0,,0
3761,21,56,6.5,48,35,0,29.0,1
4662,2,105,3.5,30,54,0,,0
3727,131,139,2.6,14,0,0,,0
4358,25,56,6.5,56,31,0,39.0,0
1116,114,89,4.1,54,0,25,,0
3768,69,102,3.6,51,0,0,24.0,1
4275,95,72,5.1,52,0,23,7.0,1
2796,205,252,1.4,36,0,0,,0
3789,8,126,2.9,6,48,0,,0
1943,43,256,1.4,32,13,0,216.0,0
4814,132,75,4.9,41,0,57,,0
3162,239,190,1.9,40,0,49,21.0,1
1072,464,332,1.1,32,0,132,25.0,1
4378,300,257,1.4,12,0,43,28.0,1
1848,25,56,6.5,43,31,0,16.0,1
2692,13,73,5.0,39,43,0,57.0,0
4762,30,68,5.4,25,26,0,,0
2846,14,133,2.7,25,42,0,124.0,0
2961,3,155,2.4,54,53,0,135.0,0
4664,132,56,6.5,57,0,76,11.0,1
4437,118,95,3.8,8,0,23,4.0,1
1845,64,56,6.5,42,0,8,17.0,1
4987,89,285,1.3,35,0,0,,0
2270,58,59,6.2,6,0,0,,0
1110,118,94,3.9,43,0,24,22.0,1
3906,39,70,5.2,4,17,0,17.0,1
2021,100,225,1.6,44,0,0,103.0,0
3491,16,56,6.5,35,40,0,,0
4186,77,88,4.1,26,0,0,,0
2062,80,82,4.5,31,0,0,21.0,1
2263,116,62,5.9,21,0,54,15.0,1
2980,437,358,1.0,24,0,79,,0
4519,101,56,6.5,55,0,45,,0
1211,116,166,2.2,10,0,0,67.0,0
2942,117,119,3.1,7,0,0,2.0,1
4336,244,246,1.5,26,0,0,19.0,1
4961,56,56,6.5,28,0,0,20.0,1
1692,21,56,6.5,2,35,0,2.0,1
2202,12,216,1.7,44,44,0,,0
3800,103,126,2.9,14,0,0,13.0,1
3386,8,56,6.5,7,48,0,51.0,0
4999,20,58,6.3,17,36,0,35.0,0
1563,160,122,3.0,15,0,38,,0
3699,86,175,2.1,22,0,0,78.0,0
3881,86,56,6.5,32,0,30,18.0,1
4427,69,56,6.5,26,0,13,,0
2300,123,136,2.7,23,0,0,10.0,1
4751,90,56,6.5,26,0,34,22.0,1
4306,58,56,6.5,50,0,2,1.0,1
1522,63,56,6.5,56,0,7,,0
3620,36,172,2.1,24,20,0,121.0,0
1283,17,99,3.7,22,39,0,79.0,0
1459,91,75,4.9,55,0,16,,0
4332,152,273,1.3,27,0,0,114.0,0
3417,109,149,2.4,21,0,0,54.0,0
2470,210,328,1.1,37,0,0,144.0,0
3574,13,56,6.5,43,43,0,45.0,0
3463,89,87,4.2,8,0,2,,0
4920,16,56,6.5,14,40,0,26.0,1
3344,43,74,4.9,2,13,0,,0
2101,63,73,5.0,52,0,0,35.0,0
4944,126,148,2.5,7,0,0,29.0,1
1904,32,93,3.9,27,24,0,66.0,0
1509,186,148,2.5,8,0,38,,0
2360,145,158,2.3,4,0,0,,0
4243,201,504,0.7,59,0,0,,0
3694,99,69,5.3,10,0,30,,0
4834,21,56,6.5,46,35,0,55.0,0
2375,52,109,3.3,54,4,0,63.0,0
4115,46,56,6.5,47,10,0,8.0,1
1773,333,294,1.2,10,0,39,11.0,1
1911,98,71,5.1,16,0,27,,0
4265,48,57,6.4,3,8,0,42.0,0
3505,110,61,6.0,23,0,49,26.0,1
4587,213,159,2.3,2,0,54,7.0,1
4135,25,79,4.6,1,31,0,,0
4332,27,56,6.5,11,29,0,,0
2188,342,341,1.1,48,0,1,10.0,1
1102,60,56,6.5,58,0,4,3.0,1
3201,26,92,4.0,44,30,0,,0
3717,71,151,2.4,37,0,0,85.0,0
1897,23,56,6.5,58,33,0,,0
4442,195,132,2.8,20,0,63,6.0,1
2937,54,56,6.5,21,2,0,27.0,1
3310,195,173,2.1,30,0,22,,0
4949,32,56,6.5,25,24,0,17.0,1
4694,215,156,2.3,47,0,59,11.0,1
2622,122,218,1.7,17,0,0,58.0,0
2016,260,179,2.0,40,0,81,11.0,1
1659,27,110,3.3,51,29,0,,0
1782,3,74,4.9,23,53,0,59.0,0
1947,50,56,6.5,19,6,0,35.0,0
3933,391,292,1.2,44,0,99,,0
1667,45,56,6.5,21,11,0,11.0,1
4053,106,56,6.5,7,0,50,21.0,1
2983,229,153,2.4,6,0,76,11.0,1
3370,45,56,6.5,2,11,0,8.0,1
2154,66,56,6.5,3,0,10,18.0,1
2208,51,56,6.5,41,5,0,17.0,1
1054,36,61,6.0,11,20,0,,0
4467,75,84,4.3,22,0,0,,0
1703,107,109,3.3,50,0,0,13.0,1
3616,18,192,1.9,59,38,0,131.0,0
3529,80,137,2.7,48,0,0,55.0,0
4107,72,77,4.7,53,0,0,,0
3439,94,76,4.8,42,0,18,6.0,1
3824,130,135,2.7,48,0,0,,0
3722,298,249,1.5,9,0,49,22.0,1
2405,5,99,3.7,20,51,0,102.0,0
4159,17,61,6.0,2,39,0,45.0,0
4543,22,56,6.5,50,34,0,37.0,0
2442,59,56,6.5,16,0,3,24.0,1
3186,220,153,2.4,26,0,67,14.0,1
1375,27,142,2.6,52,29,0,113.0,0
2925,74,142,2.6,23,0,0,65.0,0
1408,50,81,4.5,14,6,0,36.0,0
1000,100,277,1.3,21,0,0,174.0,0
4848,11,61,6.0,23,45,0,44.0,0
2148,106,193,1.9,12,0,0,68.0,0
3679,10,87,4.2,4,46,0,,0
3892,52,56,6.5,17,4,0,12.0,1
1540,229,144,2.5,31,0,85,5.0,1
1813,29,124,2.9,28,27,0,101.0,0
2311,26,119,3.1,52,30,0,,0
1158,63,96,3.8,53,0,0,,0
3265,93,87,4.2,54,0,6,,0
4943,554,608,0.6,52,0,0,,0
3519,241,232,1.6,39,0,9,20.0,1
4278,43,160,2.3,36,13,0,119.0,0
3409,55,98,3.7,47,1,0,45.0,0
1886,121,201,1.8,14,0,0,63.0,0
4826,176,136,2.7,52,0,40,,0
4845,42,91,4.0,54,14,0,18.0,1
1668,74,70,5.2,31,0,4,4.0,1
1158,96,84,4.3,33,0,12,2.0,1
1911,24,56,6.5,9,32,0,,0
4785,43,106,3.4,22,13,0,60.0,0
2278,51,60,6.1,36,5,0,,0
2655,1,321,1.1,30,55,0,292.0,0
3540,124,91,4.0,52,0,33,27.0,1
2895,1,56,6.5,9,55,0,41.0,0
3814,63,86,4.2,9,0,0,15.0,1
4715,61,56,6.5,54,0,5,8.0,1
3908,95,131,2.8,12,0,0,28.0,1
2151,139,113,3.2,28,0,26,,0
2671,139,193,1.9,16,0,0,50.0,0
1359,53,56,6.5,37,3,0,27.0,1
1458,21,92,4.0,49,35,0,65.0,0
3880,24,56,6.5,57,32,0,37.0,0
4946,125,157,2.3,6,0,0,,0
3084,79,136,2.7,9,0,0,36.0,0
4670,35,133,2.7,43,21,0,100.0,0
1413,31,90,4.1,34,25,0,33.0,0
3766,101,125,2.9,31,0,0,11.0,1
2244,64,324,1.1,56,0,0,241.0,0
2943,4,71,5.1,7,52,0,,0
4528,63,100,3.6,32,0,0,,0
2194,80,56,6.5,49,0,24,28.0,1
2162,31,56,6.5,43,25,0,,0
2102,24,97,3.8,54,32,0,71.0,0
2212,307,217,1.7,24,0,90,22.0,1
3667,30,73,5.0,30,26,0,37.0,0
1109,87,74,4.9,42,0,13,26.0,1
2317,73,65,5.6,26,0,8,8.0,1
4247,8,58,6.3,33,48,0,65.0,0
1409,85,113,3.2,26,0,0,10.0,1
2151,14,56,6.5,19,42,0,,0
4436,230,250,1.5,1,0,0,4.0,1
4044,24,56,6.5,52,32,0,,0
2047,219,160,2.3,20,0,59,12.0,1
1213,3,56,6.5,38,53,0,24.0,1
2873,192,153,2.4,48,0,39,27.0,1
1584,81,154,2.4,12,0,0,61.0,0
2756,11,122,3.0,59,45,0,109.0,0
3399,92,56,6.5,43,0,36,22.0,1
1139,106,109,3.3,22,0,0,22.0,1
4176,26,56,6.5,50,30,0,,0
3704,24,73,5.0,55,32,0,,0
1728,177,205,1.8,7,0,0,22.0,1
4508,244,170,2.1,22,0,74,5.0,1
4853,79,91,4.0,27,0,0,24.0,1
4224,66,56,6.5,14,0,10,11.0,1
3522,77,150,2.4,57,0,0,89.0,0
2804,96,91,4.0,13,0,5,28.0,1
2828,8,56,6.5,20,48,0,51.0,0
2289,93,168,2.2,8,0,0,62.0,0
3421,127,88,4.1,46,0,39,24.0,1
4144,45,235,1.6,18,11,0,197.0,0
4532,31,56,6.5,58,25,0,,0
3950,27,56,6.5,4,29,0,14.0,1
3957,58,112,3.3,23,0,0,34.0,0
2147,177,113,3.2,23,0,64,15.0,1
2635,36,56,6.5,4,20,0,33.0,0
3421,117,56,6.5,41,0,61,16.0,1
1999,948,730,0.5,2,0,218,8.0,1
3308,43,70,5.2,46,13,0,22.0,1
3060,71,161,2.3,44,0,0,80.0,0
4091,12,56,6.5,22,44,0,34.0,0
3038,25,56,6.5,51,31,0,29.0,1
4099,89,78,4.7,50,0,11,3.0,1
4698,93,72,5.1,59,0,21,,0
2459,4,65,5.6,44,52,0,56.0,0
4278,71,82,4.5,1,0,0,,0
2446,129,111,3.3,10,0,18,28.0,1
1378,43,79,4.6,56,13,0,28.0,1
2812,12,56,6.5,34,44,0,15.0,1
1191,109,132,2.8,31,0,0,25.0,1
1528,24,56,6.5,14,32,0,,0
2733,9,56,6.5,52,47,0,17.0,1
2645,24,162,2.3,48,32,0,,0
1536,71,135,2.7,19,0,0,38.0,0
3121,9,85,4.3,46,47,0,,0
2485,33,56,6.5,29,23,0,10.0,1
1018,34,56,6.5,56,22,0,4.0,1
4955,27,72,5.1,46,29,0,48.0,0
2802,17,56,6.5,55,39,0,41.0,0
4103,23,56,6.5,36,33,0,,0
1265,181,151,2.4,30,0,30,13.0,1
1238,281,281,1.3,11,0,0,9.0,1
4809,56,64,5.7,30,0,0,,0
3674,126,164,2.2,59,0,0,42.0,0
4627,41,56,6.5,22,15,0,26.0,1
3548,194,152,2.4,53,0,42,2.0,1
3140,69,56,6.5,2,0,13,28.0,1
1604,49,115,3.2,39,7,0,57.0,0
3261,62,73,5.0,25,0,0,37.0,0
2905,192,258,1.4,45,0,0,49.0,0
1333,42,56,6.5,8,14,0,44.0,0
2978,211,148,2.5,32,0,63,3.0,1
1257,4,71,5.1,44,52,0,,0
3315,88,79,4.6,7,0,9,24.0,1
3133,81,77,4.7,59,0,4,25.0,1
4648,73,56,6.5,22,0,17,23.0,1
4825,83,89,4.1,29,0,0,4.0,1
1587,51,85,4.3,59,5,0,38.0,0
3046,134,109,3.3,2,0,25,17.0,1
2355,12,96,3.8,38,44,0,100.0,0
3627,95,170,2.1,43,0,0,81.0,0
3832,272,188,1.9,49,0,84,,0
2204,9,56,6.5,15,47,0,50.0,0
3287,202,180,2.0,54,0,22,8.0,1
3450,23,56,6.5,55,33,0,22.0,1
3681,196,144,2.5,20,0,52,27.0,1
2408,23,147,2.5,26,33,0,118.0,0
1563,34,56,6.5,11,22,0,,0
2552,121,96,3.8,23,0,25,2.0,1
1993,43,61,6.0,41,13,0,12.0,1
3282,91,56,6.5,49,0,35,3.0,1
1953,272,265,1.4,52,0,7,17.0,1
3502,15,56,6.5,42,41,0,68.0,0
1317,1,56,6.5,4,55,0,,0
2440,94,95,3.8,4,0,0,5.0,1
1837,219,155,2.4,48,0,64,14.0,1
4379,78,80,4.6,1,0,0,7.0,1
4333,265,228,1.6,23,0,37,,0
1607,58,137,2.7,24,0,0,,0
3779,73,56,6.5,27,0,17,,0
2380,79,58,6.3,7,0,21,,0
3879,23,57,6.4,34,33,0,,0
3908,100,132,2.8,4,0,0,31.0,0
4642,50,56,6.5,2,6,0,9.0,1
4178,720,691,0.5,23,0,29,,0
4549,234,137,2.7,48,0,97,1.0,1
1021,125,101,3.6,36,0,24,12.0,1
4908,8,231,1.6,55,48,0,221.0,0
4036,526,586,0.6,22,0,0,,0
1897,25,180,2.0,10,31,0,154.0,0
1457,129,192,1.9,42,0,0,70.0,0
4117,28,99,3.7,35,28,0,,0
4539,29,80,4.6,41,27,0,60.0,0
2075,27,61,6.0,27,29,0,42.0,0
3804,8,56,6.5,24,48,0,27.0,1
2489,3,56,6.5,7,53,0,66.0,0
2708,5,56,6.5,51,51,0,43.0,0
2916,40,84,4.3,21,16,0,,0
3146,24,56,6.5,59,32,0,8.0,1
3228,80,104,3.5,8,0,0,7.0,1
2059,18,87,4.2,50,38,0,50.0,0
2458,132,101,3.6,36,0,31,21.0,1
4601,58,59,6.2,5,0,0,16.0,1
1523,315,730,0.5,16,0,0,,0
4384,162,267,1.4,18,0,0,,0
2649,57,56,6.5,38,0,1,,0
1429,165,108,3.4,23,0,57,6.0,1
2240,42,56,6.5,56,14,0,,0
4043,11,56,6.5,44,45,0,45.0,0
4455,20,56,6.5,52,36,0,,0
2001,154,127,2.9,37,0,27,1.0,1
4112,29,56,6.5,51,27,0,,0
4960,123,195,1.9,21,0,0,,0
2785,106,199,1.8,45,0,0,67.0,0
3676,103,270,1.4,22,0,0,168.0,0
4574,57,56,6.5,13,0,1,,0
1019,75,131,2.8,36,0,0,37.0,0
2147,146,149,2.4,11,0,0,,0
3671,84,61,6.0,6,0,23,,0
1714,4,56,6.5,9,52,0,39.0,0
4193,286,326,1.1,20,0,0,60.0,0
1147,110,107,3.4,39,0,3,10.0,1
1608,142,149,2.4,24,0,0,,0
2673,34,56,6.5,12,22,0,38.0,0
2085,26,56,6.5,42,30,0,,0
2087,104,57,6.4,35,0,47,15.0,1
4288,77,81,4.5,39,0,0,11.0,1
3761,52,56,6.5,25,4,0,8.0,1
2047,18,89,4.1,27,38,0,,0
3856,40,56,6.5,42,16,0,,0
1416,41,56,6.5,1,15,0,42.0,0
1417,26,153,2.4,12,30,0,126.0,0
2742,87,145,2.5,1,0,0,26.0,1
3903,51,65,5.6,13,5,0,8.0,1
4918,13,56,6.5,39,43,0,56.0,0
4824,15,56,6.5,50,41,0,,0
4721,55,66,5.5,40,1,0,17.0,1
3820,146,150,2.4,6,0,0,9.0,1
4029,250,189,1.9,29,0,61,21.0,1
4748,22,60,6.1,47,34,0,32.0,0
2397,20,56,6.5,50,36,0,8.0,1
4358,91,111,3.3,4,0,0,,0
1662,35,56,6.5,23,21,0,37.0,0
2790,89,59,6.2,44,0,30,,0
1522,159,259,1.4,8,0,0,102.0,0
4145,188,174,2.1,37,0,14,14.0,1
2909,70,102,3.6,2,0,0,23.0,1
1994,79,56,6.5,50,0,23,,0
4733,62,106,3.4,4,0,0,54.0,0
4304,225,210,1.7,51,0,15,3.0,1
4967,119,66,5.5,23,0,53,20.0,1
3421,94,265,1.4,21,0,0,,0
3340,280,253,1.4,53,0,27,15.0,1
1538,2,340,1.1,26,54,0,330.0,0
2024,103,114,3.2,40,0,0,,0
1446,180,144,2.5,30,0,36,17.0,1
2668,368,279,1.3,33,0,89,13.0,1
2034,128,128,2.9,22,0,0,10.0,1
3784,46,60,6.1,12,10,0,,0
1335,17,62,5.9,6,39,0,13.0,1
3471,102,108,3.4,20,0,0,,0
4549,18,56,6.5,7,38,0,,0
2563,75,80,4.6,30,0,0,,0
3332,54,216,1.7,43,2,0,143.0,0
3191,38,56,6.5,41,18,0,14.0,1
2920,92,307,1.2,57,0,0,206.0,0
2342,8,220,1.7,8,48,0,220.0,0
4527,52,62,5.9,17,4,0,13.0,1
4075,8,139,2.6,43,48,0,71.0,0
1562,27,90,4.1,28,29,0,64.0,0
4171,77,240,1.5,32,0,0,,0
4453,286,197,1.9,48,0,89,16.0,1
3748,52,56,6.5,9,4,0,14.0,1
1081,81,143,2.6,44,0,0,62.0,0
2746,24,76,4.8,4,32,0,,0
1355,91,96,3.8,3,0,0,1.0,1
2864,37,56,6.5,44,19,0,4.0,1
3329,54,364,1.0,50,2,0,288.0,0
3689,188,206,1.8,36,0,0,,0
2474,63,56,6.5,48,0,7,,0
4291,91,56,6.5,7,0,35,3.0,1
1044,36,66,5.5,10,20,0,58.0,0
3363,102,127,2.9,33,0,0,28.0,1
2939,52,109,3.3,14,4,0,65.0,0
2554,152,245,1.5,18,0,0,102.0,0
3770,201,169,2.2,33,0,32,5.0,1
1104,219,195,1.9,54,0,24,16.0,1
4876,136,116,3.1,26,0,20,,0
4726,26,56,6.5,39,30,0,11.0,1
4194,69,76,4.8,56,0,0,12.0,1
3536,46,210,1.7,50,10,0,144.0,0
4269,83,86,4.2,17,0,0,,0
1873,71,134,2.7,43,0,0,50.0,0
1247,30,69,5.3,28,26,0,32.0,0
3880,47,56,6.5,2,9,0,,0
4340,8,81,4.5,40,48,0,73.0,0
1567,22,115,3.2,37,34,0,,0
2904,24,56,6.5,32,32,0,26.0,1
3157,91,74,4.9,27,0,17,13.0,1
1184,48,56,6.5,31,8,0,,0
2026,221,220,1.7,54,0,1,,0
2836,31,71,5.1,4,25,0,63.0,0
4832,408,287,1.3,35,0,121,15.0,1
2351,127,305,1.2,32,0,0,,0
4286,86,84,4.3,11,0,2,2.0,1
2691,74,56,6.5,57,0,18,15.0,1
4360,34,56,6.5,53,22,0,,0
3422,22,56,6.5,23,34,0,43.0,0
4937,33,56,6.5,47,23,0,,0
1097,224,271,1.3,23,0,0,,0
2304,104,98,3.7,39,0,6,13.0,1
4901,6,122,3.0,56,50,0,,0
4944,52,56,6.5,35,4,0,,0
2915,28,56,6.5,17,28,0,39.0,0
3880,265,183,2.0,52,0,82,19.0,1
1746,65,113,3.2,49,0,0,53.0,0
3630,109,80,4.6,20,0,29,,0
4188,109,141,2.6,43,0,0,42.0,0
1933,490,333,1.1,50,0,157,26.0,1
1155,123,75,4.9,32,0,48,,0
1336,56,95,3.8,56,0,0,45.0,0
3405,111,105,3.5,38,0,6,4.0,1
2914,707,610,0.6,46,0,97,23.0,1
3159,12,56,6.5,5,44,0,48.0,0
3077,117,155,2.4,15,0,0,,0
4712,46,82,4.5,32,10,0,38.0,0
3147,36,141,2.6,34,20,0,,0
3449,21,56,6.5,26,35,0,20.0,1
1385,43,86,4.2,51,13,0,45.0,0
4680,148,159,2.3,15,0,0,21.0,1
1326,384,730,0.5,9,0,0,,0
3159,124,171,2.1,5,0,0,,0
2772,94,56,6.5,34,0,38,28.0,1
1058,52,64,5.7,33,4,0,,0
3993,41,62,5.9,21,15,0,6.0,1
1998,26,56,6.5,3,30,0,34.0,0
1273,27,69,5.3,30,29,0,29.0,1
2286,146,161,2.3,5,0,0,9.0,1
3236,5,56,6.5,24,51,0,31.0,0
1381,259,208,1.8,52,0,51,,0
2731,163,132,2.8,16,0,31,19.0,1
3680,6,56,6.5,6,50,0,55.0,0
4728,63,80,4.6,40,0,0,26.0,1
4666,428,323,1.1,35,0,105,,0
1708,185,161,2.3,26,0,24,12.0,1
4430,62,90,4.1,44,0,0,33.0,0
2206,98,74,4.9,56,0,24,18.0,1
2253,84,95,3.8,1,0,0,11.0,1
4044,47,59,6.2,58,9,0,,0
3060,63,56,6.5,20,0,7,4.0,1
2124,287,461,0.8,54,0,0,197.0,0
2475,101,101,3.6,46,0,0,25.0,1
1728,69,123,3.0,11,0,0,69.0,0
1478,29,85,4.3,20,27,0,78.0,0
2831,21,56,6.5,39,35,0,9.0,1
1142,19,77,4.7,4,37,0,,0
1027,67,56,6.5,38,0,11,,0
3488,484,556,0.7,46,0,0,85.0,0
4263,52,56,6.5,42,4,0,,0
2782,54,56,6.5,30,2,0,25.0,1
2226,95,63,5.8,36,0,32,22.0,1
1220,145,252,1.4,45,0,0,91.0,0
1122,37,91,4.0,22,19,0,,0
2156,49,56,6.5,40,7,0,25.0,1
3877,37,245,1.5,18,19,0,,0
3282,148,161,2.3,5,0,0,,0
3217,141,138,2.6,44,0,3,,0
2857,48,159,2.3,30,8,0,,0
4091,824,611,0.6,55,0,213,28.0,1
2621,749,517,0.7,5,0,232,9.0,1
2959,47,56,6.5,39,9,0,18.0,1
1922,54,330,1.1,51,2,0,,0
1916,167,122,3.0,14,0,45,21.0,1
3680,100,134,2.7,11,0,0,46.0,0
2299,72,56,6.5,52,0,16,19.0,1
2823,150,78,4.7,21,0,72,16.0,1
2717,12,56,6.5,11,44,0,43.0,0
4107,148,174,2.1,32,0,0,,0
3037,179,212,1.7,29,0,0,,0
2977,33,56,6.5,3,23,0,9.0,1
1111,53,88,4.1,13,3,0,28.0,1
1877,58,220,1.7,6,0,0,,0
2602,68,77,4.7,58,0,0,5.0,1
2018,43,161,2.3,48,13,0,108.0,0
2223,170,119,3.1,28,0,51,3.0,1
4613,78,118,3.1,31,0,0,,0
3755,33,72,5.1,23,23,0,20.0,1
4206,79,56,6.5,38,0,23,4.0,1
3169,20,56,6.5,38,36,0,,0
2687,53,158,2.3,53,3,0,90.0,0
4336,39,91,4.0,6,17,0,46.0,0
1289,118,80,4.6,22,0,38,22.0,1
3760,111,64,5.7,45,0,47,,0
4638,83,70,5.2,58,0,13,1.0,1
1870,1,207,1.8,40,55,0,,0
1627,98,68,5.4,49,0,30,,0
4662,28,56,6.5,34,28,0,43.0,0
3416,28,163,2.2,38,28,0,131.0,0
2547,124,76,4.8,38,0,48,15.0,1
3551,48,92,4.0,7,8,0,,0
3105,282,325,1.1,1,0,0,34.0,0
4576,29,88,4.1,32,27,0,61.0,0
3044,150,113,3.2,22,0,37,8.0,1
1442,35,56,6.5,40,21,0,32.0,0
3627,71,75,4.9,3,0,0,,0
3832,98,146,2.5,4,0,0,51.0,0
4272,22,56,6.5,17,34,0,,0
3782,36,105,3.5,35,20,0,,0
3461,46,97,3.8,23,10,0,,0
3804,18,93,3.9,29,38,0,71.0,0
3494,171,206,1.8,57,0,0,,0
1445,143,117,3.1,2,0,26,27.0,1
4813,122,293,1.2,46,0,0,155.0,0
4601,15,56,6.5,6,41,0,,0
1404,128,100,3.6,55,0,28,11.0,1
4280,112,96,3.8,50,0,16,1.0,1
3722,35,56,6.5,24,21,0,18.0,1
4472,212,193,1.9,2,0,19,20.0,1
1976,685,578,0.6,12,0,107,,0
3648,98,88,4.1,58,0,10,,0
2205,77,134,2.7,5,0,0,53.0,0
4020,55,96,3.8,42,1,0,,0
3199,30,56,6.5,15,26,0,3.0,1
4086,9,56,6.5,13,47,0,,0
1340,12,56,6.5,10,44,0,13.0,1
4323,28,56,6.5,22,28,0,1.0,1
1587,273,351,1.0,29,0,0,,0
1525,79,82,4.5,49,0,0,3.0,1
4758,19,68,5.4,45,37,0,38.0,0
2389,151,183,2.0,7,0,0,,0
4163,10,56,6.5,22,46,0,16.0,1
4288,55,56,6.5,4,1,0,,0
3139,129,95,3.8,2,0,34,,0
4358,149,205,1.8,22,0,0,,0
3147,8,134,2.7,57,48,0,114.0,0
2081,65,109,3.3,24,0,0,52.0,0
2703,60,95,3.8,26,0,0,32.0,0
2469,122,123,3.0,22,0,0,16.0,1
4253,31,105,3.5,5,25,0,,0
2532,22,56,6.5,10,34,0,45.0,0
3747,62,93,3.9,55,0,0,,0
1860,15,56,6.5,19,41,0,60.0,0
4466,31,96,3.8,41,25,0,66.0,0
4069,71,61,6.0,22,0,10,,0
4225,806,686,0.5,27,0,120,,0
4866,93,87,4.2,2,0,6,28.0,1
4357,30,56,6.5,21,26,0,3.0,1
1820,127,80,4.6,25,0,47,5.0,1
4364,27,136,2.7,22,29,0,116.0,0
1770,414,343,1.1,9,0,71,11.0,1
4827,52,56,6.5,31,4,0,9.0,1
1073,15,56,6.5,45,41,0,24.0,1
3399,1,173,2.1,1,55,0,169.0,0
3116,54,56,6.5,15,2,0,7.0,1
3696,55,63,5.8,30,1,0,8.0,1
4225,98,73,5.0,13,0,25,12.0,1
1418,60,85,4.3,14,0,0,11.0,1
3372,243,156,2.3,43,0,87,,0
4919,35,56,6.5,34,21,0,35.0,0
2484,29,72,5.1,25,27,0,13.0,1
3781,57,88,4.1,57,0,0,25.0,1
4210,135,101,3.6,33,0,34,,0
4192,139,97,3.8,43,0,42,3.0,1
4997,28,127,2.9,21,28,0,82.0,0
2904,235,176,2.1,54,0,59,2.0,1
1916,76,123,3.0,32,0,0,56.0,0
2283,114,129,2.8,16,0,0,14.0,1
3192,2,56,6.5,5,54,0,52.0,0
1992,80,93,3.9,27,0,0,6.0,1
2526,129,132,2.8,26,0,0,,0
2694,100,161,2.3,19,0,0,66.0,0
2541,56,56,6.5,22,0,0,26.0,1
2760,50,56,6.5,57,6,0,11.0,1
1115,97,56,6.5,10,0,41,9.0,1
3598,56,138,2.6,52,0,0,69.0,0
4178,64,205,1.8,15,0,0,140.0,0
3677,54,64,5.7,34,2,0,20.0,1
1041,119,186,2.0,30,0,0,,0
1817,93,99,3.7,35,0,0,,0
1538,51,81,4.5,14,5,0,34.0,0
2240,102,76,4.8,23,0,26,,0
4689,187,163,2.2,49,0,24,3.0,1
3130,61,116,3.1,7,0,0,29.0,1
4969,722,555,0.7,46,0,167,,0
4392,11,56,6.5,26,45,0,34.0,0
1269,128,136,2.7,29,0,0,23.0,1
1107,6,58,6.3,10,50,0,,0
2038,6,56,6.5,48,50,0,75.0,0
1946,102,89,4.1,30,0,13,28.0,1
3709,85,100,3.6,46,0,0,25.0,1
4897,949,730,0.5,46,0,219,28.0,1
4920,101,77,4.7,23,0,24,,0
3749,24,56,6.5,10,32,0,47.0,0
1945,149,111,3.3,47,0,38,21.0,1
3728,80,56,6.5,26,0,24,1.0,1
1799,93,83,4.4,54,0,10,24.0,1
3208,124,91,4.0,18,0,33,,0
2472,133,169,2.2,1,0,0,28.0,1
2832,54,196,1.9,3,2,0,142.0,0
1082,3,60,6.1,41,53,0,71.0,0
4685,22,79,4.6,10,34,0,68.0,0
4451,7,56,6.5,29,49,0,57.0,0
3162,68,56,6.5,5,0,12,19.0,1
4313,134,115,3.2,5,0,19,,0
1058,8,56,6.5,15,48,0,49.0,0
3146,60,64,5.7,26,0,0,14.0,1
3489,3,56,6.5,26,53,0,,0
4459,82,139,2.6,36,0,0,28.0,1
4146,446,380,1.0,4,0,66,,0
4312,24,56,6.5,55,32,0,19.0,1
3562,38,56,6.5,59,18,0,19.0,1
3422,72,81,4.5,26,0,0,,0
3113,4,91,4.0,50,52,0,74.0,0
2014,35,107,3.4,29,21,0,,0
1803,53,62,5.9,39,3,0,17.0,1
4734,94,76,4.8,52,0,18,17.0,1
1906,83,120,3.0,22,0,0,,0
4234,130,206,1.8,1,0,0,102.0,0
3294,37,56,6.5,28,19,0,16.0,1
1761,22,67,5.4,46,34,0,68.0,0
4356,102,106,3.4,39,0,0,,0
1316,86,56,6.5,19,0,30,18.0,1
3237,365,359,1.0,41,0,6,,0
1006,11,56,6.5,53,45,0,44.0,0
4602,88,87,4.2,12,0,1,,0
3373,150,140,2.6,54,0,10,24.0,1
1088,109,56,6.5,42,0,53,2.0,1
1719,68,56,6.5,6,0,12,,0
1890,14,63,5.8,55,42,0,,0
1829,108,205,1.8,35,0,0,76.0,0
3326,36,68,5.4,11,20,0,51.0,0
3868,17,56,6.5,1,39,0,,0
2930,193,188,1.9,1,0,5,12.0,1
4936,2,69,5.3,7,54,0,70.0,0
1071,17,59,6.2,43,39,0,55.0,0
4555,12,101,3.6,42,44,0,139.0,0
4578,57,166,2.2,29,0,0,92.0,0
1881,862,605,0.6,34,0,257,15.0,1
1216,167,174,2.1,7,0,0,,0
4618,147,227,1.6,31,0,0,82.0,0
2932,52,60,6.1,56,4,0,4.0,1
4525,84,56,6.5,1,0,28,,0
3018,93,94,3.9,37,0,0,9.0,1
1109,106,98,3.7,26,0,8,16.0,1
1828,6,56,6.5,50,50,0,36.0,0
2190,72,78,4.7,29,0,0,24.0,1
3545,96,123,3.0,35,0,0,,0
1579,180,120,3.0,37,0,60,,0
1748,166,134,2.7,10,0,32,2.0,1
3474,4,113,3.2,5,52,0,116.0,0
3431,50,60,6.1,30,6,0,3.0,1
4497,3,59,6.2,50,53,0,40.0,0
2807,8,56,6.5,46,48,0,39.0,0
2912,349,375,1.0,4,0,0,24.0,1
1266,114,90,4.1,7,0,24,18.0,1
1599,93,75,4.9,54,0,18,13.0,1
4789,15,56,6.5,51,41,0,,0
4431,453,730,0.5,20,0,0,266.0,0
2086,3,56,6.5,28,53,0,26.0,1
2991,20,63,5.8,7,36,0,41.0,0
1374,167,125,2.9,11,0,42,,0
1477,201,145,2.5,49,0,56,,0
3334,148,193,1.9,14,0,0,25.0,1
3501,35,382,1.0,8,21,0,336.0,0
3327,40,134,2.7,24,16,0,,0
4766,3,56,6.5,51,53,0,60.0,0
4968,14,73,5.0,54,42,0,30.0,1
3981,94,115,3.2,31,0,0,31.0,0
4583,487,470,0.8,59,0,17,19.0,1
2709,55,56,6.5,2,1,0,29.0,1
2492,212,235,1.6,8,0,0,51.0,0
3181,135,103,3.5,27,0,32,,0
4918,17,175,2.1,43,39,0,,0
3975,42,82,4.5,24,14,0,,0
1849,23,56,6.5,51,33,0,,0
1878,62,164,2.2,6,0,0,111.0,0
1863,111,151,2.4,11,0,0,28.0,1
3699,218,195,1.9,49,0,23,,0
3081,94,89,4.1,16,0,5,,0
1065,100,56,6.5,52,0,44,19.0,1
3219,10,56,6.5,29,46,0,64.0,0
2877,252,173,2.1,41,0,79,,0
1532,7,126,2.9,30,49,0,107.0,0
3757,30,56,6.5,45,26,0,22.0,1
2029,27,58,6.3,7,29,0,12.0,1
2803,81,61,6.0,16,0,20,18.0,1
2667,3,56,6.5,36,53,0,59.0,0
3566,7,56,6.5,31,49,0,,0
3635,8,56,6.5,11,48,0,55.0,0
1733,30,64,5.7,19,26,0,,0
1840,29,56,6.5,14,27,0,,0
2542,39,56,6.5,58,17,0,,0
1239,546,453,0.8,15,0,93,6.0,1
2070,80,245,1.5,8,0,0,175.0,0
1789,27,56,6.5,12,29,0,5.0,1
1154,11,111,3.3,43,45,0,92.0,0
3299,61,125,2.9,24,0,0,,0
2762,284,233,1.6,38,0,51,25.0,1
2573,87,56,6.5,55,0,31,11.0,1
4159,70,215,1.7,13,0,0,,0
1269,62,58,6.3,18,0,4,24.0,1
2703,86,56,6.5,35,0,30,23.0,1
3403,5,160,2.3,29,51,0,185.0,0
2740,241,252,1.4,20,0,0,21.0,1
1612,92,713,0.5,54,0,0,611.0,0
2139,24,56,6.5,34,32,0,,0
1049,192,157,2.3,3,0,35,25.0,1
1458,66,64,5.7,40,0,2,2.0,1
3079,197,168,2.2,35,0,29,14.0,1
2860,36,56,6.5,42,20,0,20.0,1
4280,66,56,6.5,31,0,10,,0
4265,4,56,6.5,56,52,0,,0
1991,41,95,3.8,7,15,0,38.0,0
2110,74,56,6.5,9,0,18,10.0,1
3308,96,152,2.4,54,0,0,51.0,0
3681,211,204,1.8,53,0,7,6.0,1
1807,1,145,2.5,50,55,0,,0
2701,355,328,1.1,59,0,27,23.0,1
4015,66,125,2.9,48,0,0,,0
3522,2,56,6.5,17,54,0,65.0,0
1765,203,267,1.4,52,0,0,,0
2213,28,56,6.5,7,28,0,38.0,0
2281,218,186,2.0,51,0,32,17.0,1
1807,252,317,1.2,5,0,0,68.0,0
1504,51,129,2.8,24,5,0,96.0,0
3551,25,56,6.5,15,31,0,1.0,1
1582,57,56,6.5,2,0,1,1.0,1
2255,301,259,1.4,57,0,42,21.0,1
1433,2,78,4.7,15,54,0,,0
1405,69,95,3.8,21,0,0,,0
1902,139,165,2.2,37,0,0,24.0,1
2916,5,157,2.3,14,51,0,,0
3542,20,112,3.3,51,36,0,86.0,0
4656,127,76,4.8,2,0,51,1.0,1
4309,84,70,5.2,25,0,14,23.0,1
4834,158,178,2.1,27,0,0,6.0,1
1364,102,140,2.6,52,0,0,53.0,0
4490,5,73,5.0,53,51,0,53.0,0
4429,54,213,1.7,51,2,0,161.0,0
2047,76,81,4.5,38,0,0,27.0,1
3211,61,56,6.5,53,0,5,,0
3868,32,56,6.5,19,24,0,57.0,0
3257,12,56,6.5,42,44,0,63.0,0
3666,51,72,5.1,48,5,0,21.0,1
1921,173,241,1.5,30,0,0,71.0,0
3278,45,56,6.5,49,11,0,12.0,1
4534,34,104,3.5,10,22,0,67.0,0
3359,8,56,6.5,31,48,0,40.0,0
2877,45,73,5.0,13,11,0,,0
3648,93,56,6.5,13,0,37,,0
3602,45,75,4.9,27,11,0,,0
4672,52,77,4.7,46,4,0,31.0,0
3856,138,138,2.6,19,0,0,4.0,1
4672,198,107,3.4,19,0,91,11.0,1
3520,88,56,6.5,37,0,32,4.0,1
2798,191,214,1.7,41,0,0,24.0,1
2831,5,106,3.4,15,51,0,116.0,0
2783,58,105,3.5,28,0,0,40.0,0
2899,83,89,4.1,44,0,0,7.0,1
3967,69,59,6.2,36,0,10,18.0,1
4666,125,107,3.4,28,0,18,20.0,1
2173,13,131,2.8,50,43,0,120.0,0
1301,57,56,6.5,33,0,1,18.0,1
1022,39,58,6.3,44,17,0,,0
4667,63,73,5.0,55,0,0,26.0,1
4582,138,110,3.3,57,0,28,,0
4411,318,233,1.6,22,0,85,,0
2023,73,56,6.5,9,0,17,,0
2670,74,60,6.1,36,0,14,,0
3977,18,59,6.2,6,38,0,8.0,1
1394,6,56,6.5,2,50,0,,0
3986,107,68,5.4,43,0,39,,0
2351,197,166,2.2,43,0,31,28.0,1
2381,40,56,6.5,26,16,0,2.0,1
2418,128,126,2.9,5,0,2,10.0,1
1810,66,56,6.5,23,0,10,26.0,1
4352,11,57,6.4,6,45,0,66.0,0
1030,104,69,5.3,1,0,35,1.0,1
1740,384,343,1.1,35,0,41,,0
2279,71,72,5.1,53,0,0,4.0,1
2945,29,56,6.5,41,27,0,,0
3505,35,56,6.5,33,21,0,,0
4040,53,92,4.0,26,3,0,61.0,0
2350,78,147,2.5,25,0,0,73.0,0
2507,41,121,3.0,13,15,0,83.0,0
4244,18,102,3.6,17,38,0,66.0,0
3233,290,228,1.6,16,0,62,26.0,1
4647,55,58,6.3,44,1,0,,0
3323,155,184,2.0,30,0,0,,0
2870,19,56,6.5,2,37,0,40.0,0
3639,24,56,6.5,4,32,0,26.0,1
2890,24,56,6.5,13,32,0,,0
2213,12,72,5.1,38,44,0,87.0,0
3492,70,86,4.2,17,0,0,,0
3004,79,98,3.7,23,0,0,20.0,1
2845,38,94,3.9,29,18,0,,0
3850,31,56,6.5,48,25,0,31.0,0
2639,68,77,4.7,57,0,0,19.0,1
2391,21,56,6.5,57,35,0,38.0,0
4873,21,267,1.4,9,35,0,,0
4430,60,70,5.2,15,0,0,23.0,1
3172,21,60,6.1,2,35,0,,0
4712,357,320,1.1,29,0,37,29.0,1
1008,63,56,6.5,34,0,7,,0
4176,46,56,6.5,17,10,0,1.0,1
1093,40,56,6.5,14,16,0,4.0,1
4604,111,85,4.3,15,0,26,,0
4793,42,127,2.9,26,14,0,72.0,0
1021,119,162,2.3,34,0,0,43.0,0
3411,520,704,0.5,3,0,0,,0
1345,73,56,6.5,18,0,17,2.0,1
4787,99,146,2.5,37,0,0,27.0,1
2950,55,57,6.4,36,1,0,13.0,1
3596,39,56,6.5,39,17,0,13.0,1
3302,50,56,6.5,7,6,0,14.0,1
3794,23,56,6.5,23,33,0,,0
4043,364,346,1.1,37,0,18,,0
2455,196,176,2.1,26,0,20,13.0,1
4051,113,91,4.0,52,0,22,,0
1129,56,265,1.4,15,0,0,185.0,0
1740,11,56,6.5,24,45,0,,0
3663,98,56,6.5,20,0,42,19.0,1
2679,24,56,6.5,37,32,0,45.0,0
3353,67,56,6.5,24,0,11,29.0,1
1380,42,102,3.6,14,14,0,,0
4862,29,97,3.8,32,27,0,75.0,0
2403,29,101,3.6,35,27,0,76.0,0
2634,44,56,6.5,23,12,0,,0
1517,156,171,2.1,33,0,0,27.0,1
4772,160,109,3.3,2,0,51,,0
4875,69,161,2.3,13,0,0,,0
3709,32,56,6.5,30,24,0,,0
4005,128,115,3.2,34,0,13,,0
1906,74,56,6.5,11,0,18,29.0,1
3529,27,65,5.6,37,29,0,45.0,0
3681,87,138,2.6,12,0,0,23.0,1
4028,67,96,3.8,18,0,0,44.0,0
1076,44,56,6.5,20,12,0,18.0,1
3732,106,90,4.1,49,0,16,,0
3257,17,56,6.5,13,39,0,48.0,0
3359,185,225,1.6,6,0,0,50.0,0
2707,2,76,4.8,10,54,0,,0
2885,78,220,1.7,33,0,0,126.0,0
3152,2,59,6.2,50,54,0,72.0,0
4287,36,59,6.2,4,20,0,,0
2664,38,56,6.5,4,18,0,,0
1228,54,181,2.0,41,2,0,130.0,0
4867,31,56,6.5,37,25,0,48.0,0
1515,53,150,2.4,42,3,0,,0
4459,97,66,5.5,12,0,31,,0
1333,49,56,6.5,52,7,0,11.0,1
2738,57,57,6.4,5,0,0,6.0,1
3134,46,56,6.5,55,10,0,8.0,1
1493,159,92,4.0,25,0,67,19.0,1
2483,49,56,6.5,25,7,0,1.0,1
4311,227,188,1.9,33,0,39,,0
3361,13,83,4.4,52,43,0,58.0,0
3158,101,78,4.7,15,0,23,14.0,1
2577,193,152,2.4,20,0,41,16.0,1
4839,238,194,1.9,39,0,44,11.0,1
3243,37,88,4.1,12,19,0,29.0,1
2472,63,56,6.5,14,0,7,3.0,1
3802,11,56,6.5,22,45,0,56.0,0
1551,94,56,6.5,24,0,38,28.0,1
1253,89,56,6.5,12,0,33,22.0,1
1073,96,98,3.7,20,0,0,12.0,1
1902,26,68,5.4,48,30,0,32.0,0
2665,194,156,2.3,28,0,38,23.0,1
1726,39,56,6.5,56,17,0,24.0,1
2313,49,86,4.2,11,7,0,12.0,1
4957,94,232,1.6,22,0,0,141.0,0
3679,165,118,3.1,50,0,47,,0
4890,127,85,4.3,33,0,42,,0
1779,62,56,6.5,58,0,6,3.0,1
2266,85,56,6.5,14,0,29,,0
2847,10,56,6.5,13,46,0,70.0,0
2867,31,58,6.3,25,25,0,1.0,1
2260,85,164,2.2,40,0,0,83.0,0
4855,36,75,4.9,16,20,0,37.0,0
4207,60,56,6.5,30,0,4,,0
2705,132,370,1.0,1,0,0,244.0,0
4589,47,116,3.1,28,9,0,,0
4534,6,56,6.5,31,50,0,,0
4504,52,63,5.8,36,4,0,,0
3186,119,98,3.7,48,0,21,,0
4005,322,352,1.0,45,0,0,31.0,0
2181,28,56,6.5,50,28,0,,0
3953,178,196,1.9,2,0,0,21.0,1
2622,60,275,1.3,55,0,0,,0
1529,31,56,6.5,42,25,0,11.0,1
4901,57,72,5.1,37,0,0,51.0,0
2544,7,56,6.5,43,49,0,67.0,0
4656,16,76,4.8,2,40,0,,0
1625,27,87,4.2,33,29,0,38.0,0
3181,111,152,2.4,49,0,0,38.0,0
4151,319,215,1.7,36,0,104,25.0,1
2867,85,56,6.5,30,0,29,22.0,1
4713,1,56,6.5,52,55,0,53.0,0
3512,70,88,4.1,34,0,0,,0
4993,24,113,3.2,18,32,0,85.0,0
2800,85,109,3.3,36,0,0,22.0,1
3820,3,69,5.3,24,53,0,,0
1603,141,99,3.7,54,0,42,,0
1349,303,302,1.2,1,0,1,1.0,1
4216,55,122,3.0,46,1,0,85.0,0
3877,35,66,5.5,24,21,0,,0
1558,28,60,6.1,21,28,0,31.0,0
1294,1,78,4.7,29,55,0,60.0,0
2151,100,333,1.1,13,0,0,229.0,0
1826,69,77,4.7,10,0,0,4.0,1
4538,125,88,4.1,13,0,37,,0
4845,14,61,6.0,11,42,0,,0
2731,152,216,1.7,38,0,0,73.0,0
2515,243,431,0.8,55,0,0,188.0,0
4442,76,129,2.8,58,0,0,61.0,0
4837,51,96,3.8,6,5,0,,0
4237,102,92,4.0,51,0,10,8.0,1
1695,2,56,6.5,10,54,0,38.0,0
2269,209,163,2.2,50,0,46,7.0,1
2421,40,100,3.6,13,16,0,76.0,0
2871,34,126,2.9,48,22,0,,0
4765,34,56,6.5,50,22,0,32.0,0
2124,87,66,5.5,35,0,21,17.0,1
2695,55,64,5.7,47,1,0,18.0,1
1158,318,203,1.8,22,0,115,6.0,1
2220,39,66,5.5,17,17,0,,0
3704,176,476,0.8,3,0,0,316.0,0
4075,9,127,2.9,30,47,0,149.0,0
3666,29,56,6.5,34,27,0,53.0,0
3263,38,81,4.5,27,18,0,39.0,0
4077,62,56,6.5,45,0,6,26.0,1
4519,43,56,6.5,4,13,0,19.0,1
4229,344,323,1.1,33,0,21,8.0,1
1886,15,157,2.3,43,41,0,150.0,0
1842,16,137,2.7,31,40,0,,0
3650,152,102,3.6,19,0,50,,0
2288,37,56,6.5,11,19,0,,0
1407,33,61,6.0,52,23,0,30.0,1
2811,224,176,2.1,37,0,48,,0
1012,32,56,6.5,15,24,0,,0
1822,19,56,6.5,20,37,0,,0
1603,45,75,4.9,37,11,0,,0
2518,60,80,4.6,49,0,0,14.0,1
2758,88,100,3.6,8,0,0,33.0,0
2631,152,161,2.3,2,0,0,34.0,0
4810,79,149,2.4,38,0,0,,0
1356,173,110,3.3,50,0,63,10.0,1
4346,6,234,1.6,27,50,0,236.0,0
1302,27,56,6.5,50,29,0,14.0,1
3299,1,134,2.7,14,55,0,,0
1582,174,148,2.5,24,0,26,2.0,1
3882,38,56,6.5,35,18,0,15.0,1
3855,2,56,6.5,28,54,0,,0
3141,9,56,6.5,56,47,0,50.0,0
4641,8,56,6.5,34,48,0,46.0,0
1030,140,164,2.2,17,0,0,29.0,1
1300,76,56,6.5,33,0,20,10.0,1
4567,41,56,6.5,23,15,0,24.0,1
4175,74,56,6.5,8,0,18,,0
1309,58,220,1.7,33,0,0,169.0,0
1328,46,90,4.1,19,10,0,,0
2121,2,77,4.7,12,54,0,66.0,0
4541,104,82,4.5,4,0,22,16.0,1
1410,170,253,1.4,31,0,0,,0
1051,49,56,6.5,44,7,0,18.0,1
3614,199,257,1.4,56,0,0,73.0,0
2050,27,106,3.4,55,29,0,,0
3912,76,79,4.6,21,0,0,23.0,1
3163,932,665,0.5,12,0,267,17.0,1
2388,36,56,6.5,7,20,0,13.0,1
1684,48,67,5.4,18,8,0,8.0,1
3474,12,56,6.5,39,44,0,25.0,1
1553,55,192,1.9,11,1,0,129.0,0
4827,525,347,1.1,33,0,178,12.0,1
3821,455,342,1.1,22,0,113,21.0,1
3351,307,239,1.5,8,0,68,,0
4513,27,76,4.8,39,29,0,,0
4610,87,67,5.4,31,0,20,,0
4231,44,56,6.5,53,12,0,21.0,1
4749,103,458,0.8,27,0,0,350.0,0
1341,180,130,2.8,51,0,50,29.0,1
2523,25,60,6.1,28,31,0,13.0,1
3740,37,260,1.4,23,19,0,238.0,0
2996,40,56,6.5,41,16,0,,0
4679,98,124,2.9,27,0,0,32.0,0
2306,29,78,4.7,10,27,0,,0
4819,69,150,2.4,23,0,0,83.0,0
1295,111,85,4.3,33,0,26,10.0,1
1093,36,56,6.5,26,20,0,17.0,1
2186,36,95,3.8,13,20,0,,0
4532,90,208,1.8,31,0,0,,0
3677,37,87,4.2,27,19,0,,0
4005,200,167,2.2,13,0,33,,0
2408,89,56,6.5,48,0,33,6.0,1
4305,3,88,4.1,55,53,0,47.0,0
3202,76,56,6.5,58,0,20,17.0,1
1277,175,163,2.2,47,0,12,4.0,1
3552,42,92,4.0,34,14,0,11.0,1
4964,171,156,2.3,47,0,15,21.0,1
3670,204,214,1.7,7,0,0,21.0,1
3026,163,156,2.3,44,0,7,,0
2815,99,111,3.3,12,0,0,30.0,1
4828,6,56,6.5,5,50,0,,0
1150,141,89,4.1,38,0,52,,0
3228,39,58,6.3,6,17,0,33.0,0
4362,68,68,5.4,26,0,0,8.0,1
2864,65,66,5.5,19,0,0,,0
2946,27,56,6.5,15,29,0,,0
4590,3,56,6.5,9,53,0,23.0,1
2431,49,56,6.5,13,7,0,26.0,1
3255,28,105,3.5,35,28,0,76.0,0
3175,94,56,6.5,47,0,38,13.0,1
1022,22,91,4.0,34,34,0,42.0,0
4078,309,411,0.9,34,0,0,118.0,0
3535,295,204,1.8,29,0,91,5.0,1
1311,81,335,1.1,39,0,0,227.0,0
3709,127,123,3.0,27,0,4,9.0,1
1604,186,229,1.6,46,0,0,42.0,0
3451,94,56,6.5,45,0,38,,0
3821,55,56,6.5,12,1,0,27.0,1
2566,19,56,6.5,39,37,0,43.0,0
4546,180,232,1.6,2,0,0,41.0,0
2640,74,308,1.2,47,0,0,235.0,0
4556,18,57,6.4,36,38,0,,0
3504,14,73,5.0,53,42,0,,0
1957,67,56,6.5,18,0,11,4.0,1
1344,1,122,3.0,56,55,0,,0
3687,291,221,1.7,6,0,70,3.0,1
2911,13,56,6.5,30,43,0,46.0,0
1041,134,124,2.9,21,0,10,,0
1613,93,72,5.1,56,0,21,29.0,1
3272,23,98,3.7,22,33,0,,0
2548,79,129,2.8,57,0,0,39.0,0
3660,59,77,4.7,11,0,0,44.0,0
1922,7,82,4.5,39,49,0,,0
1850,87,75,4.9,40,0,12,8.0,1
1591,331,195,1.9,42,0,136,24.0,1
3094,77,125,2.9,7,0,0,,0
4512,80,107,3.4,7,0,0,38.0,0
2869,13,56,6.5,31,43,0,50.0,0
4821,110,66,5.5,56,0,44,12.0,1
3819,203,184,2.0,6,0,19,,0
2638,90,92,4.0,26,0,0,8.0,1
3453,160,152,2.4,36,0,8,9.0,1
2902,272,369,1.0,9,0,0,93.0,0
4637,176,206,1.8,56,0,0,27.0,1
4812,103,96,3.8,36,0,7,28.0,1
2152,21,59,6.2,3,35,0,,0
2202,37,56,6.5,57,19,0,26.0,1
3516,11,78,4.7,44,45,0,41.0,0
1113,90,69,5.3,31,0,21,18.0,1
1574,219,123,3.0,53,0,96,,0
4869,74,79,4.6,30,0,0,,0
2626,60,69,5.3,31,0,0,4.0,1
4565,26,56,6.5,43,30,0,10.0,1
2185,3,56,6.5,43,53,0,,0
3076,32,131,2.8,40,24,0,,0
4651,248,355,1.0,30,0,0,91.0,0
1710,44,83,4.4,9,12,0,40.0,0
3016,35,117,3.1,6,21,0,99.0,0
1824,273,192,1.9,25,0,81,26.0,1
1459,33,56,6.5,30,23,0,40.0,0
3336,203,120,3.0,26,0,83,23.0,1
3413,2,56,6.5,3,54,0,,0
2495,138,179,2.0,22,0,0,35.0,0
4173,107,101,3.6,42,0,6,4.0,1
3752,151,114,3.2,45,0,37,16.0,1
1118,77,56,6.5,9,0,21,23.0,1
4489,37,158,2.3,50,19,0,,0
3512,527,477,0.8,35,0,50,,0
1103,84,56,6.5,7,0,28,,0
1049,17,68,5.4,37,39,0,37.0,0
2720,34,108,3.4,48,22,0,44.0,0
1853,132,168,2.2,9,0,0,,0
3864,71,57,6.4,27,0,14,,0
1474,86,56,6.5,28,0,30,,0
1718,215,267,1.4,45,0,0,79.0,0
4662,113,165,2.2,44,0,0,,0
4255,63,56,6.5,33,0,7,,0
1854,1,56,6.5,56,55,0,68.0,0
4211,94,315,1.2,59,0,0,207.0,0
2754,272,286,1.3,54,0,0,,0
1112,67,190,1.9,50,0,0,138.0,0
4639,118,78,4.7,6,0,40,,0
1753,38,96,3.8,17,18,0,,0
3279,11,81,4.5,23,45,0,75.0,0
3184,284,221,1.7,25,0,63,27.0,1
3670,94,56,6.5,19,0,38,13.0,1
1876,80,56,6.5,52,0,24,2.0,1
1924,294,201,1.8,29,0,93,14.0,1
2188,31,86,4.2,31,25,0,64.0,0
4476,50,271,1.3,6,6,0,213.0,0
3166,7,56,6.5,37,49,0,26.0,1
2536,77,86,4.2,34,0,0,,0
4572,34,56,6.5,24,22,0,,0
3379,58,90,4.1,58,0,0,46.0,0
2600,35,56,6.5,10,21,0,,0
3714,42,60,6.1,58,14,0,27.0,1
4351,43,56,6.5,59,13,0,3.0,1
4415,82,156,2.3,11,0,0,74.0,0
3224,146,159,2.3,24,0,0,6.0,1
3593,84,56,6.5,2,0,28,24.0,1
2126,259,261,1.4,50,0,0,14.0,1
2910,369,663,0.6,58,0,0,,0
4195,110,93,3.9,29,0,17,14.0,1
4896,10,56,6.5,16,46,0,39.0,0
1482,530,730,0.5,23,0,0,212.0,0
2073,29,56,6.5,35,27,0,31.0,0
3733,83,91,4.0,57,0,0,16.0,1
1265,145,103,3.5,43,0,42,29.0,1
4967,51,264,1.4,22,5,0,218.0,0
2751,49,120,3.0,35,7,0,,0
4162,21,60,6.1,6,35,0,33.0,0
1262,17,56,6.5,56,39,0,48.0,0
1397,102,68,5.4,23,0,34,,0
4810,44,56,6.5,23,12,0,28.0,1
3794,28,93,3.9,30,28,0,70.0,0
3446,10,57,6.4,37,46,0,,0
4378,38,56,6.5,42,18,0,9.0,1
1694,291,245,1.5,20,0,46,24.0,1
4708,21,60,6.1,11,35,0,41.0,0
1363,90,56,6.5,24,0,34,28.0,1
4999,71,78,4.7,57,0,0,3.0,1
3234,17,95,3.8,18,39,0,82.0,0
2892,48,56,6.5,27,8,0,4.0,1
1328,57,117,3.1,53,0,0,58.0,0
4065,61,56,6.5,7,0,5,29.0,1
2830,33,353,1.0,48,23,0,,0
3478,56,136,2.7,21,0,0,65.0,0
4104,7,65,5.6,56,49,0,54.0,0
1544,2,56,6.5,15,54,0,,0
4109,49,82,4.5,8,7,0,,0
1735,29,146,2.5,28,27,0,,0
3580,6,88,4.1,21,50,0,74.0,0
3628,24,75,4.9,8,32,0,40.0,0
1938,14,94,3.9,28,42,0,54.0,0
3314,27,56,6.5,34,29,0,16.0,1
3524,67,68,5.4,47,0,0,,0
2211,80,56,6.5,15,0,24,,0
3733,76,196,1.9,44,0,0,117.0,0
2405,26,114,3.2,43,30,0,,0
3503,11,56,6.5,37,45,0,43.0,0
1730,33,411,0.9,53,23,0,371.0,0
4127,11,96,3.8,27,45,0,103.0,0
2517,17,56,6.5,41,39,0,11.0,1
2832,127,178,2.1,26,0,0,63.0,0
3410,5,123,3.0,12,51,0,123.0,0
4370,58,123,3.0,34,0,0,58.0,0
2587,72,64,5.7,31,0,8,27.0,1
4060,96,129,2.8,3,0,0,19.0,1
1303,10,73,5.0,26,46,0,,0
4851,114,140,2.6,57,0,0,,0
3694,4,56,6.5,54,52,0,32.0,0
3146,37,63,5.8,6,19,0,5.0,1
1555,367,356,1.0,58,0,11,12.0,1
3181,17,56,6.5,20,39,0,37.0,0
3194,20,56,6.5,51,36,0,,0
3275,70,62,5.9,40,0,8,29.0,1
4945,48,56,6.5,17,8,0,2.0,1
4303,19,56,6.5,41,37,0,26.0,1
2897,115,74,4.9,1,0,41,9.0,1
3447,64,100,3.6,13,0,0,59.0,0
2418,5,86,4.2,18,51,0,97.0,0
3915,74,80,4.6,52,0,0,,0
4642,36,93,3.9,21,20,0,62.0,0
1603,279,204,1.8,52,0,75,17.0,1
2004,11,77,4.7,12,45,0,,0
1891,13,56,6.5,44,43,0,35.0,0
4699,86,71,5.1,12,0,15,3.0,1
4158,3,143,2.6,26,53,0,113.0,0
1418,122,278,1.3,42,0,0,161.0,0
4131,51,56,6.5,40,5,0,,0
2698,33,97,3.8,28,23,0,68.0,0
1506,50,118,3.1,44,6,0,,0
3704,7,56,6.5,25,49,0,,0
3214,56,91,4.0,21,0,0,40.0,0
2514,66,56,6.5,48,0,10,13.0,1
3179,8,56,6.5,50,48,0,43.0,0
2199,171,120,3.0,49,0,51,8.0,1
4526,5,66,5.5,11,51,0,,0
2583,117,105,3.5,9,0,12,17.0,1
1337,111,88,4.1,53,0,23,2.0,1
4572,22,56,6.5,35,34,0,17.0,1
3923,3,86,4.2,36,53,0,72.0,0
1061,10,56,6.5,49,46,0,5.0,1
4198,81,273,1.3,29,0,0,167.0,0
1022,65,56,6.5,40,0,9,,0
2211,130,76,4.8,17,0,54,18.0,1
4739,64,56,6.5,37,0,8,4.0,1
4176,181,142,2.6,48,0,39,26.0,1
1297,4,69,5.3,49,52,0,75.0,0
2763,16,59,6.2,8,40,0,34.0,0
2189,87,178,2.1,53,0,0,,0
3898,54,92,4.0,44,2,0,,0
4057,187,136,2.7,47,0,51,27.0,1
1057,56,56,6.5,5,0,0,2.0,1
1446,35,56,6.5,23,21,0,,0
3490,86,98,3.7,54,0,0,3.0,1
4057,90,69,5.3,10,0,21,,0
2534,87,148,2.5,47,0,0,59.0,0
4604,51,84,4.3,41,5,0,20.0,1
4042,84,106,3.4,47,0,0,41.0,0
2585,63,56,6.5,15,0,7,7.0,1
3945,94,407,0.9,16,0,0,,0
1754,56,78,4.7,27,0,0,7.0,1
3384,104,157,2.3,59,0,0,65.0,0
4914,47,56,6.5,32,9,0,15.0,1
1268,9,115,3.2,56,47,0,76.0,0
3103,61,56,6.5,40,0,5,,0
4048,25,129,2.8,51,31,0,,0
1219,113,67,5.4,45,0,46,4.0,1
4088,28,92,4.0,46,28,0,60.0,0
4884,45,157,2.3,35,11,0,132.0,0
4380,14,56,6.5,37,42,0,31.0,0
3135,15,56,6.5,24,41,0,31.0,0
4052,59,129,2.8,31,0,0,46.0,0
3529,203,482,0.8,51,0,0,271.0,0
3032,101,80,4.6,35,0,21,,0
2060,20,144,2.5,16,36,0,136.0,0
3701,80,82,4.5,40,0,0,,0
4184,193,425,0.9,36,0,0,232.0,0
3245,37,56,6.5,12,19,0,,0
3984,78,97,3.8,16,0,0,,0
4255,47,56,6.5,49,9,0,8.0,1
4989,29,56,6.5,5,27,0,13.0,1
3899,137,114,3.2,47,0,23,2.0,1
3454,80,100,3.6,5,0,0,,0
2707,91,71,5.1,20,0,20,29.0,1
1415,1,82,4.5,48,55,0,,0
2749,443,730,0.5,38,0,0,291.0,0
1742,11,73,5.0,36,45,0,39.0,0
2137,1,135,2.7,55,55,0,140.0,0
4414,70,56,6.5,32,0,14,27.0,1
3430,69,113,3.2,40,0,0,34.0,0
4577,13,74,4.9,11,43,0,93.0,0
1083,99,64,5.7,11,0,35,25.0,1
4748,146,385,0.9,43,0,0,,0
1490,166,230,1.6,49,0,0,39.0,0
3861,6,100,3.6,28,50,0,88.0,0
3047,72,56,6.5,12,0,16,,0
3598,26,67,5.4,46,30,0,51.0,0
3297,963,730,0.5,31,0,233,11.0,1
1618,69,74,4.9,40,0,0,12.0,1
2441,21,217,1.7,30,35,0,188.0,0
4408,387,285,1.3,20,0,102,,0
2486,24,107,3.4,27,32,0,53.0,0
1596,52,56,6.5,25,4,0,11.0,1
2145,70,56,6.5,50,0,14,,0
4328,38,155,2.4,34,18,0,115.0,0
3412,4,56,6.5,35,52,0,,0
2189,132,103,3.5,43,0,29,13.0,1
4937,55,56,6.5,54,1,0,8.0,1
1924,56,72,5.1,52,0,0,,0
2729,125,92,4.0,5,0,33,9.0,1
1915,132,111,3.3,40,0,21,,0
4113,34,56,6.5,39,22,0,21.0,1
2592,22,234,1.6,8,34,0,225.0,0
2259,38,56,6.5,19,18,0,10.0,1
1882,55,56,6.5,43,1,0,1.0,1
1844,66,82,4.5,18,0,0,14.0,1
4591,43,92,4.0,54,13,0,,0
2238,75,102,3.6,16,0,0,28.0,1
3106,134,267,1.4,19,0,0,109.0,0
3799,89,74,4.9,15,0,15,26.0,1
2418,31,81,4.5,29,25,0,60.0,0
3390,10,56,6.5,15,46,0,62.0,0
4315,174,173,2.1,29,0,1,5.0,1
3595,128,104,3.5,17,0,24,9.0,1
1283,30,64,5.7,15,26,0,9.0,1
1080,22,56,6.5,40,34,0,24.0,1
3631,419,285,1.3,11,0,134,10.0,1
3560,2,56,6.5,3,54,0,55.0,0
2372,123,56,6.5,13,0,67,,0
1435,73,119,3.1,38,0,0,43.0,0
1770,44,56,6.5,9,12,0,3.0,1
2292,87,56,6.5,55,0,31,24.0,1
2888,33,56,6.5,20,23,0,5.0,1
3326,191,160,2.3,54,0,31,27.0,1
1726,12,58,6.3,48,44,0,27.0,1
4361,427,730,0.5,26,0,0,307.0,0
2689,58,56,6.5,57,0,2,,0
4844,40,56,6.5,12,16,0,10.0,1
2927,100,57,6.4,49,0,43,27.0,1
3640,151,109,3.3,31,0,42,23.0,1
3940,59,61,6.0,2,0,0,,0
4736,104,146,2.5,33,0,0,47.0,0
1470,66,56,6.5,16,0,10,3.0,1
1438,7,56,6.5,5,49,0,57.0,0
2563,68,56,6.5,53,0,12,21.0,1
3017,78,56,6.5,17,0,22,,0
4847,21,59,6.2,59,35,0,46.0,0
2770,29,70,5.2,49,27,0,,0
3939,7,56,6.5,56,49,0,34.0,0
2298,139,243,1.5,40,0,0,91.0,0
3188,289,240,1.5,32,0,49,25.0,1
4993,11,68,5.4,15,45,0,,0
3726,30,56,6.5,12,26,0,25.0,1
4378,68,57,6.4,17,0,11,23.0,1
3821,57,56,6.5,10,0,1,17.0,1
3316,54,56,6.5,26,2,0,,0
4568,100,56,6.5,44,0,44,,0
3099,9,56,6.5,28,47,0,,0
3552,2,66,5.5,28,54,0,44.0,0
1246,88,56,6.5,23,0,32,,0
3902,55,106,3.4,20,1,0,48.0,0
3083,202,120,3.0,17,0,82,,0
4961,6,56,6.5,52,50,0,47.0,0
1106,121,248,1.5,44,0,0,,0
4984,3,56,6.5,8,53,0,43.0,0
1960,81,56,6.5,59,0,25,13.0,1
4626,115,122,3.0,50,0,0,10.0,1
3034,49,56,6.5,15,7,0,9.0,1
4212,176,116,3.1,41,0,60,25.0,1
1091,71,56,6.5,23,0,15,18.0,1
4262,392,274,1.3,53,0,118,27.0,1
2206,45,154,2.4,14,11,0,115.0,0
1205,1,56,6.5,40,55,0,76.0,0
3927,56,56,6.5,46,0,0,16.0,1
4725,226,343,1.1,27,0,0,127.0,0
3758,1,56,6.5,43,55,0,59.0,0
4684,17,56,6.5,13,39,0,,0
3088,120,56,6.5,39,0,64,23.0,1
2450,123,67,5.4,43,0,56,,0
1702,13,75,4.9,25,43,0,51.0,0
4409,244,159,2.3,26,0,85,1.0,1
4752,48,56,6.5,44,8,0,,0
3568,20,56,6.5,11,36,0,18.0,1
3789,18,129,2.8,38,38,0,107.0,0
1659,227,201,1.8,9,0,26,5.0,1
4988,18,56,6.5,43,38,0,21.0,1
1613,232,213,1.7,33,0,19,24.0,1
4939,4,92,4.0,51,52,0,55.0,0
4608,319,215,1.7,16,0,104,3.0,1
2770,92,85,4.3,49,0,7,22.0,1
3027,12,56,6.5,20,44,0,48.0,0
3333,39,79,4.6,7,17,0,56.0,0
2407,225,210,1.7,33,0,15,1.0,1
1583,1,56,6.5,13,55,0,52.0,0
4608,3,65,5.6,47,53,0,,0
3303,60,78,4.7,35,0,0,1.0,1
1093,4,56,6.5,4,52,0,,0
1669,14,342,1.1,31,42,0,325.0,0
2484,51,56,6.5,30,5,0,,0
1030,89,134,2.7,3,0,0,39.0,0
1607,36,83,4.4,41,20,0,,0
2315,50,246,1.5,27,6,0,168.0,0
3728,57,124,2.9,32,0,0,,0
1572,74,74,4.9,47,0,0,,0
1924,54,56,6.5,38,2,0,21.0,1
3031,225,170,2.1,58,0,55,27.0,1
2953,5,56,6.5,6,51,0,46.0,0
4602,143,150,2.4,57,0,0,17.0,1
3009,67,56,6.5,8,0,11,1.0,1
3820,78,245,1.5,54,0,0,162.0,0
3707,57,102,3.6,24,0,0,40.0,0
4021,206,150,2.4,15,0,56,13.0,1
2258,35,96,3.8,25,21,0,78.0,0
1284,42,56,6.5,27,14,0,9.0,1
1514,23,56,6.5,44,33,0,2.0,1
1339,209,154,2.4,13,0,55,,0
1536,78,102,3.6,20,0,0,20.0,1
1232,157,231,1.6,5,0,0,,0
1324,42,124,2.9,38,14,0,53.0,0
2078,47,56,6.5,7,9,0,8.0,1
2463,24,56,6.5,58,32,0,31.0,0
3972,70,97,3.8,5,0,0,23.0,1
2265,35,56,6.5,28,21,0,,0
1636,301,343,1.1,37,0,0,,0
3024,122,128,2.9,29,0,0,,0
2320,159,240,1.5,42,0,0,107.0,0
1129,5,56,6.5,37,51,0,10.0,1
2541,17,243,1.5,59,39,0,243.0,0
1227,544,536,0.7,7,0,8,5.0,1
1186,32,56,6.5,46,24,0,,0
2216,99,166,2.2,26,0,0,72.0,0
4358,11,90,4.1,47,45,0,,0
4930,23,56,6.5,58,33,0,63.0,0
2388,69,133,2.7,19,0,0,,0
4172,90,175,2.1,10,0,0,78.0,0
4117,2,56,6.5,56,54,0,1.0,1
3619,141,228,1.6,42,0,0,,0
2581,17,56,6.5,20,39,0,,0
1274,40,56,6.5,46,16,0,,0
2280,115,100,3.6,31,0,15,24.0,1
1734,49,91,4.0,36,7,0,,0
1017,63,56,6.5,46,0,7,,0
2926,166,172,2.1,6,0,0,15.0,1
4952,65,137,2.7,15,0,0,,0
1415,267,178,2.1,24,0,89,15.0,1
3274,58,81,4.5,30,0,0,22.0,1
2247,200,145,2.5,9,0,55,24.0,1
3362,21,63,5.8,1,35,0,66.0,0
3112,3,465,0.8,50,53,0,,0
1992,58,56,6.5,47,0,2,,0
1779,423,485,0.8,15,0,0,,0
3220,48,92,4.0,58,8,0,,0
2687,62,56,6.5,6,0,6,27.0,1
1437,118,268,1.4,15,0,0,127.0,0
4843,59,99,3.7,59,0,0,46.0,0
4150,69,177,2.1,7,0,0,88.0,0
3271,279,239,1.5,46,0,40,,0
4351,175,117,3.1,27,0,58,14.0,1
3070,29,56,6.5,10,27,0,,0
1344,290,196,1.9,32,0,94,,0
1729,87,90,4.1,21,0,0,2.0,1
3324,206,155,2.4,44,0,51,25.0,1
2733,18,56,6.5,37,38,0,20.0,1
3197,5,128,2.9,54,51,0,,0
3681,20,56,6.5,38,36,0,27.0,1
3156,345,337,1.1,36,0,8,4.0,1
4814,100,148,2.5,14,0,0,65.0,0
4812,4,109,3.3,42,52,0,83.0,0
3762,10,132,2.8,39,46,0,136.0,0
2828,20,56,6.5,41,36,0,,0
3333,288,329,1.1,48,0,0,,0
4358,401,442,0.8,14,0,0,27.0,1
4360,10,123,3.0,2,46,0,114.0,0
1876,32,321,1.1,24,24,0,,0
1075,54,57,6.4,10,2,0,,0
2434,38,56,6.5,42,18,0,,0
3297,125,93,3.9,6,0,32,4.0,1
3125,124,127,2.9,3,0,0,15.0,1
3814,58,65,5.6,34,0,0,4.0,1
1884,69,138,2.6,26,0,0,70.0,0
4385,103,115,3.2,10,0,0,27.0,1
3944,90,56,6.5,38,0,34,11.0,1
4647,97,136,2.7,54,0,0,46.0,0
2017,187,179,2.0,21,0,8,1.0,1
4180,128,103,3.5,52,0,25,,0
2649,255,226,1.6,25,0,29,,0
2904,82,56,6.5,2,0,26,6.0,1
1839,13,130,2.8,36,43,0,102.0,0
4399,84,56,6.5,1,0,28,6.0,1
2255,61,56,6.5,44,0,5,3.0,1
4548,38,56,6.5,42,18,0,8.0,1
3585,66,56,6.5,36,0,10,11.0,1
2881,26,58,6.3,44,30,0,,0
3736,72,75,4.9,24,0,0,,0
1427,168,175,2.1,10,0,0,26.0,1
3602,42,69,5.3,51,14,0,,0
1048,18,56,6.5,35,38,0,25.0,1
1179,313,224,1.6,22,0,89,9.0,1
1326,66,56,6.5,46,0,10,14.0,1
1671,72,85,4.3,47,0,0,24.0,1
2641,1,128,2.9,34,55,0,128.0,0
4894,133,105,3.5,32,0,28,21.0,1
1112,35,216,1.7,16,21,0,183.0,0
2273,108,132,2.8,30,0,0,21.0,1
1529,44,56,6.5,36,12,0,26.0,1
4194,169,514,0.7,59,0,0,346.0,0
3005,24,105,3.5,31,32,0,85.0,0
2820,11,80,4.6,30,45,0,72.0,0
2695,166,194,1.9,5,0,0,49.0,0
1181,138,109,3.3,24,0,29,,0
1496,19,123,3.0,46,37,0,,0
3643,792,660,0.6,36,0,132,1.0,1
4870,5,72,5.1,27,51,0,,0
3730,86,69,5.3,14,0,17,16.0,1
1680,103,98,3.7,37,0,5,12.0,1
1903,261,212,1.7,13,0,49,18.0,1
3858,4,56,6.5,20,52,0,40.0,0
4043,27,56,6.5,28,29,0,14.0,1
3994,70,56,6.5,51,0,14,11.0,1
1135,13,56,6.5,6,43,0,47.0,0
2660,23,64,5.7,9,33,0,42.0,0
4592,159,134,2.7,22,0,25,15.0,1
4661,16,56,6.5,23,40,0,14.0,1
2453,11,56,6.5,8,45,0,34.0,0
1544,16,95,3.8,1,40,0,101.0,0
1313,236,179,2.0,7,0,57,10.0,1
3126,58,56,6.5,56,0,2,9.0,1
4293,141,173,2.1,12,0,0,17.0,1
1349,1,173,2.1,39,55,0,188.0,0
4303,121,193,1.9,17,0,0,68.0,0
4998,59,238,1.5,50,0,0,171.0,0
2988,244,524,0.7,16,0,0,263.0,0
1082,12,67,5.4,4,44,0,35.0,0
4375,36,98,3.7,37,20,0,,0
1873,80,64,5.7,9,0,16,15.0,1
3698,13,90,4.1,9,43,0,82.0,0
4967,215,306,1.2,27,0,0,,0
1484,63,56,6.5,12,0,7,20.0,1
1329,2,56,6.5,34,54,0,48.0,0
3927,263,270,1.4,23,0,0,20.0,1
3687,171,203,1.8,35,0,0,32.0,0
4427,28,67,5.4,40,28,0,54.0,0
2952,25,178,2.1,9,31,0,145.0,0
1444,70,118,3.1,43,0,0,,0
2111,78,298,1.2,13,0,0,197.0,0
4342,36,95,3.8,52,20,0,,0
2564,128,204,1.8,50,0,0,84.0,0
2766,685,730,0.5,46,0,0,,0
2178,44,145,2.5,58,12,0,,0
4859,109,93,3.9,57,0,16,,0
3061,129,160,2.3,43,0,0,,0
1508,9,67,5.4,2,47,0,55.0,0
1548,344,608,0.6,47,0,0,,0
2507,125,103,3.5,2,0,22,,0
4940,45,72,5.1,29,11,0,27.0,1
2239,108,56,6.5,45,0,52,20.0,1
2072,285,216,1.7,57,0,69,5.0,1
2770,215,180,2.0,22,0,35,4.0,1
4513,27,60,6.1,43,29,0,39.0,0
3809,209,142,2.6,21,0,67,15.0,1
3012,50,56,6.5,59,6,0,10.0,1
3062,80,104,3.5,47,0,0,,0
1516,24,129,2.8,6,32,0,99.0,0
2005,353,352,1.0,47,0,1,4.0,1
4680,45,56,6.5,57,11,0,5.0,1
3790,3,56,6.5,28,53,0,4.0,1
4052,66,56,6.5,16,0,10,11.0,1
2836,36,56,6.5,1,20,0,,0
1896,305,262,1.4,23,0,43,1.0,1
3350,329,310,1.2,8,0,19,,0
1289,116,116,3.1,52,0,0,20.0,1
1999,93,239,1.5,8,0,0,139.0,0
4064,115,100,3.6,42,0,15,10.0,1
1135,49,83,4.4,1,7,0,51.0,0
1237,91,68,5.4,11,0,23,3.0,1
4637,27,70,5.2,8,29,0,18.0,1
1086,24,56,6.5,47,32,0,,0
3275,11,111,3.3,51,45,0,124.0,0
4643,91,87,4.2,31,0,4,9.0,1
4020,110,163,2.2,46,0,0,49.0,0
3852,24,97,3.8,36,32,0,44.0,0
1429,49,79,4.6,8,7,0,60.0,0
4345,42,56,6.5,24,14,0,,0
4593,29,95,3.8,27,27,0,40.0,0
1762,92,162,2.3,29,0,0,,0
2603,71,56,6.5,44,0,15,9.0,1
2734,48,96,3.8,18,8,0,,0
2507,43,108,3.4,9,13,0,,0
1597,8,56,6.5,36,48,0,,0
2898,6,56,6.5,38,50,0,18.0,1
3538,74,108,3.4,14,0,0,36.0,0
4915,21,56,6.5,13,35,0,50.0,0
4479,142,119,3.1,40,0,23,,0
2838,25,56,6.5,52,31,0,37.0,0
3084,56,210,1.7,24,0,0,160.0,0
1199,500,584,0.6,39,0,0,75.0,0
2491,36,56,6.5,14,20,0,19.0,1
3090,94,138,2.6,8,0,0,37.0,0
4281,7,56,6.5,12,49,0,44.0,0
2304,202,207,1.8,52,0,0,,0
3801,70,56,6.5,31,0,14,,0
4926,14,132,2.8,34,42,0,111.0,0
3533,1,56,6.5,36,55,0,63.0,0
3705,49,76,4.8,21,7,0,38.0,0
2970,112,56,6.5,4,0,56,12.0,1
1763,139,173,2.1,11,0,0,45.0,0
1301,53,56,6.5,56,3,0,17.0,1
3762,50,139,2.6,42,6,0,84.0,0
2978,53,68,5.4,37,3,0,,0
4238,81,82,4.5,41,0,0,4.0,1
1333,19,101,3.6,7,37,0,103.0,0
4951,12,56,6.5,55,44,0,58.0,0
2277,63,106,3.4,12,0,0,38.0,0
1853,152,306,1.2,5,0,0,158.0,0
1236,17,56,6.5,3,39,0,23.0,1
4493,22,229,1.6,32,34,0,215.0,0
3742,70,298,1.2,40,0,0,269.0,0
3382,11,56,6.5,52,45,0,,0
3820,45,56,6.5,35,11,0,5.0,1
1112,82,114,3.2,36,0,0,3.0,1
1388,15,58,6.3,12,41,0,,0
1888,580,401,0.9,30,0,179,4.0,1
1689,52,92,4.0,33,4,0,2.0,1
4881,58,56,6.5,40,0,2,26.0,1
2426,59,56,6.5,41,0,3,8.0,1
3721,4,215,1.7,3,52,0,,0
3356,29,57,6.4,26,27,0,,0
2044,51,93,3.9,38,5,0,44.0,0
2324,250,193,1.9,52,0,57,17.0,1
4039,56,61,6.0,41,0,0,12.0,1
2595,32,86,4.2,34,24,0,24.0,1
2972,108,88,4.1,3,0,20,10.0,1
4061,122,155,2.4,14,0,0,,0
4602,144,144,2.5,45,0,0,,0
3519,141,75,4.9,46,0,66,,0
3850,33,94,3.9,14,23,0,40.0,0
2873,82,66,5.5,17,0,16,28.0,1
3808,57,56,6.5,15,0,1,17.0,1
1013,125,110,3.3,12,0,15,14.0,1
2621,174,409,0.9,39,0,0,236.0,0
1614,67,56,6.5,41,0,11,21.0,1
3269,64,56,6.5,44,0,8,9.0,1
2291,53,56,6.5,30,3,0,6.0,1
1688,122,160,2.3,49,0,0,31.0,0
2739,116,128,2.9,59,0,0,,0
4549,86,79,4.6,51,0,7,20.0,1
4074,33,56,6.5,7,23,0,29.0,1
2142,116,96,3.8,48,0,20,12.0,1
3151,61,56,6.5,35,0,5,,0
4423,63,100,3.6,51,0,0,,0
4738,248,180,2.0,51,0,68,18.0,1
1731,62,56,6.5,52,0,6,12.0,1
2489,54,56,6.5,31,2,0,8.0,1
2396,292,318,1.1,52,0,0,,0
1664,2,56,6.5,40,54,0,77.0,0
4582,67,223,1.6,37,0,0,,0
4982,81,79,4.6,14,0,2,3.0,1
1882,68,79,4.6,51,0,0,7.0,1
4564,82,127,2.9,58,0,0,60.0,0
3799,76,56,6.5,28,0,20,11.0,1
2050,66,100,3.6,53,0,0,39.0,0
4854,13,66,5.5,12,43,0,,0
3205,68,56,6.5,41,0,12,27.0,1
2738,5,117,3.1,6,51,0,,0
3746,54,72,5.1,4,2,0,33.0,0
2964,76,79,4.6,33,0,0,13.0,1
2204,41,56,6.5,56,15,0,,0
3637,476,321,1.1,5,0,155,18.0,1
1300,125,181,2.0,9,0,0,55.0,0
4931,199,194,1.9,39,0,5,10.0,1
4271,41,70,5.2,18,15,0,10.0,1
3492,24,56,6.5,32,32,0,,0
1266,377,429,0.9,31,0,0,,0
1077,3,85,4.3,34,53,0,,0
4762,38,56,6.5,40,18,0,32.0,0
3670,120,125,2.9,27,0,0,19.0,1
2749,296,228,1.6,37,0,68,21.0,1
2225,86,88,4.1,37,0,0,25.0,1
1227,185,250,1.5,54,0,0,60.0,0
4494,121,214,1.7,39,0,0,123.0,0
2047,18,56,6.5,44,38,0,48.0,0
4717,73,56,6.5,13,0,17,29.0,1
3592,154,193,1.9,4,0,0,33.0,0
3453,22,56,6.5,9,34,0,21.0,1
4899,82,79,4.6,8,0,3,,0
4475,110,56,6.5,46,0,54,,0
4082,35,61,6.0,6,21,0,22.0,1
2138,11,70,5.2,33,45,0,29.0,1
3850,51,67,5.4,6,5,0,,0
2088,108,57,6.4,48,0,51,25.0,1
4433,55,56,6.5,17,1,0,6.0,1
2881,208,563,0.6,37,0,0,384.0,0
4277,186,401,0.9,13,0,0,213.0,0
2456,75,56,6.5,22,0,19,3.0,1
2089,99,319,1.1,50,0,0,189.0,0
3477,19,65,5.6,19,37,0,44.0,0
3692,116,99,3.7,28,0,17,18.0,1
1678,66,85,4.3,55,0,0,,0
1078,42,56,6.5,53,14,0,18.0,1
4028,235,197,1.9,58,0,38,,0
1732,17,99,3.7,43,39,0,69.0,0
2458,14,61,6.0,25,42,0,,0
3452,19,56,6.5,44,37,0,,0
4237,54,56,6.5,8,2,0,,0
3547,86,56,6.5,45,0,30,1.0,1
4491,49,90,4.1,58,7,0,41.0,0
4853,34,56,6.5,32,22,0,11.0,1
3464,46,72,5.1,47,10,0,26.0,1
3582,164,269,1.4,57,0,0,98.0,0
1071,87,234,1.6,11,0,0,141.0,0
4283,135,87,4.2,38,0,48,26.0,1
1165,81,83,4.4,18,0,0,7.0,1
4886,89,405,0.9,48,0,0,309.0,0
4647,173,136,2.7,27,0,37,4.0,1
4813,120,69,5.3,38,0,51,18.0,1
3478,67,56,6.5,37,0,11,4.0,1
1768,25,123,3.0,46,31,0,,0
3857,93,174,2.1,42,0,0,,0
1323,89,56,6.5,36,0,33,1.0,1
2997,150,113,3.2,41,0,37,16.0,1
4285,51,67,5.4,34,5,0,,0
3763,40,77,4.7,15,16,0,,0
2560,93,56,6.5,13,0,37,,0
2651,42,75,4.9,27,14,0,18.0,1
1367,86,195,1.9,19,0,0,99.0,0
1184,21,56,6.5,36,35,0,48.0,0
3227,96,93,3.9,13,0,3,17.0,1
2926,38,56,6.5,7,18,0,,0
1902,130,120,3.0,45,0,10,3.0,1
1951,40,75,4.9,1,16,0,40.0,0
2958,112,56,6.5,41,0,56,29.0,1
4013,341,261,1.4,21,0,80,,0
3130,25,189,1.9,16,31,0,163.0,0
1750,22,56,6.5,49,34,0,36.0,0
4513,127,134,2.7,29,0,0,29.0,1
4222,21,138,2.6,24,35,0,,0
2787,208,150,2.4,19,0,58,28.0,1
1117,19,56,6.5,27,37,0,,0
1649,14,201,1.8,48,42,0,,0
1875,74,57,6.4,47,0,17,20.0,1
1675,65,67,5.4,1,0,0,5.0,1
4958,719,730,0.5,27,0,0,,0
1642,104,114,3.2,14,0,0,28.0,1
4143,91,66,5.5,11,0,25,10.0,1
3380,21,56,6.5,23,35,0,14.0,1
4550,294,273,1.3,47,0,21,,0
1396,6,56,6.5,20,50,0,20.0,1
4033,24,56,6.5,53,32,0,29.0,1
2199,86,69,5.3,26,0,17,14.0,1
3671,282,279,1.3,18,0,3,12.0,1
4649,147,167,2.2,36,0,0,10.0,1
3690,47,79,4.6,30,9,0,,0
2598,99,115,3.2,53,0,0,24.0,1
4086,12,56,6.5,4,44,0,,0
3032,73,100,3.6,19,0,0,30.0,1
2665,92,95,3.8,5,0,0,25.0,1
2980,118,195,1.9,2,0,0,55.0,0
2978,227,195,1.9,10,0,32,19.0,1
4216,163,133,2.7,58,0,30,19.0,1
4557,85,67,5.4,49,0,18,4.0,1
1778,230,162,2.3,43,0,68,,0
4332,55,83,4.4,55,1,0,17.0,1
3885,12,56,6.5,43,44,0,,0
3882,74,65,5.6,11,0,9,21.0,1
4862,109,96,3.8,51,0,13,1.0,1
1607,25,186,2.0,22,31,0,149.0,0
4646,10,77,4.7,43,46,0,52.0,0
2411,20,56,6.5,8,36,0,,0
1750,28,94,3.9,3,28,0,69.0,0
1540,33,98,3.7,41,23,0,59.0,0
1144,45,104,3.5,53,11,0,51.0,0
1990,134,187,2.0,40,0,0,,0
3722,143,203,1.8,58,0,0,45.0,0
2711,56,56,6.5,18,0,0,5.0,1
4412,26,56,6.5,50,30,0,19.0,1
4068,57,56,6.5,22,0,1,,0
2110,35,157,2.3,11,21,0,133.0,0
3351,23,286,1.3,2,33,0,235.0,0
2016,39,69,5.3,22,17,0,,0
4892,22,74,4.9,41,34,0,66.0,0
1960,55,291,1.3,51,1,0,227.0,0
3676,27,134,2.7,15,29,0,,0
2226,128,127,2.9,8,0,1,2.0,1
2280,54,56,6.5,19,2,0,13.0,1
2670,275,154,2.4,9,0,121,21.0,1
4304,41,56,6.5,5,15,0,,0
3636,49,56,6.5,8,7,0,,0
1373,60,68,5.4,33,0,0,28.0,1
2619,76,56,6.5,49,0,20,27.0,1
2733,61,75,4.9,15,0,0,9.0,1
2821,100,56,6.5,15,0,44,23.0,1
2904,167,193,1.9,41,0,0,24.0,1
4955,72,221,1.7,7,0,0,138.0,0
2605,22,56,6.5,21,34,0,,0
4169,179,196,1.9,46,0,0,29.0,1
1610,86,56,6.5,26,0,30,5.0,1
3131,19,178,2.1,1,37,0,153.0,0
1165,73,85,4.3,51,0,0,5.0,1
3205,95,92,4.0,26,0,3,5.0,1
1498,76,77,4.7,26,0,0,8.0,1
2120,173,237,1.5,28,0,0,67.0,0
1309,58,56,6.5,9,0,2,2.0,1
4927,60,146,2.5,26,0,0,101.0,0
3014,206,217,1.7,51,0,0,,0
2935,93,159,2.3,13,0,0,,0
4687,173,578,0.6,5,0,0,405.0,0
2295,40,58,6.3,46,16,0,6.0,1
3330,47,193,1.9,18,9,0,127.0,0
3659,115,82,4.5,53,0,33,26.0,1
2813,151,241,1.5,23,0,0,65.0,0
4470,100,89,4.1,28,0,11,10.0,1
2069,25,66,5.5,37,31,0,30.0,1
3432,289,255,1.4,5,0,34,,0
1501,16,60,6.1,27,40,0,27.0,1
2947,21,56,6.5,20,35,0,20.0,1
2696,15,59,6.2,36,41,0,67.0,0
4683,32,147,2.5,37,24,0,111.0,0
4470,100,274,1.3,34,0,0,179.0,0
3014,103,98,3.7,14,0,5,24.0,1
1312,10,258,1.4,47,46,0,220.0,0
1325,25,56,6.5,6,31,0,14.0,1
2731,32,63,5.8,27,24,0,20.0,1
1953,74,71,5.1,2,0,3,7.0,1
4859,16,82,4.5,9,40,0,,0
1515,94,96,3.8,11,0,0,,0
2033,8,156,2.3,54,48,0,131.0,0
1774,33,63,5.8,5,23,0,,0
1986,129,100,3.6,11,0,29,,0
3360,20,86,4.2,3,36,0,51.0,0
3949,6,56,6.5,26,50,0,25.0,1
4382,52,82,4.5,14,4,0,48.0,0
4742,32,80,4.6,9,24,0,47.0,0
4391,51,78,4.7,56,5,0,,0
1419,93,92,4.0,19,0,1,8.0,1
3138,3,95,3.8,17,53,0,,0
4084,21,63,5.8,49,35,0,19.0,1
2098,14,249,1.5,58,42,0,243.0,0
4444,32,56,6.5,46,24,0,33.0,0
4400,41,56,6.5,24,15,0,,0
4772,81,730,0.5,14,0,0,,0
2033,54,56,6.5,10,2,0,,0
1449,43,56,6.5,55,13,0,3.0,1
1663,166,161,2.3,7,0,5,17.0,1
3402,13,56,6.5,13,43,0,29.0,1
3977,52,74,4.9,35,4,0,,0
3481,7,501,0.7,31,49,0,499.0,0
4402,38,56,6.5,38,18,0,3.0,1
4699,68,56,6.5,42,0,12,26.0,1
3688,77,56,6.5,37,0,21,,0
4588,235,184,2.0,53,0,51,11.0,1
1410,218,221,1.7,29,0,0,6.0,1
3054,77,59,6.2,6,0,18,,0
2265,212,155,2.4,8,0,57,9.0,1
4172,105,273,1.3,25,0,0,,0
1499,316,376,1.0,5,0,0,48.0,0
1229,75,73,5.0,10,0,2,9.0,1
2792,17,56,6.5,23,39,0,46.0,0
3335,20,56,6.5,1,36,0,17.0,1
1656,74,63,5.8,13,0,11,,0
1273,53,73,5.0,37,3,0,10.0,1
3627,78,77,4.7,26,0,1,8.0,1
4632,148,220,1.7,19,0,0,,0
4852,179,249,1.5,26,0,0,56.0,0
4140,23,78,4.7,48,33,0,61.0,0
4989,139,216,1.7,50,0,0,109.0,0
1921,172,119,3.1,51,0,53,17.0,1
2347,105,94,3.9,42,0,11,13.0,1
2110,27,185,2.0,57,29,0,174.0,0
4716,26,95,3.8,57,30,0,56.0,0
3952,477,466,0.8,2,0,11,1.0,1
2100,10,56,6.5,41,46,0,27.0,1
2597,31,59,6.2,19,25,0,,0
1072,4,81,4.5,12,52,0,,0
2091,3,127,2.9,44,53,0,127.0,0
3265,79,248,1.5,35,0,0,,0
4661,47,88,4.1,32,9,0,31.0,0
3293,7,56,6.5,53,49,0,,0
4841,1,176,2.1,13,55,0,139.0,0
3142,184,164,2.2,36,0,20,,0
3737,29,56,6.5,1,27,0,26.0,1
3866,18,89,4.1,33,38,0,95.0,0
4545,62,56,6.5,53,0,6,11.0,1
3049,6,56,6.5,4,50,0,53.0,0
1493,46,56,6.5,56,10,0,,0
3879,190,171,2.1,2,0,19,23.0,1
3731,38,98,3.7,8,18,0,,0
1563,28,56,6.5,16,28,0,18.0,1
1548,42,182,2.0,22,14,0,133.0,0
1065,60,56,6.5,10,0,4,25.0,1
2115,7,117,3.1,9,49,0,108.0,0
2207,51,56,6.5,59,5,0,27.0,1
4862,32,67,5.4,54,24,0,,0
3246,7,134,2.7,7,49,0,128.0,0
2702,113,136,2.7,40,0,0,40.0,0
1743,85,262,1.4,17,0,0,155.0,0
1371,42,84,4.3,30,14,0,,0
3133,39,115,3.2,11,17,0,,0
2851,29,63,5.8,43,27,0,41.0,0
3359,38,104,3.5,55,18,0,77.0,0
4447,184,127,2.9,15,0,57,23.0,1
1419,4,83,4.4,7,52,0,,0
1896,2,56,6.5,3,54,0,,0
4425,105,117,3.1,23,0,0,29.0,1
4331,33,120,3.0,27,23,0,,0
2576,22,56,6.5,30,34,0,29.0,1
3146,49,56,6.5,48,7,0,31.0,0
1158,117,293,1.2,16,0,0,,0
3464,51,133,2.7,14,5,0,72.0,0
2020,41,74,4.9,52,15,0,22.0,1
2412,79,56,6.5,22,0,23,17.0,1
1426,2,56,6.5,50,54,0,79.0,0
4306,123,255,1.4,20,0,0,,0
1394,32,100,3.6,10,24,0,61.0,0
2055,2,57,6.4,58,54,0,,0
4438,7,135,2.7,29,49,0,102.0,0
2408,5,56,6.5,4,51,0,,0
2066,288,299,1.2,31,0,0,21.0,1
4845,342,265,1.4,14,0,77,,0
3651,77,61,6.0,5,0,16,,0
2232,72,56,6.5,38,0,16,,0
1881,33,56,6.5,4,23,0,11.0,1
3826,89,56,6.5,11,0,33,25.0,1
4752,20,56,6.5,54,36,0,7.0,1
1282,122,100,3.6,25,0,22,25.0,1
4772,9,69,5.3,12,47,0,,0
2099,60,56,6.5,52,0,4,,0
4084,59,71,5.1,31,0,0,20.0,1
1350,123,134,2.7,11,0,0,29.0,1
1546,193,137,2.7,39,0,56,26.0,1
3584,10,56,6.5,32,46,0,,0
1803,35,81,4.5,11,21,0,64.0,0
1660,30,56,6.5,7,26,0,20.0,1
4183,9,185,2.0,56,47,0,188.0,0
3358,44,168,2.2,2,12,0,118.0,0
3083,25,56,6.5,1,31,0,29.0,1
4995,57,56,6.5,25,0,1,20.0,1
4226,57,62,5.9,9,0,0,15.0,1
2419,19,56,6.5,46,37,0,44.0,0
2225,134,117,3.1,52,0,17,19.0,1
3585,102,72,5.1,36,0,30,,0
2196,162,195,1.9,29,0,0,12.0,1
4973,46,56,6.5,10,10,0,4.0,1
1984,12,56,6.5,27,44,0,58.0,0
2543,20,56,6.5,19,36,0,,0
3890,59,56,6.5,19,0,3,,0
2660,4,56,6.5,53,52,0,,0
2936,173,199,1.8,53,0,0,26.0,1
2445,23,56,6.5,20,33,0,9.0,1
3286,63,99,3.7,29,0,0,,0
4276,81,66,5.5,53,0,15,,0
2704,120,56,6.5,3,0,64,,0
2422,66,78,4.7,22,0,0,19.0,1
3642,116,145,2.5,56,0,0,41.0,0
2618,36,56,6.5,22,20,0,32.0,0
3556,72,171,2.1,29,0,0,96.0,0
1073,8,56,6.5,23,48,0,19.0,1
1795,3,61,6.0,40,53,0,54.0,0
1484,100,137,2.7,55,0,0,50.0,0
4224,79,56,6.5,26,0,23,15.0,1
4406,58,92,4.0,47,0,0,22.0,1
1674,99,69,5.3,53,0,30,28.0,1
4919,5,99,3.7,22,51,0,,0
2060,9,56,6.5,38,47,0,30.0,1
1666,78,56,6.5,9,0,22,,0
3820,40,147,2.5,21,16,0,103.0,0
4671,228,206,1.8,36,0,22,,0
3753,56,56,6.5,50,0,0,,0
2895,54,74,4.9,48,2,0,17.0,1
1880,105,113,3.2,36,0,0,29.0,1
1756,137,156,2.3,32,0,0,15.0,1
4042,56,56,6.5,32,0,0,25.0,1
3036,45,56,6.5,34,11,0,2.0,1
4640,65,68,5.4,23,0,0,6.0,1
2724,7,157,2.3,26,49,0,151.0,0
2662,834,664,0.5,54,0,170,,0
4067,36,75,4.9,16,20,0,,0
4578,35,56,6.5,38,21,0,44.0,0
3528,76,124,2.9,49,0,0,,0
3933,4,258,1.4,3,52,0,257.0,0
2503,20,98,3.7,45,36,0,106.0,0
1827,19,56,6.5,2,37,0,43.0,0
4519,136,193,1.9,36,0,0,57.0,0
2567,18,153,2.4,9,38,0,146.0,0
3447,3,56,6.5,59,53,0,44.0,0
4948,137,122,3.0,28,0,15,10.0,1
3021,257,199,1.8,24,0,58,,0
3412,132,231,1.6,49,0,0,98.0,0
3347,18,85,4.3,45,38,0,53.0,0
2238,78,67,5.4,28,0,11,4.0,1
3393,179,240,1.5,7,0,0,64.0,0
3169,61,56,6.5,26,0,5,14.0,1
4908,75,127,2.9,46,0,0,22.0,1
4772,1,56,6.5,1,55,0,,0
3374,260,211,1.7,41,0,49,6.0,1
1673,34,73,5.0,45,22,0,25.0,1
3289,317,248,1.5,41,0,69,5.0,1
1969,93,133,2.7,35,0,0,35.0,0
1631,32,56,6.5,18,24,0,,0
2621,24,281,1.3,56,32,0,,0
1276,170,311,1.2,22,0,0,149.0,0
3962,32,182,2.0,13,24,0,,0
3611,49,56,6.5,16,7,0,,0
4191,34,70,5.2,47,22,0,27.0,1
2062,102,101,3.6,51,0,1,19.0,1
4884,28,56,6.5,29,28,0,,0
2368,195,348,1.0,21,0,0,,0
1908,76,101,3.6,42,0,0,49.0,0
1682,83,56,6.5,9,0,27,24.0,1
4922,63,118,3.1,29,0,0,,0
1373,27,68,5.4,12,29,0,52.0,0
4782,111,84,4.3,8,0,27,16.0,1
2502,70,67,5.4,10,0,3,,0
2217,175,171,2.1,34,0,4,2.0,1
2131,296,220,1.7,47,0,76,15.0,1
2964,115,112,3.3,20,0,3,12.0,1
2667,35,68,5.4,16,21,0,35.0,0
4456,25,87,4.2,42,31,0,53.0,0
1755,9,91,4.0,45,47,0,83.0,0
4182,11,56,6.5,11,45,0,56.0,0
2919,105,143,2.6,57,0,0,,0
2595,38,130,2.8,48,18,0,,0
2329,66,308,1.2,14,0,0,241.0,0
1342,297,245,1.5,31,0,52,24.0,1
4374,132,56,6.5,40,0,76,9.0,1
1016,68,173,2.1,51,0,0,109.0,0
4925,48,56,6.5,34,8,0,1.0,1
3722,51,157,2.3,4,5,0,,0
3567,105,59,6.2,50,0,46,13.0,1
3615,35,56,6.5,58,21,0,18.0,1
2723,36,112,3.3,48,20,0,,0
4254,84,56,6.5,7,0,28,16.0,1
1262,69,56,6.5,42,0,13,,0
2088,63,78,4.7,38,0,0,15.0,1
1280,102,96,3.8,1,0,6,13.0,1
1498,18,66,5.5,50,38,0,,0
2559,40,56,6.5,58,16,0,14.0,1
4697,28,56,6.5,46,28,0,12.0,1
3144,167,123,3.0,24,0,44,21.0,1
4530,165,143,2.6,42,0,22,2.0,1
2631,43,88,4.1,28,13,0,67.0,0
2372,96,227,1.6,24,0,0,,0
3624,142,123,3.0,13,0,19,,0
4374,39,56,6.5,38,17,0,26.0,1
3695,97,71,5.1,10,0,26,,0
1172,1,56,6.5,26,55,0,48.0,0
3460,39,82,4.5,55,17,0,,0
3078,322,219,1.7,2,0,103,15.0,1
2848,171,155,2.4,33,0,16,,0
3530,408,276,1.3,28,0,132,2.0,1
3182,78,70,5.2,27,0,8,5.0,1
1158,366,264,1.4,6,0,102,23.0,1
1620,5,77,4.7,58,51,0,57.0,0
1241,426,292,1.2,59,0,134,15.0,1
4259,95,88,4.1,51,0,7,9.0,1
4255,185,158,2.3,17,0,27,,0
2695,53,292,1.2,33,3,0,230.0,0
3653,61,77,4.7,15,0,0,1.0,1
2340,24,107,3.4,46,32,0,92.0,0
3236,92,252,1.4,3,0,0,152.0,0
4659,108,80,4.6,10,0,28,15.0,1
4426,8,56,6.5,29,48,0,,0
1447,307,499,0.7,7,0,0,148.0,0
1265,11,61,6.0,50,45,0,19.0,1
2433,85,102,3.6,36,0,0,27.0,1
2092,160,226,1.6,52,0,0,,0
1598,34,56,6.5,44,22,0,9.0,1
4400,19,56,6.5,22,37,0,40.0,0
2120,49,110,3.3,31,7,0,,0
3301,30,56,6.5,39,26,0,,0
3852,58,71,5.1,14,0,0,,0
1925,73,109,3.3,2,0,0,30.0,1
4936,87,72,5.1,49,0,15,,0
4585,22,56,6.5,6,34,0,64.0,0
2321,79,322,1.1,19,0,0,232.0,0
3243,21,97,3.8,27,35,0,,0
1985,228,282,1.3,6,0,0,53.0,0
2885,6,73,5.0,2,50,0,55.0,0
1930,36,56,6.5,58,20,0,23.0,1
1649,125,111,3.3,13,0,14,28.0,1
4614,110,75,4.9,55,0,35,,0
2742,20,56,6.5,47,36,0,19.0,1
3516,234,291,1.3,10,0,0,54.0,0
4589,70,56,6.5,40,0,14,,0
2088,17,56,6.5,5,39,0,45.0,0
3808,135,260,1.4,14,0,0,118.0,0
4785,37,60,6.1,31,19,0,21.0,1
1897,57,56,6.5,25,0,1,5.0,1
4575,90,56,6.5,6,0,34,,0
2416,495,362,1.0,12,0,133,27.0,1
1592,21,56,6.5,3,35,0,28.0,1
2871,21,94,3.9,47,35,0,91.0,0
2473,249,186,2.0,50,0,63,2.0,1
3383,158,126,2.9,23,0,32,26.0,1
2890,40,85,4.3,1,16,0,45.0,0
4642,29,56,6.5,15,27,0,51.0,0
4960,61,56,6.5,49,0,5,,0
1731,105,104,3.5,40,0,1,15.0,1
2266,57,56,6.5,13,0,1,14.0,1
1652,25,105,3.5,38,31,0,,0
1261,160,155,2.4,14,0,5,,0
2432,64,194,1.9,19,0,0,141.0,0
2470,64,56,6.5,9,0,8,,0
2210,722,521,0.7,28,0,201,,0
1742,105,166,2.2,33,0,0,76.0,0
4673,43,89,4.1,53,13,0,,0
4947,289,215,1.7,33,0,74,17.0,1
1941,596,597,0.6,45,0,0,,0
3293,50,56,6.5,39,6,0,15.0,1
1910,83,75,4.9,33,0,8,,0
4905,16,56,6.5,4,40,0,34.0,0
2365,27,105,3.5,18,29,0,,0
3089,2,120,3.0,26,54,0,131.0,0
1656,76,87,4.2,25,0,0,13.0,1
1382,14,56,6.5,35,42,0,24.0,1
2046,49,56,6.5,54,7,0,4.0,1
4726,98,121,3.0,39,0,0,47.0,0
4639,9,288,1.3,18,47,0,,0
2441,60,56,6.5,33,0,4,15.0,1
2757,32,128,2.9,18,24,0,,0
3624,70,56,6.5,56,0,14,15.0,1
4432,89,129,2.8,29,0,0,20.0,1
1847,63,65,5.6,41,0,0,15.0,1
4288,18,56,6.5,8,38,0,19.0,1
1623,99,56,6.5,49,0,43,20.0,1
2005,22,65,5.6,2,34,0,39.0,0
3809,86,122,3.0,4,0,0,46.0,0
2110,56,56,6.5,15,0,0,,0
4040,23,65,5.6,8,33,0,36.0,0
1289,110,87,4.2,30,0,23,16.0,1
2480,22,56,6.5,47,34,0,45.0,0
1911,381,378,1.0,57,0,3,22.0,1
2380,55,56,6.5,39,1,0,,0
2969,42,56,6.5,24,14,0,10.0,1
2647,53,56,6.5,41,3,0,7.0,1
4824,233,379,1.0,52,0,0,152.0,0
3493,106,140,2.6,12,0,0,,0
2291,15,56,6.5,36,41,0,27.0,1
4012,169,218,1.7,14,0,0,46.0,0
2622,121,105,3.5,43,0,16,26.0,1
1583,122,110,3.3,32,0,12,2.0,1
2762,92,68,5.4,51,0,24,,0
4199,42,56,6.5,55,14,0,23.0,1
3127,150,117,3.1,14,0,33,28.0,1
1083,63,58,6.3,28,0,5,11.0,1
3587,292,385,0.9,43,0,0,,0
2437,100,56,6.5,20,0,44,16.0,1
4530,359,307,1.2,13,0,52,20.0,1
4889,63,82,4.5,46,0,0,18.0,1
3448,50,114,3.2,45,6,0,47.0,0
3697,113,175,2.1,17,0,0,60.0,0
1983,21,56,6.5,30,35,0,8.0,1
3550,64,179,2.0,48,0,0,109.0,0
3398,9,56,6.5,40,47,0,22.0,1
3570,99,56,6.5,17,0,43,,0
4758,25,56,6.5,32,31,0,26.0,1
3695,62,56,6.5,44,0,6,3.0,1
2054,38,75,4.9,19,18,0,8.0,1
1356,98,122,3.0,9,0,0,,0
4748,48,157,2.3,43,8,0,,0
1160,50,109,3.3,26,6,0,33.0,0
3696,74,56,6.5,1,0,18,6.0,1
3733,68,120,3.0,49,0,0,60.0,0
4066,134,99,3.7,19,0,35,,0
2922,212,190,1.9,45,0,22,,0
2520,255,167,2.2,12,0,88,,0
3316,47,92,4.0,55,9,0,,0
4315,54,56,6.5,44,2,0,,0
2435,99,56,6.5,28,0,43,19.0,1
1563,60,57,6.4,45,0,3,1.0,1
4260,43,69,5.3,38,13,0,12.0,1
4991,71,111,3.3,31,0,0,,0
1009,14,159,2.3,13,42,0,131.0,0
1681,173,86,4.2,53,0,87,20.0,1
3212,77,91,4.0,43,0,0,14.0,1
1526,64,100,3.6,52,0,0,59.0,0
3409,59,59,6.2,53,0,0,,0
4739,28,56,6.5,53,28,0,10.0,1
1676,26,56,6.5,11,30,0,26.0,1
1192,44,56,6.5,12,12,0,25.0,1
2420,29,131,2.8,23,27,0,108.0,0
1826,53,56,6.5,58,3,0,,0
4127,8,74,4.9,54,48,0,53.0,0
1487,214,130,2.8,47,0,84,,0
1285,73,136,2.7,29,0,0,,0
2267,26,56,6.5,9,30,0,27.0,1
4135,89,199,1.8,14,0,0,,0
1834,177,221,1.7,32,0,0,51.0,0
2299,72,56,6.5,3,0,16,17.0,1
4317,63,56,6.5,7,0,7,8.0,1
2122,238,233,1.6,6,0,5,,0
4581,71,80,4.6,35,0,0,,0
2306,9,56,6.5,27,47,0,,0
3927,35,56,6.5,55,21,0,38.0,0
4211,9,73,5.0,28,47,0,,0
3156,61,56,6.5,23,0,5,,0
3290,54,64,5.7,10,2,0,5.0,1
2064,124,92,4.0,17,0,32,15.0,1
4791,322,289,1.3,54,0,33,13.0,1
2247,71,71,5.1,15,0,0,18.0,1
3098,171,212,1.7,14,0,0,12.0,1
2376,344,282,1.3,11,0,62,,0
3127,291,283,1.3,55,0,8,,0
2564,81,113,3.2,29,0,0,20.0,1
1346,17,56,6.5,18,39,0,44.0,0
2758,127,130,2.8,26,0,0,16.0,1
3098,195,208,1.8,47,0,0,13.0,1
2338,46,84,4.3,51,10,0,10.0,1
1599,502,363,1.0,25,0,139,11.0,1
1895,227,179,2.0,40,0,48,3.0,1
4230,139,141,2.6,43,0,0,4.0,1
3696,124,214,1.7,1,0,0,100.0,0
2132,45,117,3.1,3,11,0,81.0,0
1453,54,56,6.5,19,2,0,17.0,1
2309,23,60,6.1,11,33,0,3.0,1
1089,29,234,1.6,28,27,0,214.0,0
2319,40,56,6.5,51,16,0,41.0,0
2542,21,75,4.9,18,35,0,30.0,1
3503,57,56,6.5,53,0,1,3.0,1
4002,366,375,1.0,46,0,0,29.0,1
2162,332,345,1.1,14,0,0,,0
2538,63,56,6.5,13,0,7,,0
2923,19,101,3.6,19,37,0,66.0,0
2788,13,56,6.5,44,43,0,34.0,0
2248,158,147,2.5,51,0,11,21.0,1
4091,126,135,2.7,32,0,0,1.0,1
2796,233,172,2.1,43,0,61,10.0,1
1673,135,117,3.1,33,0,18,3.0,1
2677,636,730,0.5,6,0,0,,0
2420,42,56,6.5,30,14,0,6.0,1
1444,56,56,6.5,10,0,0,,0
3480,58,65,5.6,30,0,0,,0
1044,56,56,6.5,9,0,0,3.0,1
4892,25,56,6.5,6,31,0,12.0,1
2303,84,56,6.5,45,0,28,7.0,1
3269,4,56,6.5,6,52,0,50.0,0
2214,37,56,6.5,20,19,0,34.0,0
2994,85,136,2.7,17,0,0,,0
2544,34,60,6.1,2,22,0,18.0,1
3750,96,77,4.7,2,0,19,,0
3359,267,184,2.0,10,0,83,18.0,1
1332,87,56,6.5,1,0,31,6.0,1
2356,54,72,5.1,34,2,0,6.0,1
1198,157,120,3.0,47,0,37,12.0,1
4455,74,56,6.5,53,0,18,7.0,1
4786,42,56,6.5,36,14,0,35.0,0
1510,127,118,3.1,40,0,9,3.0,1
1127,103,133,2.7,51,0,0,31.0,0
4184,381,469,0.8,20,0,0,74.0,0
2065,66,102,3.6,32,0,0,,0
3560,180,173,2.1,56,0,7,4.0,1
2087,26,76,4.8,17,30,0,,0
4291,130,114,3.2,39,0,16,,0
3631,30,341,1.1,22,26,0,321.0,0
4598,8,56,6.5,5,48,0,12.0,1
3884,9,125,2.9,1,47,0,,0
3453,654,496,0.7,31,0,158,22.0,1
4475,80,112,3.3,18,0,0,,0
1963,372,337,1.1,5,0,35,15.0,1
1505,27,56,6.5,25,29,0,30.0,1
4884,134,87,4.2,7,0,47,28.0,1
4160,12,92,4.0,14,44,0,,0
4663,15,56,6.5,7,41,0,14.0,1
3215,58,56,6.5,30,0,2,4.0,1
3477,1,56,6.5,17,55,0,38.0,0
4674,261,173,2.1,13,0,88,15.0,1
1574,103,180,2.0,24,0,0,,0
2884,184,116,3.1,36,0,68,19.0,1
4979,227,174,2.1,12,0,53,,0
4763,49,78,4.7,18,7,0,44.0,0
2798,17,235,1.6,23,39,0,,0
1215,48,90,4.1,22,8,0,43.0,0
4382,85,94,3.9,25,0,0,20.0,1
4460,13,72,5.1,44,43,0,56.0,0
2582,27,155,2.4,25,29,0,,0
3537,35,64,5.7,36,21,0,18.0,1
3912,41,196,1.9,21,15,0,151.0,0
4237,96,56,6.5,48,0,40,11.0,1
3919,52,56,6.5,46,4,0,,0
4882,119,156,2.3,29,0,0,27.0,1
2733,70,83,4.4,53,0,0,4.0,1
3183,29,62,5.9,8,27,0,15.0,1
4925,195,183,2.0,49,0,12,,0
1689,76,56,6.5,54,0,20,24.0,1
1885,80,76,4.8,5,0,4,10.0,1
1589,314,275,1.3,2,0,39,10.0,1
4976,258,308,1.2,52,0,0,63.0,0
2164,251,316,1.2,23,0,0,,0
3865,57,71,5.1,2,0,0,11.0,1
4167,275,240,1.5,22,0,35,19.0,1
3893,45,56,6.5,21,11,0,7.0,1
3210,28,56,6.5,44,28,0,25.0,1
3072,9,56,6.5,49,47,0,38.0,0
3492,398,343,1.1,17,0,55,,0
1030,58,56,6.5,40,0,2,,0
2782,9,81,4.5,31,47,0,55.0,0
1560,16,56,6.5,25,40,0,29.0,1
1682,165,156,2.3,7,0,9,20.0,1
3348,17,66,5.5,25,39,0,,0
3675,12,56,6.5,18,44,0,,0
3259,47,128,2.9,32,9,0,88.0,0
2513,25,56,6.5,58,31,0,32.0,0
2380,10,56,6.5,58,46,0,32.0,0
2030,29,56,6.5,8,27,0,26.0,1
4572,95,56,6.5,47,0,39,,0
2225,138,103,3.5,14,0,35,12.0,1
1645,65,56,6.5,48,0,9,1.0,1
2240,35,56,6.5,6,21,0,4.0,1
4889,34,89,4.1,55,22,0,59.0,0
1453,20,58,6.3,23,36,0,23.0,1
3348,453,443,0.8,15,0,10,29.0,1
3741,186,390,0.9,22,0,0,212.0,0
3683,18,56,6.5,36,38,0,9.0,1
2168,41,140,2.6,3,15,0,99.0,0
4925,47,163,2.2,45,9,0,118.0,0
1342,28,56,6.5,44,28,0,21.0,1
3460,26,56,6.5,9,30,0,,0
1703,54,89,4.1,5,2,0,,0
4526,22,78,4.7,12,34,0,51.0,0
3658,20,63,5.8,29,36,0,47.0,0
1631,146,128,2.9,1,0,18,5.0,1
3918,46,56,6.5,33,10,0,7.0,1
3163,9,56,6.5,56,47,0,28.0,1
2427,2,98,3.7,21,54,0,,0
3841,59,122,3.0,21,0,0,78.0,0
3524,10,56,6.5,27,46,0,49.0,0
2948,48,189,1.9,2,8,0,135.0,0
4334,6,56,6.5,8,50,0,69.0,0
1382,8,56,6.5,12,48,0,59.0,0
2185,83,73,5.0,22,0,10,1.0,1
1516,19,56,6.5,49,37,0,29.0,1
2228,18,57,6.4,9,38,0,44.0,0
3437,522,402,0.9,44,0,120,27.0,1
3527,71,56,6.5,38,0,15,17.0,1
3019,505,634,0.6,29,0,0,148.0,0
3336,97,127,2.9,3,0,0,24.0,1
3730,56,96,3.8,22,0,0,6.0,1
1954,44,131,2.8,4,12,0,103.0,0
2824,964,681,0.5,29,0,283,16.0,1
2234,32,56,6.5,41,24,0,19.0,1
2896,71,56,6.5,13,0,15,7.0,1
4260,72,56,6.5,24,0,16,19.0,1
2169,77,92,4.0,2,0,0,,0
3189,11,56,6.5,3,45,0,34.0,0
2940,74,91,4.0,15,0,0,17.0,1
3982,90,348,1.0,24,0,0,259.0,0
2182,51,101,3.6,50,5,0,20.0,1
1080,68,71,5.1,26,0,0,,0
2158,78,56,6.5,8,0,22,,0
2364,33,184,2.0,40,23,0,171.0,0
2094,74,56,6.5,53,0,18,,0
4712,154,394,0.9,47,0,0,247.0,0
3389,302,422,0.9,5,0,0,,0
3325,41,110,3.3,8,15,0,54.0,0
4158,62,89,4.1,46,0,0,29.0,1
1091,26,205,1.8,39,30,0,179.0,0
1190,306,216,1.7,46,0,90,,0
2255,36,56,6.5,32,20,0,,0
4517,48,59,6.2,31,8,0,,0
2279,22,56,6.5,8,34,0,19.0,1
4629,50,124,2.9,17,6,0,61.0,0
1568,23,153,2.4,59,33,0,,0
3781,17,56,6.5,23,39,0,43.0,0
3220,53,62,5.9,39,3,0,27.0,1
4785,6,56,6.5,50,50,0,46.0,0
4915,7,56,6.5,13,49,0,33.0,0
2004,23,139,2.6,57,33,0,112.0,0
1463,57,56,6.5,44,0,1,1.0,1
3516,25,70,5.2,15,31,0,77.0,0
2548,21,56,6.5,45,35,0,45.0,0
2518,49,104,3.5,28,7,0,40.0,0
1963,68,86,4.2,48,0,0,7.0,1
4876,38,56,6.5,30,18,0,33.0,0
2629,94,77,4.7,15,0,17,13.0,1
4033,52,103,3.5,38,4,0,61.0,0
2165,13,56,6.5,8,43,0,26.0,1
1292,19,56,6.5,46,37,0,20.0,1
2786,204,381,1.0,15,0,0,194.0,0
2496,45,56,6.5,38,11,0,29.0,1
4686,79,83,4.4,39,0,0,,0
1346,226,202,1.8,51,0,24,28.0,1
2293,406,730,0.5,34,0,0,,0
1449,68,56,6.5,36,0,12,,0
1705,116,129,2.8,20,0,0,,0
1672,19,56,6.5,44,37,0,80.0,0
3945,1,58,6.3,13,55,0,62.0,0
4041,17,56,6.5,44,39,0,35.0,0
4327,1,56,6.5,45,55,0,8.0,1
2716,51,87,4.2,47,5,0,24.0,1
4672,34,56,6.5,21,22,0,6.0,1
3102,255,191,1.9,47,0,64,,0
2530,34,94,3.9,23,22,0,69.0,0
3220,58,126,2.9,46,0,0,,0
2828,18,61,6.0,3,38,0,55.0,0
4226,66,67,5.4,22,0,0,,0
3777,28,113,3.2,29,28,0,101.0,0
4251,48,56,6.5,40,8,0,,0
4054,89,67,5.4,30,0,22,23.0,1
3901,63,56,6.5,24,0,7,,0
1638,38,56,6.5,25,18,0,,0
4443,61,56,6.5,12,0,5,17.0,1
2021,185,262,1.4,50,0,0,,0
4758,32,56,6.5,20,24,0,24.0,1
4129,235,228,1.6,33,0,7,27.0,1
1646,52,211,1.7,39,4,0,147.0,0
2164,36,56,6.5,22,20,0,35.0,0
3095,70,56,6.5,46,0,14,,0
4954,351,698,0.5,19,0,0,336.0,0
3715,296,365,1.0,32,0,0,99.0,0
1428,28,87,4.2,53,28,0,78.0,0
4767,31,110,3.3,51,25,0,,0
4547,26,56,6.5,26,30,0,47.0,0
3263,107,127,2.9,44,0,0,11.0,1
3722,58,56,6.5,7,0,2,9.0,1
2148,23,56,6.5,8,33,0,45.0,0
4382,5,56,6.5,11,51,0,37.0,0
1510,116,91,4.0,59,0,25,4.0,1
4936,55,56,6.5,40,1,0,15.0,1
3980,107,85,4.3,16,0,22,25.0,1
2160,1,56,6.5,9,55,0,,0
1881,19,56,6.5,41,37,0,10.0,1
4970,237,178,2.1,4,0,59,,0
4187,65,109,3.3,11,0,0,35.0,0
2153,47,89,4.1,10,9,0,55.0,0
3489,198,181,2.0,59,0,17,,0
1277,72,132,2.8,59,0,0,,0
1509,253,286,1.3,53,0,0,26.0,1
4284,104,62,5.9,29,0,42,24.0,1
1484,1,63,5.8,41,55,0,56.0,0
1279,11,56,6.5,5,45,0,,0
4277,44,63,5.8,3,12,0,6.0,1
4893,273,194,1.9,13,0,79,7.0,1
3784,94,254,1.4,16,0,0,,0
1912,25,194,1.9,41,31,0,194.0,0
4769,74,56,6.5,8,0,18,,0
3233,300,214,1.7,28,0,86,9.0,1
4476,42,56,6.5,24,14,0,18.0,1
4404,190,184,2.0,38,0,6,19.0,1
2086,35,67,5.4,2,21,0,32.0,0
1190,204,157,2.3,6,0,47,8.0,1
2387,45,56,6.5,19,11,0,,0
2394,134,229,1.6,18,0,0,85.0,0
2835,5,56,6.5,38,51,0,37.0,0
4495,7,56,6.5,24,49,0,47.0,0
4146,6,56,6.5,39,50,0,,0
3753,9,56,6.5,20,47,0,,0
1228,178,97,3.8,24,0,81,5.0,1
1347,422,381,1.0,56,0,41,2.0,1
4701,48,730,0.5,55,8,0,688.0,0
4266,58,97,3.8,59,0,0,29.0,1
1462,234,219,1.7,2,0,15,17.0,1
2175,126,108,3.4,36,0,18,18.0,1
1839,172,134,2.7,16,0,38,18.0,1
1709,57,68,5.4,35,0,0,,0
4039,113,105,3.5,7,0,8,12.0,1
4048,174,138,2.6,30,0,36,26.0,1
1434,35,56,6.5,35,21,0,,0
4682,39,84,4.3,39,17,0,43.0,0
3167,91,85,4.3,43,0,6,5.0,1
3301,165,174,2.1,16,0,0,1.0,1
2228,64,56,6.5,16,0,8,8.0,1
1987,94,86,4.2,24,0,8,25.0,1
3409,497,415,0.9,14,0,82,22.0,1
2923,148,228,1.6,16,0,0,59.0,0
2913,78,264,1.4,32,0,0,,0
4325,104,91,4.0,52,0,13,,0
2694,19,116,3.1,7,37,0,,0
4008,271,200,1.8,25,0,71,25.0,1
1285,427,313,1.2,23,0,114,,0
2575,50,56,6.5,2,6,0,2.0,1
2261,43,56,6.5,9,13,0,6.0,1
1628,5,256,1.4,37,51,0,231.0,0
4450,57,72,5.1,42,0,0,9.0,1
4597,60,56,6.5,32,0,4,23.0,1
1555,27,56,6.5,43,29,0,,0
1731,28,57,6.4,22,28,0,,0
1673,13,56,6.5,18,43,0,10.0,1
1166,45,479,0.8,42,11,0,463.0,0
3691,102,88,4.1,46,0,14,,0
2239,99,85,4.3,23,0,14,26.0,1
2434,71,144,2.5,9,0,0,57.0,0
1297,215,194,1.9,27,0,21,4.0,1
4210,251,191,1.9,34,0,60,2.0,1
3933,97,212,1.7,9,0,0,83.0,0
1854,48,56,6.5,21,8,0,7.0,1
2641,40,70,5.2,17,16,0,,0
4871,190,166,2.2,5,0,24,,0
2146,34,59,6.2,14,22,0,,0
4377,61,89,4.1,18,0,0,15.0,1
1564,103,123,3.0,24,0,0,17.0,1
2667,209,168,2.2,51,0,41,23.0,1
2682,66,56,6.5,9,0,10,,0
2350,121,159,2.3,31,0,0,16.0,1
2056,102,74,4.9,21,0,28,4.0,1
1589,139,158,2.3,35,0,0,,0
3940,240,167,2.2,26,0,73,,0
3892,278,325,1.1,17,0,0,,0
1453,163,265,1.4,4,0,0,88.0,0
4706,36,264,1.4,7,20,0,217.0,0
3642,336,285,1.3,3,0,51,,0
4638,100,113,3.2,41,0,0,17.0,1
4592,42,92,4.0,31,14,0,46.0,0
3237,51,180,2.0,21,5,0,157.0,0
1994,81,161,2.3,59,0,0,69.0,0
4389,62,70,5.2,14,0,0,23.0,1
3032,153,124,2.9,44,0,29,6.0,1
1882,57,87,4.2,27,0,0,23.0,1
1559,38,56,6.5,38,18,0,,0
2784,275,252,1.4,23,0,23,5.0,1
1345,85,94,3.9,10,0,0,35.0,0
1579,207,463,0.8,46,0,0,270.0,0
4887,64,56,6.5,21,0,8,11.0,1
1859,34,57,6.4,50,22,0,28.0,1
2434,98,92,4.0,3,0,6,23.0,1
3930,39,223,1.6,48,17,0,175.0,0
4382,78,123,3.0,11,0,0,50.0,0
2195,69,115,3.2,13,0,0,,0
3374,68,56,6.5,9,0,12,23.0,1
4507,3,56,6.5,46,53,0,,0
2336,82,116,3.1,15,0,0,46.0,0
2416,88,56,6.5,51,0,32,16.0,1
1353,21,58,6.3,2,35,0,24.0,1
2014,83,134,2.7,24,0,0,23.0,1
3311,78,56,6.5,13,0,22,6.0,1
1695,44,325,1.1,24,12,0,,0
1521,30,239,1.5,23,26,0,183.0,0
3752,36,56,6.5,50,20,0,,0
4441,45,56,6.5,34,11,0,14.0,1
4015,3,56,6.5,3,53,0,,0
1255,51,56,6.5,14,5,0,18.0,1
2068,87,166,2.2,26,0,0,98.0,0
4750,82,64,5.7,1,0,18,,0
4373,154,130,2.8,29,0,24,19.0,1
4814,2,56,6.5,12,54,0,52.0,0
1784,213,170,2.1,5,0,43,8.0,1
1081,9,57,6.4,51,47,0,52.0,0
2249,4,90,4.1,52,52,0,74.0,0
1994,23,83,4.4,41,33,0,,0
3175,55,56,6.5,55,1,0,17.0,1
4442,8,56,6.5,7,48,0,37.0,0
2346,235,195,1.9,35,0,40,,0
1843,67,123,3.0,7,0,0,32.0,0
4261,295,208,1.8,47,0,87,23.0,1
4651,53,116,3.1,25,3,0,62.0,0
1675,2,100,3.6,32,54,0,,0
2032,1,56,6.5,28,55,0,54.0,0
1162,113,72,5.1,43,0,41,3.0,1
1962,82,88,4.1,26,0,0,16.0,1
3776,118,429,0.9,57,0,0,296.0,0
4123,144,155,2.4,10,0,0,12.0,1
1117,170,307,1.2,33,0,0,125.0,0
2881,25,145,2.5,9,31,0,,0
3148,44,56,6.5,35,12,0,,0
3671,41,98,3.7,6,15,0,,0
1858,19,108,3.4,18,37,0,,0
1411,70,56,6.5,4,0,14,,0
2849,173,66,5.5,19,0,107,4.0,1
3514,11,76,4.8,6,45,0,78.0,0
4735,73,325,1.1,33,0,0,239.0,0
1570,57,56,6.5,4,0,1,,0
4108,245,236,1.5,33,0,9,2.0,1
4175,20,56,6.5,49,36,0,,0
4819,72,56,6.5,4,0,16,12.0,1
4621,329,231,1.6,21,0,98,26.0,1
3968,11,161,2.3,28,45,0,159.0,0
1993,336,245,1.5,7,0,91,,0
1014,100,170,2.1,8,0,0,83.0,0
2167,564,467,0.8,35,0,97,,0
1822,75,140,2.6,12,0,0,,0
1249,24,79,4.6,19,32,0,58.0,0
1387,148,118,3.1,42,0,30,,0
3329,68,243,1.5,52,0,0,156.0,0
3798,68,56,6.5,38,0,12,6.0,1
4366,2,56,6.5,18,54,0,41.0,0
2464,111,70,5.2,28,0,41,29.0,1
2918,82,56,6.5,38,0,26,,0
3431,41,100,3.6,32,15,0,48.0,0
1046,102,56,6.5,59,0,46,9.0,1
4545,32,93,3.9,30,24,0,54.0,0
1943,49,179,2.0,32,7,0,128.0,0
1603,47,61,6.0,22,9,0,,0
4760,162,344,1.1,50,0,0,188.0,0
4236,16,56,6.5,5,40,0,24.0,1
2061,59,233,1.6,59,0,0,,0
3659,34,154,2.4,43,22,0,,0
2085,46,56,6.5,7,10,0,27.0,1
1572,252,730,0.5,9,0,0,,0
3761,38,85,4.3,3,18,0,,0
3165,4,56,6.5,55,52,0,,0
1480,5,56,6.5,19,51,0,51.0,0
2031,56,75,4.9,44,0,0,18.0,1
4877,59,81,4.5,18,0,0,18.0,1
2129,88,97,3.8,30,0,0,,0
1291,85,70,5.2,47,0,15,,0
3004,126,149,2.4,52,0,0,20.0,1
3615,51,66,5.5,56,5,0,37.0,0
4628,50,56,6.5,37,6,0,1.0,1
4889,30,79,4.6,8,26,0,,0
1531,4,56,6.5,54,52,0,49.0,0
3230,12,119,3.1,29,44,0,,0
1929,54,56,6.5,44,2,0,,0
2637,19,102,3.6,17,37,0,66.0,0
2898,265,257,1.4,19,0,8,29.0,1
3395,7,56,6.5,56,49,0,38.0,0
3335,144,210,1.7,14,0,0,61.0,0
1203,71,63,5.8,16,0,8,10.0,1
2736,152,365,1.0,15,0,0,203.0,0
4114,50,67,5.4,36,6,0,3.0,1
1334,45,56,6.5,18,11,0,17.0,1
4468,54,155,2.4,40,2,0,122.0,0
4073,36,63,5.8,37,20,0,1.0,1
4004,37,56,6.5,31,19,0,14.0,1
2235,1,61,6.0,49,55,0,,0
4981,93,86,4.2,40,0,7,16.0,1
3729,320,263,1.4,13,0,57,,0
1142,22,56,6.5,9,34,0,52.0,0
3140,29,91,4.0,56,27,0,43.0,0
1121,16,148,2.5,46,40,0,,0
1724,107,105,3.5,49,0,2,,0
1393,151,256,1.4,54,0,0,107.0,0
2463,48,84,4.3,38,8,0,,0
1884,54,77,4.7,7,2,0,22.0,1
4327,6,144,2.5,33,50,0,,0
2972,12,97,3.8,24,44,0,94.0,0
3297,43,65,5.6,36,13,0,13.0,1
2640,171,136,2.7,27,0,35,17.0,1
3873,23,56,6.5,52,33,0,12.0,1
4301,50,56,6.5,43,6,0,21.0,1
1468,15,59,6.2,10,41,0,,0
2890,178,265,1.4,13,0,0,91.0,0
1491,62,56,6.5,52,0,6,18.0,1
1464,160,123,3.0,22,0,37,,0
4445,27,92,4.0,45,29,0,,0
2785,21,56,6.5,54,35,0,,0
3155,49,115,3.2,6,7,0,30.0,1
2085,94,131,2.8,50,0,0,28.0,1
3104,186,144,2.5,21,0,42,25.0,1
3810,6,56,6.5,27,50,0,64.0,0
1958,78,268,1.4,44,0,0,198.0,0
3179,20,56,6.5,34,36,0,36.0,0
2101,120,155,2.4,6,0,0,30.0,1
1871,151,162,2.3,7,0,0,10.0,1
4935,40,56,6.5,54,16,0,,0
4962,97,152,2.4,35,0,0,,0
2441,43,66,5.5,30,13,0,17.0,1
2823,97,56,6.5,11,0,41,26.0,1
3893,132,229,1.6,30,0,0,75.0,0
1995,27,56,6.5,58,29,0,38.0,0
2185,47,56,6.5,58,9,0,9.0,1
4013,60,65,5.6,21,0,0,19.0,1
2831,170,111,3.3,41,0,59,,0
3594,7,85,4.3,46,49,0,67.0,0
1526,168,139,2.6,11,0,29,9.0,1
3866,5,56,6.5,6,51,0,34.0,0
2043,39,56,6.5,19,17,0,15.0,1
3523,115,82,4.5,47,0,33,13.0,1
4876,523,410,0.9,25,0,113,,0
4058,104,82,4.5,32,0,22,15.0,1
2061,272,214,1.7,27,0,58,24.0,1
2684,88,92,4.0,46,0,0,16.0,1
2239,14,61,6.0,12,42,0,29.0,1
3057,27,73,5.0,13,29,0,50.0,0
1099,60,78,4.7,5,0,0,,0
2461,126,145,2.5,12,0,0,,0
2416,183,270,1.4,49,0,0,76.0,0
3773,133,120,3.0,26,0,13,5.0,1
2961,307,232,1.6,51,0,75,17.0,1
1100,9,56,6.5,35,47,0,40.0,0
4983,153,64,5.7,18,0,89,21.0,1
4434,17,56,6.5,18,39,0,,0
4351,100,115,3.2,41,0,0,3.0,1
4075,33,67,5.4,3,23,0,38.0,0
4701,81,161,2.3,26,0,0,75.0,0
1150,15,56,6.5,43,41,0,2.0,1
3089,45,93,3.9,52,11,0,71.0,0
4447,60,155,2.4,48,0,0,96.0,0
1961,22,56,6.5,15,34,0,32.0,0
4931,434,491,0.7,38,0,0,63.0,0
4700,64,71,5.1,26,0,0,,0
3066,5,56,6.5,41,51,0,,0
3963,54,102,3.6,1,2,0,49.0,0
2435,32,92,4.0,14,24,0,,0
4945,65,84,4.3,51,0,0,,0
4607,70,198,1.8,35,0,0,144.0,0
4307,141,163,2.2,54,0,0,,0
4841,149,114,3.2,9,0,35,,0
3552,110,129,2.8,27,0,0,9.0,1
4078,88,82,4.5,41,0,6,,0
1123,7,372,1.0,32,49,0,351.0,0
3560,58,56,6.5,5,0,2,20.0,1
2418,142,100,3.6,57,0,42,15.0,1
4762,98,94,3.9,32,0,4,,0
3747,74,172,2.1,31,0,0,96.0,0
3718,5,56,6.5,6,51,0,,0
4101,78,56,6.5,53,0,22,,0
3124,13,102,3.6,56,43,0,82.0,0
1919,99,112,3.3,31,0,0,4.0,1
1529,207,296,1.2,31,0,0,115.0,0
1185,90,56,6.5,44,0,34,,0
4532,342,226,1.6,39,0,116,,0
1502,237,598,0.6,7,0,0,390.0,0
3832,55,66,5.5,52,1,0,1.0,1
3349,56,56,6.5,10,0,0,,0
1111,82,65,5.6,48,0,17,18.0,1
3013,1,91,4.0,49,55,0,69.0,0
3066,211,141,2.6,31,0,70,8.0,1
4083,66,56,6.5,45,0,10,,0
4289,93,312,1.2,5,0,0,236.0,0
4409,5,56,6.5,32,51,0,67.0,0
2931,6,56,6.5,14,50,0,,0
3027,88,218,1.7,41,0,0,,0
3353,62,56,6.5,14,0,6,5.0,1
4049,24,76,4.8,8,32,0,47.0,0
1961,922,730,0.5,20,0,192,,0
3451,123,89,4.1,42,0,34,20.0,1
3565,56,56,6.5,41,0,0,1.0,1
4968,91,85,4.3,54,0,6,,0
2414,73,86,4.2,39,0,0,2.0,1
1351,28,102,3.6,10,28,0,,0
3358,110,152,2.4,10,0,0,39.0,0
3528,36,56,6.5,58,20,0,,0
2993,388,347,1.1,8,0,41,3.0,1
2147,74,109,3.3,17,0,0,21.0,1
1876,238,161,2.3,52,0,77,12.0,1
3920,1,56,6.5,38,55,0,37.0,0
3574,92,251,1.5,52,0,0,,0
3910,25,73,5.0,51,31,0,44.0,0
4479,121,112,3.3,13,0,9,12.0,1
1284,68,56,6.5,37,0,12,2.0,1
2873,8,56,6.5,36,48,0,24.0,1
3246,166,156,2.3,21,0,10,,0
2825,6,63,5.8,44,50,0,75.0,0
4533,23,56,6.5,47,33,0,,0
2491,16,56,6.5,2,40,0,34.0,0
1092,210,157,2.3,30,0,53,,0
1548,21,56,6.5,47,35,0,4.0,1
2727,69,81,4.5,19,0,0,28.0,1
3142,19,91,4.0,40,37,0,67.0,0
1402,40,56,6.5,15,16,0,47.0,0
4990,14,56,6.5,24,42,0,,0
3118,39,117,3.1,42,17,0,63.0,0
2541,65,56,6.5,13,0,9,,0
1758,45,209,1.7,24,11,0,184.0,0
1354,278,195,1.9,51,0,83,7.0,1
4036,67,160,2.3,1,0,0,75.0,0
1566,3,385,0.9,43,53,0,,0
4020,128,84,4.3,18,0,44,,0
1806,182,151,2.4,51,0,31,9.0,1
4352,12,56,6.5,18,44,0,,0
1097,102,640,0.6,51,0,0,,0
4154,21,440,0.8,39,35,0,408.0,0
3307,131,90,4.1,37,0,41,21.0,1
4287,73,122,3.0,46,0,0,,0
2824,175,267,1.4,59,0,0,118.0,0
3282,116,80,4.6,11,0,36,5.0,1
1321,58,56,6.5,28,0,2,37.0,0
3945,97,181,2.0,11,0,0,,0
3445,62,95,3.8,53,0,0,30.0,1
1689,149,104,3.5,32,0,45,,0
4850,33,56,6.5,34,23,0,20.0,1
4617,66,56,6.5,57,0,10,26.0,1
4318,5,108,3.4,41,51,0,,0
1219,210,185,2.0,1,0,25,17.0,1
3982,78,75,4.9,15,0,3,,0
3709,212,284,1.3,24,0,0,87.0,0
1809,2,56,6.5,40,54,0,49.0,0
2504,51,56,6.5,57,5,0,,0
1741,76,85,4.3,2,0,0,,0
2267,123,84,4.3,6,0,39,11.0,1
4038,198,166,2.2,2,0,32,25.0,1
1440,21,56,6.5,17,35,0,,0
3765,404,268,1.4,7,0,136,19.0,1
4749,531,434,0.8,3,0,97,,0
2288,116,87,4.2,24,0,29,17.0,1
2790,123,244,1.5,51,0,0,,0
1855,63,56,6.5,12,0,7,29.0,1
3076,274,212,1.7,18,0,62,21.0,1
1964,279,208,1.8,56,0,71,23.0,1
1425,52,179,2.0,8,4,0,96.0,0
1827,11,88,4.1,44,45,0,84.0,0
3470,41,56,6.5,26,15,0,9.0,1
2882,37,56,6.5,1,19,0,2.0,1
3503,20,56,6.5,1,36,0,,0
2339,6,56,6.5,42,50,0,,0
2972,29,99,3.7,3,27,0,70.0,0
4709,77,64,5.7,42,0,13,6.0,1
2867,49,56,6.5,4,7,0,32.0,0
3695,108,56,6.5,24,0,52,,0
1105,43,56,6.5,12,13,0,12.0,1
2640,284,220,1.7,14,0,64,13.0,1
1148,43,56,6.5,40,13,0,13.0,1
3743,31,59,6.2,24,25,0,8.0,1
2711,42,62,5.9,30,14,0,35.0,0
2326,166,118,3.1,39,0,48,23.0,1
1776,15,129,2.8,33,41,0,,0
3125,61,56,6.5,49,0,5,,0
1896,140,203,1.8,21,0,0,36.0,0
3870,439,284,1.3,15,0,155,4.0,1
2310,51,56,6.5,47,5,0,2.0,1
2871,80,56,6.5,32,0,24,18.0,1
1998,44,62,5.9,37,12,0,23.0,1
1090,75,56,6.5,53,0,19,28.0,1
1394,166,107,3.4,31,0,59,,0
3369,22,56,6.5,1,34,0,,0
1443,33,56,6.5,51,23,0,,0
3078,362,308,1.2,33,0,54,26.0,1
2201,78,56,6.5,34,0,22,1.0,1
2339,59,243,1.5,43,0,0,171.0,0
1983,16,119,3.1,44,40,0,137.0,0
4901,75,56,6.5,11,0,19,,0
2702,205,149,2.4,40,0,56,,0
1898,44,81,4.5,52,12,0,,0
4951,15,62,5.9,36,41,0,32.0,0
1953,168,109,3.3,53,0,59,,0
4139,156,131,2.8,34,0,25,1.0,1
3589,168,158,2.3,9,0,10,2.0,1
2090,186,231,1.6,31,0,0,62.0,0
4651,85,124,2.9,29,0,0,50.0,0
1185,22,56,6.5,13,34,0,8.0,1
3124,13,61,6.0,10,43,0,43.0,0
3228,687,730,0.5,9,0,0,62.0,0
3573,207,160,2.3,45,0,47,,0
1137,806,599,0.6,3,0,207,,0
2485,69,274,1.3,49,0,0,,0
3000,113,109,3.3,18,0,4,,0
4861,122,114,3.2,59,0,8,7.0,1
1702,7,87,4.2,27,49,0,84.0,0
1572,10,56,6.5,32,46,0,,0
1173,90,91,4.0,8,0,0,31.0,0
1292,354,237,1.5,56,0,117,,0
1788,17,56,6.5,13,39,0,44.0,0
4458,49,125,2.9,18,7,0,,0
2426,143,177,2.1,26,0,0,24.0,1
2823,21,56,6.5,16,35,0,,0
1206,73,62,5.9,21,0,11,8.0,1
3024,84,56,6.5,46,0,28,18.0,1
3301,68,56,6.5,25,0,12,,0
3839,30,56,6.5,45,26,0,10.0,1
1968,45,56,6.5,59,11,0,,0
2353,49,280,1.3,4,7,0,217.0,0
2967,13,56,6.5,33,43,0,19.0,1
4423,121,99,3.7,30,0,22,21.0,1
4897,75,60,6.1,31,0,15,,0
1423,124,231,1.6,33,0,0,107.0,0
2158,95,256,1.4,6,0,0,,0
3605,30,179,2.0,15,26,0,,0
3417,53,114,3.2,15,3,0,53.0,0
3010,76,74,4.9,39,0,2,1.0,1
1125,16,56,6.5,31,40,0,54.0,0
2422,87,426,0.9,9,0,0,,0
4563,40,56,6.5,32,16,0,7.0,1
1724,185,153,2.4,45,0,32,18.0,1
4145,130,210,1.7,38,0,0,85.0,0
1086,48,57,6.4,42,8,0,26.0,1
4588,232,206,1.8,21,0,26,14.0,1
3288,18,165,2.2,53,38,0,154.0,0
4770,60,358,1.0,12,0,0,301.0,0
2273,110,61,6.0,35,0,49,,0
3757,40,56,6.5,15,16,0,7.0,1
3069,80,60,6.1,52,0,20,21.0,1
1027,64,106,3.4,43,0,0,54.0,0
2461,131,94,3.9,28,0,37,29.0,1
1018,10,65,5.6,32,46,0,58.0,0
2136,66,56,6.5,51,0,10,19.0,1
4597,120,131,2.8,26,0,0,26.0,1
4247,344,436,0.8,10,0,0,,0
2926,10,130,2.8,41,46,0,114.0,0
1206,192,146,2.5,23,0,46,16.0,1
1927,99,142,2.6,1,0,0,34.0,0
1661,88,123,3.0,16,0,0,26.0,1
1301,99,189,1.9,59,0,0,,0
3900,123,123,3.0,21,0,0,,0
3770,79,70,5.2,47,0,9,5.0,1
3558,3,56,6.5,17,53,0,,0
1652,69,73,5.0,20,0,0,21.0,1
3325,42,115,3.2,26,14,0,86.0,0
3185,30,69,5.3,17,26,0,40.0,0
1365,55,115,3.2,25,1,0,51.0,0
3552,183,127,2.9,25,0,56,22.0,1
4115,77,175,2.1,4,0,0,102.0,0
3327,325,251,1.5,28,0,74,27.0,1
4514,108,95,3.8,1,0,13,17.0,1
1445,31,56,6.5,14,25,0,,0
3044,22,68,5.4,22,34,0,26.0,1
2095,90,93,3.9,14,0,0,,0
1455,18,56,6.5,15,38,0,16.0,1
3160,234,273,1.3,5,0,0,,0
4766,65,100,3.6,15,0,0,26.0,1
1432,122,122,3.0,52,0,0,,0
1230,344,268,1.4,44,0,76,25.0,1
3609,40,56,6.5,47,16,0,2.0,1
3962,89,142,2.6,34,0,0,75.0,0
3281,67,82,4.5,29,0,0,,0
3001,66,77,4.7,22,0,0,,0
3617,91,56,6.5,16,0,35,2.0,1
4680,253,341,1.1,7,0,0,97.0,0
4759,77,66,5.5,1,0,11,28.0,1
3788,113,157,2.3,51,0,0,16.0,1
4932,27,56,6.5,7,29,0,,0
2887,282,231,1.6,42,0,51,15.0,1
1071,132,208,1.8,22,0,0,76.0,0
3911,77,97,3.8,50,0,0,11.0,1
3955,64,75,4.9,8,0,0,52.0,0
2109,62,123,3.0,38,0,0,71.0,0
4987,588,561,0.7,1,0,27,18.0,1
2196,39,56,6.5,23,17,0,,0
1025,58,168,2.2,32,0,0,,0
3640,9,56,6.5,25,47,0,23.0,1
1873,48,88,4.1,45,8,0,44.0,0
3017,27,73,5.0,8,29,0,76.0,0
2438,33,63,5.8,55,23,0,37.0,0
3129,10,89,4.1,56,46,0,56.0,0
4642,39,56,6.5,24,17,0,26.0,1
4714,302,205,1.8,36,0,97,8.0,1
4857,58,56,6.5,5,0,2,27.0,1
3899,26,138,2.6,47,30,0,112.0,0
3419,101,69,5.3,37,0,32,14.0,1
1916,4,56,6.5,24,52,0,31.0,0
4512,66,105,3.5,43,0,0,50.0,0
4554,13,56,6.5,42,43,0,,0
4317,109,92,4.0,59,0,17,17.0,1
2577,69,56,6.5,41,0,13,24.0,1
3365,18,130,2.8,59,38,0,127.0,0
1746,16,56,6.5,8,40,0,,0
1029,39,62,5.9,59,17,0,,0
1060,56,113,3.2,2,0,0,70.0,0
2827,46,56,6.5,32,10,0,13.0,1
1566,32,85,4.3,23,24,0,22.0,1
3307,38,56,6.5,32,18,0,11.0,1
3830,4,149,2.4,48,52,0,144.0,0
3671,15,369,1.0,3,41,0,374.0,0
2222,88,730,0.5,50,0,0,,0
1095,105,96,3.8,18,0,9,,0
4680,182,169,2.2,42,0,13,19.0,1
2848,2,56,6.5,50,54,0,35.0,0
3366,18,299,1.2,35,38,0,301.0,0
1844,117,167,2.2,28,0,0,,0
2343,100,61,6.0,20,0,39,,0
2168,132,242,1.5,22,0,0,,0
3868,52,73,5.0,1,4,0,17.0,1
4575,13,62,5.9,42,43,0,65.0,0
4239,63,131,2.8,8,0,0,46.0,0
3789,23,56,6.5,8,33,0,40.0,0
1069,30,203,1.8,20,26,0,168.0,0
4198,17,56,6.5,17,39,0,,0
3554,33,56,6.5,15,23,0,,0
2073,52,56,6.5,43,4,0,,0
3883,180,165,2.2,48,0,15,22.0,1
4342,40,56,6.5,22,16,0,,0
2095,75,56,6.5,55,0,19,22.0,1
4489,50,56,6.5,16,6,0,,0
3805,18,87,4.2,33,38,0,67.0,0
4314,38,56,6.5,24,18,0,3.0,1
2949,6,56,6.5,20,50,0,,0
2494,467,487,0.7,30,0,0,,0
4016,78,56,6.5,33,0,22,16.0,1
2431,79,69,5.3,25,0,10,4.0,1
4179,74,67,5.4,46,0,7,,0
1519,116,64,5.7,46,0,52,2.0,1
1440,76,147,2.5,56,0,0,,0
4441,121,192,1.9,57,0,0,89.0,0
2816,65,70,5.2,36,0,0,,0
4276,44,56,6.5,8,12,0,11.0,1
2953,290,249,1.5,30,0,41,9.0,1
3328,160,83,4.4,16,0,77,,0
4089,462,359,1.0,40,0,103,,0
2096,5,56,6.5,58,51,0,35.0,0
3016,54,105,3.5,15,2,0,52.0,0
2221,233,417,0.9,27,0,0,192.0,0
4597,21,67,5.4,50,35,0,32.0,0
2413,15,75,4.9,45,41,0,32.0,0
2489,46,114,3.2,10,10,0,91.0,0
3026,28,57,6.4,24,28,0,54.0,0
2126,37,70,5.2,31,19,0,14.0,1
3265,24,68,5.4,38,32,0,24.0,1
2827,13,56,6.5,19,43,0,32.0,0
2059,223,240,1.5,56,0,0,,0
2226,91,130,2.8,1,0,0,39.0,0
1657,64,110,3.3,2,0,0,38.0,0
3062,106,171,2.1,39,0,0,,0
1767,93,72,5.1,12,0,21,27.0,1
4037,102,56,6.5,30,0,46,21.0,1
4048,61,56,6.5,40,0,5,,0
3392,20,90,4.1,13,36,0,43.0,0
1271,80,56,6.5,25,0,24,1.0,1
3123,6,60,6.1,33,50,0,35.0,0
1013,60,59,6.2,25,0,1,11.0,1
4630,522,492,0.7,18,0,30,,0
2717,37,56,6.5,8,19,0,,0
1057,82,77,4.7,32,0,5,4.0,1
3764,240,358,1.0,12,0,0,130.0,0
2021,104,99,3.7,55,0,5,,0
2254,166,164,2.2,54,0,2,13.0,1
4741,45,97,3.8,54,11,0,33.0,0
1483,17,56,6.5,19,39,0,20.0,1
4373,16,56,6.5,21,40,0,53.0,0
4599,95,106,3.4,44,0,0,18.0,1
4200,65,56,6.5,2,0,9,28.0,1
3728,4,56,6.5,53,52,0,49.0,0
2756,1,60,6.1,47,55,0,57.0,0
4960,101,363,1.0,11,0,0,265.0,0
1794,813,616,0.6,51,0,197,21.0,1
3252,24,107,3.4,25,32,0,77.0,0
3109,24,62,5.9,1,32,0,31.0,0
1976,57,56,6.5,35,0,1,2.0,1
3971,75,130,2.8,33,0,0,39.0,0
3451,286,374,1.0,41,0,0,89.0,0
1054,46,73,5.0,27,10,0,14.0,1
1306,19,56,6.5,21,37,0,47.0,0
1628,104,153,2.4,14,0,0,42.0,0
2092,215,198,1.8,55,0,17,22.0,1
2879,90,56,6.5,48,0,34,28.0,1
1200,26,103,3.5,3,30,0,82.0,0
1096,191,129,2.8,41,0,62,14.0,1
3465,41,84,4.3,29,15,0,,0
1749,79,56,6.5,17,0,23,18.0,1
1410,5,202,1.8,58,51,0,,0
1612,57,65,5.6,49,0,0,,0
1608,12,56,6.5,4,44,0,42.0,0
2391,25,56,6.5,44,31,0,20.0,1
3341,280,246,1.5,46,0,34,19.0,1
3332,113,147,2.5,22,0,0,18.0,1
1802,133,96,3.8,14,0,37,25.0,1
2299,53,63,5.8,14,3,0,17.0,1
2682,27,58,6.3,48,29,0,,0
4460,37,56,6.5,57,19,0,17.0,1
3328,31,63,5.8,9,25,0,41.0,0
1604,5,56,6.5,2,51,0,,0
2305,37,56,6.5,37,19,0,6.0,1
3925,42,70,5.2,5,14,0,19.0,1
2970,109,146,2.5,18,0,0,51.0,0
1193,77,87,4.2,43,0,0,,0
3748,58,170,2.1,32,0,0,,0
1910,247,264,1.4,41,0,0,6.0,1
4199,96,209,1.7,9,0,0,112.0,0
3604,45,131,2.8,44,11,0,84.0,0
2797,29,90,4.1,4,27,0,,0
1697,20,56,6.5,3,36,0,,0
2920,65,162,2.3,37,0,0,85.0,0
4912,346,345,1.1,21,0,1,23.0,1
1042,87,118,3.1,39,0,0,,0
2807,307,417,0.9,56,0,0,,0
1013,74,56,6.5,46,0,18,19.0,1
4145,9,56,6.5,30,47,0,47.0,0
1018,189,178,2.1,37,0,11,29.0,1
1050,64,111,3.3,24,0,0,33.0,0
4463,123,257,1.4,1,0,0,,0
3351,4,88,4.1,16,52,0,76.0,0
2675,14,56,6.5,28,42,0,41.0,0
3757,77,75,4.9,30,0,2,,0
1290,58,56,6.5,57,0,2,15.0,1
2221,9,56,6.5,19,47,0,21.0,1
2541,78,195,1.9,23,0,0,,0
1354,115,180,2.0,34,0,0,66.0,0
2259,88,120,3.0,50,0,0,,0
1266,60,56,6.5,37,0,4,,0
4322,72,67,5.4,23,0,5,2.0,1
2957,50,56,6.5,43,6,0,9.0,1
4930,122,230,1.6,16,0,0,100.0,0
2561,23,56,6.5,41,33,0,38.0,0
1923,56,56,6.5,32,0,0,26.0,1
2607,173,92,4.0,16,0,81,8.0,1
1088,36,56,6.5,35,20,0,41.0,0
2106,348,295,1.2,27,0,53,2.0,1
2999,19,56,6.5,3,37,0,67.0,0
2841,121,56,6.5,20,0,65,28.0,1
2977,96,56,6.5,27,0,40,,0
2561,73,87,4.2,56,0,0,,0
2806,51,57,6.4,2,5,0,8.0,1
4558,82,56,6.5,13,0,26,,0
3507,290,233,1.6,6,0,57,,0
2303,24,153,2.4,14,32,0,,0
3892,111,88,4.1,24,0,23,3.0,1
3234,262,268,1.4,27,0,0,,0
2848,192,152,2.4,9,0,40,,0
2424,60,56,6.5,50,0,4,9.0,1
2996,15,56,6.5,23,41,0,,0
4664,113,173,2.1,35,0,0,68.0,0
3538,109,123,3.0,44,0,0,15.0,1
2664,7,103,3.5,51,49,0,94.0,0
1138,3,56,6.5,37,53,0,66.0,0
1275,94,146,2.5,14,0,0,,0
2566,51,56,6.5,26,5,0,1.0,1
4819,20,82,4.5,8,36,0,60.0,0
1610,86,286,1.3,53,0,0,233.0,0
4238,102,56,6.5,45,0,46,,0
1446,11,56,6.5,31,45,0,36.0,0
4077,10,56,6.5,8,46,0,49.0,0
1354,238,199,1.8,36,0,39,4.0,1
3843,74,110,3.3,30,0,0,32.0,0
1946,4,81,4.5,59,52,0,65.0,0
2076,74,59,6.2,16,0,15,13.0,1
2139,122,132,2.8,55,0,0,,0
2000,37,56,6.5,53,19,0,17.0,1
2323,12,114,3.2,58,44,0,109.0,0
4136,81,56,6.5,31,0,25,16.0,1
2231,21,56,6.5,31,35,0,,0
2776,32,56,6.5,35,24,0,21.0,1
1108,77,66,5.5,37,0,11,,0
2803,75,86,4.2,14,0,0,25.0,1
3203,122,108,3.4,57,0,14,,0
4839,24,56,6.5,47,32,0,,0
2012,11,56,6.5,39,45,0,45.0,0
2998,51,65,5.6,56,5,0,,0
1583,88,300,1.2,25,0,0,229.0,0
4011,43,56,6.5,1,13,0,,0
2758,69,102,3.6,55,0,0,12.0,1
3808,310,297,1.2,29,0,13,7.0,1
2133,10,56,6.5,28,46,0,40.0,0
1029,150,123,3.0,29,0,27,13.0,1
4062,45,56,6.5,10,11,0,,0
2442,22,60,6.1,8,34,0,,0
4461,58,56,6.5,40,0,2,4.0,1
1357,96,56,6.5,30,0,40,,0
1596,131,730,0.5,30,0,0,604.0,0
4613,127,176,2.1,41,0,0,62.0,0
2404,197,217,1.7,6,0,0,,0
3895,8,133,2.7,15,48,0,,0
4902,40,56,6.5,55,16,0,,0
1775,102,123,3.0,24,0,0,3.0,1
1730,230,212,1.7,13,0,18,5.0,1
2151,35,56,6.5,9,21,0,,0
1288,149,194,1.9,50,0,0,39.0,0
4882,51,158,2.3,20,5,0,117.0,0
2099,492,396,0.9,36,0,96,,0
1298,23,64,5.7,52,33,0,,0
2580,34,56,6.5,49,22,0,,0
1745,24,67,5.4,13,32,0,29.0,1
4827,331,283,1.3,27,0,48,12.0,1
3518,68,56,6.5,18,0,12,1.0,1
3797,18,56,6.5,57,38,0,21.0,1
4558,64,96,3.8,8,0,0,64.0,0
3541,80,63,5.8,42,0,17,23.0,1
1114,140,90,4.1,49,0,50,9.0,1
4442,15,191,1.9,8,41,0,159.0,0
4520,52,57,6.4,58,4,0,3.0,1
4974,26,56,6.5,51,30,0,12.0,1
1163,45,462,0.8,52,11,0,,0
3840,53,56,6.5,24,3,0,29.0,1
3260,48,56,6.5,44,8,0,18.0,1
1292,78,217,1.7,40,0,0,,0
2144,2,66,5.5,27,54,0,53.0,0
1395,62,85,4.3,51,0,0,25.0,1
2951,97,132,2.8,20,0,0,35.0,0
2968,215,214,1.7,35,0,1,,0
3469,22,68,5.4,8,34,0,38.0,0
2591,357,303,1.2,24,0,54,3.0,1
4151,22,56,6.5,40,34,0,25.0,1
2984,181,165,2.2,12,0,16,,0
4947,57,56,6.5,47,0,1,1.0,1
2404,296,269,1.4,33,0,27,18.0,1
3329,148,100,3.6,14,0,48,29.0,1
3616,36,56,6.5,21,20,0,,0
1909,153,152,2.4,33,0,1,,0
1439,147,183,2.0,41,0,0,21.0,1
3373,153,150,2.4,45,0,3,,0
1296,12,56,6.5,55,44,0,38.0,0
3098,25,61,6.0,1,31,0,40.0,0
3515,28,89,4.1,57,28,0,30.0,1
2474,35,87,4.2,6,21,0,67.0,0
1500,203,163,2.2,14,0,40,4.0,1
3922,55,56,6.5,28,1,0,,0
1523,86,117,3.1,25,0,0,30.0,1
1096,66,71,5.1,39,0,0,,0
3992,4,56,6.5,23,52,0,,0
3033,83,56,6.5,43,0,27,25.0,1
2644,13,75,4.9,39,43,0,50.0,0
3816,4,56,6.5,56,52,0,,0
3706,4,56,6.5,17,52,0,61.0,0
2729,48,56,6.5,31,8,0,8.0,1
1441,141,137,2.7,58,0,4,15.0,1
1342,28,56,6.5,52,28,0,,0
4308,30,75,4.9,28,26,0,30.0,1
3631,390,309,1.2,7,0,81,,0
4297,70,199,1.8,57,0,0,,0
1125,66,185,2.0,18,0,0,,0
2283,38,60,6.1,16,18,0,4.0,1
1903,136,138,2.6,6,0,0,15.0,1
1538,39,74,4.9,2,17,0,40.0,0
2561,40,76,4.8,20,16,0,,0
3400,72,124,2.9,23,0,0,,0
3858,30,56,6.5,2,26,0,40.0,0
4687,30,297,1.2,25,26,0,,0
3924,53,79,4.6,47,3,0,,0
3031,177,147,2.5,6,0,30,,0
3087,207,288,1.3,43,0,0,72.0,0
4761,84,205,1.8,40,0,0,107.0,0
3498,13,56,6.5,29,43,0,,0
3760,84,128,2.9,9,0,0,49.0,0
1201,43,177,2.1,9,13,0,134.0,0
3588,37,183,2.0,14,19,0,158.0,0
4412,106,56,6.5,45,0,50,1.0,1
2270,7,56,6.5,15,49,0,13.0,1
4188,62,199,1.8,46,0,0,,0
3429,4,56,6.5,16,52,0,,0
2961,74,70,5.2,48,0,4,,0
1241,321,317,1.2,51,0,4,2.0,1
4857,105,86,4.2,45,0,19,17.0,1
4408,39,56,6.5,44,17,0,15.0,1
3294,49,56,6.5,9,7,0,3.0,1
4732,186,117,3.1,28,0,69,3.0,1
1962,83,56,6.5,4,0,27,16.0,1
2853,84,73,5.0,40,0,11,,0
2434,39,117,3.1,12,17,0,66.0,0
1095,270,254,1.4,59,0,16,,0
1105,169,153,2.4,22,0,16,8.0,1
1220,75,56,6.5,1,0,19,,0
2198,99,231,1.6,44,0,0,128.0,0
3524,77,70,5.2,40,0,7,,0
2561,45,56,6.5,4,11,0,5.0,1
3952,7,78,4.7,42,49,0,56.0,0
2626,369,284,1.3,33,0,85,,0
2402,42,102,3.6,20,14,0,60.0,0
1395,59,90,4.1,35,0,0,32.0,0
1527,448,333,1.1,47,0,115,5.0,1
3862,42,56,6.5,2,14,0,8.0,1
4127,33,56,6.5,10,23,0,26.0,1
4905,79,56,6.5,8,0,23,13.0,1
3610,78,121,3.0,14,0,0,42.0,0
1486,117,102,3.6,27,0,15,27.0,1
4354,390,309,1.2,13,0,81,19.0,1
4528,20,109,3.3,58,36,0,,0
2645,45,65,5.6,13,11,0,21.0,1
3113,97,90,4.1,54,0,7,18.0,1
4049,42,98,3.7,29,14,0,,0
2597,65,56,6.5,8,0,9,14.0,1
1070,953,730,0.5,24,0,223,,0
3951,66,136,2.7,5,0,0,,0
4749,12,106,3.4,28,44,0,98.0,0
3565,31,147,2.5,2,25,0,130.0,0
3679,190,158,2.3,21,0,32,28.0,1
2022,80,80,4.6,38,0,0,,0
3618,26,56,6.5,27,30,0,52.0,0
2810,78,145,2.5,8,0,0,71.0,0
2614,158,122,3.0,12,0,36,4.0,1
2975,54,56,6.5,10,2,0,2.0,1
3284,272,280,1.3,50,0,0,43.0,0
4227,140,113,3.2,7,0,27,5.0,1
3013,88,161,2.3,41,0,0,72.0,0
2161,147,274,1.3,10,0,0,,0
3220,49,91,4.0,29,7,0,35.0,0
1862,123,115,3.2,25,0,8,7.0,1
3752,195,172,2.1,26,0,23,24.0,1
3225,45,56,6.5,52,11,0,,0
3463,102,93,3.9,26,0,9,,0
1956,157,99,3.7,6,0,58,24.0,1
3191,60,56,6.5,22,0,4,19.0,1
4973,679,574,0.6,39,0,105,6.0,1
1449,1,56,6.5,12,55,0,29.0,1
3877,86,56,6.5,58,0,30,9.0,1
1745,105,257,1.4,7,0,0,,0
3369,56,159,2.3,26,0,0,113.0,0
1962,27,56,6.5,13,29,0,10.0,1
4730,216,146,2.5,18,0,70,17.0,1
1771,340,291,1.3,5,0,49,,0
4448,58,87,4.2,31,0,0,,0
3024,44,719,0.5,17,12,0,683.0,0
2578,63,56,6.5,15,0,7,,0
3193,52,156,2.3,34,4,0,109.0,0
4025,323,228,1.6,22,0,95,3.0,1
4694,199,183,2.0,5,0,16,3.0,1
3221,30,76,4.8,56,26,0,,0
4948,65,71,5.1,16,0,0,9.0,1
3805,129,128,2.9,33,0,1,13.0,1
1813,100,172,2.1,41,0,0,64.0,0
2748,103,145,2.5,4,0,0,38.0,0
2940,1,206,1.8,33,55,0,216.0,0
2638,37,56,6.5,28,19,0,23.0,1
4229,79,75,4.9,11,0,4,,0
3751,85,56,6.5,5,0,29,18.0,1
2576,33,66,5.5,42,23,0,30.0,1
1400,150,202,1.8,41,0,0,52.0,0
4204,132,98,3.7,7,0,34,,0
4076,979,724,0.5,51,0,255,9.0,1
2908,12,105,3.5,24,44,0,,0
2736,10,94,3.9,44,46,0,76.0,0
3122,127,97,3.8,50,0,30,6.0,1
4967,31,56,6.5,4,25,0,32.0,0
4431,59,85,4.3,12,0,0,,0
1461,267,221,1.7,55,0,46,4.0,1
3679,100,98,3.7,4,0,2,16.0,1
2573,37,56,6.5,25,19,0,,0
3821,8,56,6.5,3,48,0,34.0,0
2721,44,62,5.9,17,12,0,30.0,1
4853,105,95,3.8,26,0,10,11.0,1
4805,247,233,1.6,59,0,14,28.0,1
2978,106,56,6.5,50,0,50,,0
3496,46,69,5.3,9,10,0,16.0,1
4416,35,101,3.6,46,21,0,53.0,0
1524,60,56,6.5,13,0,4,3.0,1
2690,14,56,6.5,5,42,0,22.0,1
1920,14,56,6.5,47,42,0,54.0,0
3743,5,56,6.5,59,51,0,51.0,0
1067,117,104,3.5,53,0,13,13.0,1
1698,73,79,4.6,5,0,0,33.0,0
3286,68,57,6.4,12,0,11,7.0,1
3810,104,126,2.9,28,0,0,20.0,1
3142,426,357,1.0,10,0,69,6.0,1
4760,226,334,1.1,1,0,0,98.0,0
4601,28,56,6.5,35,28,0,2.0,1
1976,118,142,2.6,28,0,0,39.0,0
4274,24,78,4.7,51,32,0,50.0,0
4915,110,101,3.6,2,0,9,,0
1002,51,65,5.6,23,5,0,13.0,1
4278,51,98,3.7,5,5,0,,0
1568,117,101,3.6,33,0,16,25.0,1
2925,86,56,6.5,31,0,30,,0
2348,53,56,6.5,15,3,0,12.0,1
3846,35,62,5.9,1,21,0,14.0,1
4847,127,108,3.4,52,0,19,,0
4593,100,145,2.5,29,0,0,,0
1002,8,178,2.1,24,48,0,,0
2035,58,60,6.1,9,0,0,,0
3907,127,112,3.3,35,0,15,22.0,1
2483,69,194,1.9,16,0,0,124.0,0
3665,209,228,1.6,8,0,0,20.0,1
4421,22,85,4.3,8,34,0,70.0,0
1786,67,75,4.9,23,0,0,11.0,1
1916,58,104,3.5,47,0,0,14.0,1
2232,40,56,6.5,44,16,0,12.0,1
3061,97,77,4.7,59,0,20,28.0,1
4174,39,163,2.2,17,17,0,124.0,0
2778,168,150,2.4,27,0,18,,0
1330,89,72,5.1,29,0,17,3.0,1
1540,68,107,3.4,11,0,0,27.0,1
2905,10,56,6.5,23,46,0,23.0,1
1262,149,158,2.3,4,0,0,14.0,1
3096,109,84,4.3,17,0,25,27.0,1
2728,53,72,5.1,11,3,0,42.0,0
1488,42,67,5.4,8,14,0,10.0,1
4334,82,85,4.3,51,0,0,7.0,1
1397,43,62,5.9,26,13,0,32.0,0
3831,39,152,2.4,52,17,0,117.0,0
4682,2,65,5.6,49,54,0,62.0,0
2679,371,321,1.1,8,0,50,2.0,1
2876,275,290,1.3,8,0,0,13.0,1
1908,62,56,6.5,7,0,6,22.0,1
3385,78,95,3.8,51,0,0,,0
2436,54,56,6.5,34,2,0,,0
1468,76,69,5.3,32,0,7,,0
1840,225,446,0.8,13,0,0,,0
4449,102,70,5.2,36,0,32,,0
4452,41,120,3.0,18,15,0,96.0,0
1990,118,138,2.6,13,0,0,,0
1060,13,56,6.5,30,43,0,,0
1932,66,56,6.5,1,0,10,3.0,1
4436,92,56,6.5,57,0,36,13.0,1
3832,99,56,6.5,53,0,43,8.0,1
4358,18,56,6.5,35,38,0,,0
4070,18,139,2.6,3,38,0,,0
4642,45,465,0.8,30,11,0,,0
2623,128,101,3.6,59,0,27,6.0,1
4950,38,56,6.5,48,18,0,17.0,1
2454,48,56,6.5,25,8,0,2.0,1
4845,11,62,5.9,33,45,0,,0
1799,51,56,6.5,16,5,0,6.0,1
4358,145,179,2.0,49,0,0,29.0,1
4473,259,172,2.1,3,0,87,,0
4834,17,56,6.5,47,39,0,,0
1885,184,160,2.3,29,0,24,19.0,1
4311,6,305,1.2,14,50,0,290.0,0
4080,357,412,0.9,43,0,0,60.0,0
4586,147,730,0.5,45,0,0,553.0,0
1637,74,56,6.5,5,0,18,20.0,1
4044,695,730,0.5,44,0,0,25.0,1
3630,96,67,5.4,17,0,29,11.0,1
4481,13,56,6.5,53,43,0,,0
1908,70,116,3.1,29,0,0,19.0,1
2697,60,56,6.5,21,0,4,,0
1298,160,123,3.0,6,0,37,28.0,1
3780,4,56,6.5,24,52,0,45.0,0
4744,16,74,4.9,49,40,0,42.0,0
1324,302,251,1.5,28,0,51,,0
2699,141,86,4.2,57,0,55,1.0,1
2614,86,100,3.6,59,0,0,14.0,1
4704,126,131,2.8,57,0,0,6.0,1
4273,336,229,1.6,17,0,107,,0
2859,93,56,6.5,54,0,37,,0
1998,164,143,2.6,42,0,21,20.0,1
4940,43,72,5.1,22,13,0,29.0,1
3430,25,102,3.6,24,31,0,73.0,0
4118,234,210,1.7,40,0,24,,0
4004,69,56,6.5,18,0,13,6.0,1
2252,12,56,6.5,28,44,0,,0
2836,71,56,6.5,57,0,15,,0
1357,92,58,6.3,10,0,34,20.0,1
4679,130,260,1.4,1,0,0,,0
2751,49,81,4.5,37,7,0,26.0,1
3387,28,56,6.5,26,28,0,,0
1943,32,61,6.0,50,24,0,,0
1040,42,56,6.5,26,14,0,13.0,1
1933,29,56,6.5,33,27,0,31.0,0
3407,161,122,3.0,55,0,39,14.0,1
4395,9,56,6.5,9,47,0,,0
2226,254,219,1.7,18,0,35,24.0,1
2290,43,85,4.3,56,13,0,39.0,0
3831,107,96,3.8,5,0,11,26.0,1
4688,78,72,5.1,22,0,6,,0
1064,86,167,2.2,10,0,0,70.0,0
2504,110,168,2.2,14,0,0,66.0,0
1710,108,117,3.1,12,0,0,16.0,1
4522,4,141,2.6,32,52,0,,0
1838,97,75,4.9,39,0,22,9.0,1
1512,126,138,2.6,45,0,0,,0
4296,77,68,5.4,36,0,9,28.0,1
3502,86,90,4.1,51,0,0,25.0,1
4075,88,72,5.1,50,0,16,,0
3641,51,62,5.9,47,5,0,13.0,1
1244,46,56,6.5,15,10,0,,0
3596,172,130,2.8,59,0,42,,0
2421,248,256,1.4,33,0,0,,0
3291,78,229,1.6,16,0,0,168.0,0
2870,51,56,6.5,4,5,0,3.0,1
2816,242,252,1.4,54,0,0,8.0,1
2873,75,69,5.3,51,0,6,21.0,1
3691,88,145,2.5,3,0,0,38.0,0
4242,12,56,6.5,26,44,0,19.0,1
3073,53,100,3.6,56,3,0,72.0,0
4283,142,115,3.2,37,0,27,24.0,1
1654,41,56,6.5,34,15,0,,0
4973,104,146,2.5,42,0,0,31.0,0
3212,95,264,1.4,9,0,0,,0
4710,97,78,4.7,44,0,19,3.0,1
2065,44,267,1.4,14,12,0,237.0,0
4852,3,77,4.7,47,53,0,96.0,0
3703,180,177,2.1,33,0,3,,0
1553,5,56,6.5,48,51,0,,0
2061,66,623,0.6,38,0,0,,0
4905,455,297,1.2,5,0,158,11.0,1
2728,42,71,5.1,51,14,0,,0
3692,14,56,6.5,47,42,0,66.0,0
4613,120,113,3.2,28,0,7,11.0,1
1606,32,56,6.5,33,24,0,13.0,1
4498,57,128,2.9,17,0,0,77.0,0
2055,155,125,2.9,21,0,30,18.0,1
4522,5,56,6.5,7,51,0,45.0,0
4266,166,220,1.7,40,0,0,49.0,0
3345,48,171,2.1,35,8,0,,0
1381,275,196,1.9,7,0,79,,0
3564,101,90,4.1,8,0,11,,0
4554,6,56,6.5,51,50,0,41.0,0
1607,11,196,1.9,44,45,0,208.0,0
4770,63,72,5.1,42,0,0,12.0,1
2302,41,56,6.5,31,15,0,14.0,1
3277,399,265,1.4,56,0,134,20.0,1
4583,387,482,0.8,5,0,0,97.0,0
4433,10,87,4.2,5,46,0,35.0,0
3439,680,506,0.7,24,0,174,13.0,1
2349,30,96,3.8,54,26,0,58.0,0
1730,1,66,5.5,22,55,0,,0
3028,63,56,6.5,44,0,7,10.0,1
2298,47,333,1.1,13,9,0,,0
4177,57,56,6.5,22,0,1,,0
2451,72,162,2.3,26,0,0,73.0,0
3795,69,57,6.4,1,0,12,6.0,1
3550,61,62,5.9,17,0,0,11.0,1
3908,16,205,1.8,19,40,0,188.0,0
2829,69,66,5.5,2,0,3,32.0,0
3987,44,65,5.6,57,12,0,18.0,1
1389,164,222,1.6,50,0,0,50.0,0
3306,334,323,1.1,52,0,11,23.0,1
2519,40,150,2.4,11,16,0,128.0,0
4663,43,56,6.5,30,13,0,11.0,1
4837,69,59,6.2,46,0,10,6.0,1
3464,97,95,3.8,23,0,2,,0
4839,110,116,3.1,58,0,0,,0
1577,80,56,6.5,15,0,24,13.0,1
3042,101,160,2.3,23,0,0,66.0,0
2405,83,96,3.8,12,0,0,,0
3922,11,56,6.5,27,45,0,44.0,0
4897,56,56,6.5,6,0,0,,0
4481,46,60,6.1,30,10,0,26.0,1
1610,110,84,4.3,5,0,26,,0
4355,436,408,0.9,46,0,28,25.0,1
4068,93,108,3.4,38,0,0,17.0,1
1170,27,56,6.5,35,29,0,30.0,1
4824,97,107,3.4,55,0,0,24.0,1
3634,35,67,5.4,6,21,0,34.0,0
3669,36,116,3.1,14,20,0,,0
3775,49,143,2.6,52,7,0,109.0,0
1527,327,236,1.5,50,0,91,,0
2112,35,88,4.1,17,21,0,,0
1790,22,334,1.1,9,34,0,297.0,0
3234,134,186,2.0,40,0,0,71.0,0
1358,39,56,6.5,31,17,0,18.0,1
3338,555,527,0.7,36,0,28,25.0,1
2240,35,116,3.1,10,21,0,93.0,0
4708,24,56,6.5,27,32,0,38.0,0
2192,87,337,1.1,49,0,0,254.0,0
1372,225,474,0.8,52,0,0,,0
1486,85,87,4.2,5,0,0,6.0,1
2388,51,60,6.1,17,5,0,22.0,1
3400,91,78,4.7,31,0,13,10.0,1
1405,94,159,2.3,57,0,0,76.0,0
4657,286,250,1.5,14,0,36,1.0,1
4456,43,142,2.6,23,13,0,,0
3041,31,97,3.8,44,25,0,49.0,0
4117,132,298,1.2,29,0,0,174.0,0
4941,65,70,5.2,39,0,0,,0
1277,194,205,1.8,15,0,0,6.0,1
4359,23,71,5.1,47,33,0,9.0,1
1726,107,127,2.9,12,0,0,,0
3717,98,82,4.5,33,0,16,,0
3134,3,86,4.2,57,53,0,82.0,0
2834,2,66,5.5,58,54,0,45.0,0
3670,226,263,1.4,40,0,0,,0
3059,53,56,6.5,30,3,0,,0
1338,73,56,6.5,22,0,17,28.0,1
1454,82,491,0.7,30,0,0,393.0,0
3458,263,196,1.9,32,0,67,,0
1921,23,56,6.5,20,33,0,,0
1145,47,57,6.4,38,9,0,13.0,1
1091,63,56,6.5,59,0,7,24.0,1
2866,9,56,6.5,20,47,0,41.0,0
4009,10,56,6.5,2,46,0,31.0,0
2616,47,80,4.6,57,9,0,38.0,0
3748,37,56,6.5,31,19,0,21.0,1
1685,125,94,3.9,58,0,31,8.0,1
2564,82,56,6.5,50,0,26,,0
3719,71,96,3.8,55,0,0,13.0,1
4825,25,64,5.7,28,31,0,45.0,0
3702,298,299,1.2,3,0,0,,0
4771,57,278,1.3,59,0,0,252.0,0
3257,82,168,2.2,20,0,0,93.0,0
4227,46,69,5.3,35,10,0,,0
4482,180,440,0.8,19,0,0,247.0,0
3216,30,56,6.5,6,26,0,,0
4698,45,56,6.5,11,11,0,17.0,1
2838,47,84,4.3,45,9,0,28.0,1
3336,358,546,0.7,6,0,0,203.0,0
2323,14,76,4.8,18,42,0,68.0,0
4633,42,77,4.7,47,14,0,20.0,1
3313,57,56,6.5,14,0,1,22.0,1
1407,102,191,1.9,14,0,0,79.0,0
3681,216,192,1.9,1,0,24,22.0,1
4873,231,169,2.2,54,0,62,,0
1874,97,56,6.5,17,0,41,,0
1858,19,56,6.5,54,37,0,11.0,1
1019,37,56,6.5,14,19,0,27.0,1
1232,13,96,3.8,31,43,0,70.0,0
1792,80,56,6.5,45,0,24,8.0,1
4126,80,56,6.5,10,0,24,,0
1240,10,64,5.7,38,46,0,39.0,0
4289,48,60,6.1,33,8,0,30.0,1
3474,60,58,6.3,5,0,2,18.0,1
2972,150,130,2.8,16,0,20,,0
1724,83,95,3.8,20,0,0,27.0,1
2713,37,71,5.1,48,19,0,33.0,0
1054,131,104,3.5,22,0,27,,0
1908,77,56,6.5,40,0,21,4.0,1
2200,103,97,3.8,17,0,6,5.0,1
4552,45,101,3.6,50,11,0,22.0,1
4195,66,56,6.5,50,0,10,,0
4721,158,199,1.8,9,0,0,,0
3907,53,56,6.5,38,3,0,,0
4040,112,96,3.8,42,0,16,22.0,1
3314,17,228,1.6,9,39,0,228.0,0
4449,147,188,1.9,15,0,0,19.0,1
3678,89,92,4.0,52,0,0,19.0,1
1205,48,67,5.4,46,8,0,36.0,0
3643,122,192,1.9,14,0,0,74.0,0
4939,68,154,2.4,9,0,0,91.0,0
2768,12,56,6.5,9,44,0,,0
1019,15,56,6.5,33,41,0,32.0,0
3119,40,56,6.5,57,16,0,12.0,1
4918,110,101,3.6,53,0,9,8.0,1
4040,94,84,4.3,31,0,10,9.0,1
4666,163,223,1.6,10,0,0,48.0,0
2839,98,119,3.1,10,0,0,17.0,1
4147,67,261,1.4,59,0,0,,0
1912,20,56,6.5,39,36,0,47.0,0
4360,290,223,1.6,5,0,67,18.0,1
1242,66,58,6.3,18,0,8,2.0,1
2299,116,167,2.2,53,0,0,57.0,0
1429,47,56,6.5,33,9,0,6.0,1
3334,14,108,3.4,49,42,0,96.0,0
1613,81,56,6.5,18,0,25,11.0,1
3994,79,72,5.1,52,0,7,7.0,1
1119,93,128,2.9,58,0,0,,0
1247,44,59,6.2,12,12,0,36.0,0
2362,17,56,6.5,25,39,0,50.0,0
1786,168,177,2.1,54,0,0,7.0,1
1317,32,82,4.5,27,24,0,,0
1939,69,60,6.1,41,0,9,,0
1716,64,93,3.9,53,0,0,16.0,1
3725,401,730,0.5,9,0,0,331.0,0
2840,14,226,1.6,49,42,0,,0
1320,34,228,1.6,13,22,0,,0
4338,154,127,2.9,49,0,27,10.0,1
1282,61,102,3.6,22,0,0,7.0,1
1484,11,56,6.5,2,45,0,46.0,0
1569,63,56,6.5,39,0,7,,0
2254,81,61,6.0,57,0,20,15.0,1
1959,9,56,6.5,48,47,0,,0
2216,49,56,6.5,15,7,0,,0
3574,48,56,6.5,23,8,0,,0
4921,112,87,4.2,13,0,25,2.0,1
4416,159,173,2.1,57,0,0,38.0,0
4328,66,218,1.7,45,0,0,,0
4602,158,125,2.9,47,0,33,13.0,1
2207,70,56,6.5,20,0,14,,0
4775,11,56,6.5,13,45,0,,0
2825,14,56,6.5,55,42,0,,0
4647,84,56,6.5,27,0,28,7.0,1
4849,6,56,6.5,42,50,0,,0
1843,63,79,4.6,17,0,0,13.0,1
3235,95,56,6.5,31,0,39,10.0,1
2702,37,118,3.1,26,19,0,86.0,0
2772,5,74,4.9,22,51,0,,0
2089,21,90,4.1,41,35,0,,0
1287,79,224,1.6,32,0,0,135.0,0
2074,53,56,6.5,22,3,0,23.0,1
3841,32,125,2.9,28,24,0,87.0,0
2592,79,89,4.1,55,0,0,,0
3131,2,68,5.4,42,54,0,,0
2211,121,182,2.0,47,0,0,,0
3230,135,181,2.0,1,0,0,21.0,1
2797,31,56,6.5,4,25,0,9.0,1
1502,79,77,4.7,16,0,2,9.0,1
3566,46,112,3.3,43,10,0,70.0,0
3384,60,72,5.1,23,0,0,26.0,1
4225,141,143,2.6,38,0,0,,0
1117,93,112,3.3,41,0,0,,0
1350,518,389,0.9,48,0,129,5.0,1
1630,74,56,6.5,36,0,18,10.0,1
4425,113,81,4.5,14,0,32,,0
1209,15,56,6.5,43,41,0,40.0,0
2256,157,145,2.5,43,0,12,19.0,1
1123,9,56,6.5,3,47,0,,0
4050,82,118,3.1,1,0,0,,0
1589,21,56,6.5,44,35,0,29.0,1
1132,1,56,6.5,16,55,0,,0
1214,21,56,6.5,8,35,0,49.0,0
4839,99,62,5.9,1,0,37,23.0,1
2024,48,214,1.7,21,8,0,149.0,0
1339,32,88,4.1,2,24,0,53.0,0
4457,124,148,2.5,12,0,0,16.0,1
4306,437,340,1.1,14,0,97,2.0,1
3684,52,111,3.3,22,4,0,54.0,0
2636,81,57,6.4,56,0,24,,0
4648,145,130,2.8,20,0,15,2.0,1
2801,88,58,6.3,17,0,30,8.0,1
4318,19,60,6.1,7,37,0,72.0,0
1177,69,56,6.5,21,0,13,2.0,1
4378,54,188,1.9,34,2,0,119.0,0
1836,21,66,5.5,22,35,0,,0
2320,28,104,3.5,22,28,0,67.0,0
2465,12,56,6.5,21,44,0,50.0,0
3028,144,127,2.9,13,0,17,13.0,1
2100,20,56,6.5,45,36,0,17.0,1
3627,62,80,4.6,6,0,0,34.0,0
1791,202,181,2.0,25,0,21,24.0,1
4695,239,169,2.2,44,0,70,,0
1474,120,88,4.1,31,0,32,11.0,1
3359,1,56,6.5,25,55,0,19.0,1
4449,979,730,0.5,32,0,249,20.0,1
3275,524,363,1.0,55,0,161,,0
3794,71,160,2.3,29,0,0,,0
2827,16,56,6.5,48,40,0,9.0,1
3817,61,82,4.5,35,0,0,30.0,1
3527,45,58,6.3,12,11,0,,0
2591,247,247,1.5,16,0,0,,0
3000,39,111,3.3,9,17,0,75.0,0
1779,20,56,6.5,13,36,0,39.0,0
3443,1,61,6.0,12,55,0,,0
4412,311,220,1.7,26,0,91,12.0,1
3119,396,323,1.1,55,0,73,,0
3453,444,305,1.2,15,0,139,7.0,1
4529,137,164,2.2,4,0,0,20.0,1
4795,42,73,5.0,49,14,0,,0
2085,78,56,6.5,10,0,22,23.0,1
3552,9,114,3.2,48,47,0,132.0,0
2471,58,89,4.1,44,0,0,29.0,1
3075,25,100,3.6,38,31,0,61.0,0
2010,77,93,3.9,48,0,0,11.0,1
2880,58,56,6.5,12,0,2,28.0,1
4568,114,140,2.6,22,0,0,35.0,0
2691,185,149,2.4,38,0,36,24.0,1
3563,218,155,2.4,59,0,63,16.0,1
3476,217,191,1.9,30,0,26,1.0,1
1857,69,145,2.5,15,0,0,81.0,0
3444,17,64,5.7,36,39,0,58.0,0
4666,133,85,4.3,57,0,48,,0
4169,26,96,3.8,5,30,0,,0
3540,62,98,3.7,49,0,0,28.0,1
3511,220,200,1.8,4,0,20,6.0,1
1748,77,150,2.4,26,0,0,47.0,0
3307,553,474,0.8,43,0,79,,0
2980,276,525,0.7,19,0,0,238.0,0
4155,89,95,3.8,14,0,0,,0
3920,55,56,6.5,27,1,0,,0
3969,270,242,1.5,56,0,28,,0
1107,23,58,6.3,38,33,0,40.0,0
2381,73,56,6.5,26,0,17,28.0,1
4421,79,65,5.6,42,0,14,11.0,1
3693,40,62,5.9,23,16,0,16.0,1
3789,128,146,2.5,42,0,0,,0
3892,7,56,6.5,50,49,0,,0
4701,82,56,6.5,49,0,26,29.0,1
3487,74,118,3.1,2,0,0,53.0,0
4043,225,148,2.5,54,0,77,4.0,1
3640,137,150,2.4,13,0,0,1.0,1
2690,57,56,6.5,12,0,1,4.0,1
3338,13,56,6.5,37,43,0,50.0,0
1743,19,60,6.1,40,37,0,,0
3528,81,109,3.3,36,0,0,,0
4060,372,295,1.2,3,0,77,2.0,1
4281,51,56,6.5,4,5,0,3.0,1
3745,93,75,4.9,31,0,18,14.0,1
2875,8,56,6.5,41,48,0,40.0,0
4774,20,56,6.5,28,36,0,,0
2138,47,195,1.9,40,9,0,174.0,0
4488,23,139,2.6,11,33,0,117.0,0
3910,98,128,2.9,47,0,0,29.0,1
4172,158,188,1.9,56,0,0,,0
2400,67,61,6.0,43,0,6,10.0,1
4922,6,63,5.8,16,50,0,35.0,0
4424,198,517,0.7,38,0,0,,0
3640,5,73,5.0,29,51,0,,0
3080,25,162,2.3,15,31,0,159.0,0
2635,108,90,4.1,21,0,18,18.0,1
2348,90,56,6.5,14,0,34,13.0,1
2575,62,56,6.5,16,0,6,26.0,1
2273,45,56,6.5,27,11,0,3.0,1
1558,75,209,1.7,56,0,0,153.0,0
4966,112,169,2.2,28,0,0,60.0,0
3732,250,187,2.0,14,0,63,,0
3330,21,56,6.5,36,35,0,27.0,1
3182,46,327,1.1,10,10,0,304.0,0
3489,18,56,6.5,47,38,0,50.0,0
1525,142,106,3.4,54,0,36,,0
1899,54,89,4.1,9,2,0,,0
2649,31,78,4.7,28,25,0,26.0,1
4793,87,262,1.4,14,0,0,,0
4745,64,56,6.5,19,0,8,10.0,1
4440,38,56,6.5,57,18,0,23.0,1
2871,49,91,4.0,13,7,0,39.0,0
2370,78,65,5.6,59,0,13,11.0,1
1421,1051,730,0.5,56,0,321,,0
2939,64,154,2.4,51,0,0,76.0,0
4071,73,64,5.7,55,0,9,,0
3605,73,56,6.5,37,0,17,5.0,1
1146,29,56,6.5,39,27,0,5.0,1
4712,120,56,6.5,52,0,64,3.0,1
4307,91,98,3.7,3,0,0,6.0,1
2686,285,281,1.3,7,0,4,9.0,1
3493,103,220,1.7,28,0,0,,0
4695,70,108,3.4,14,0,0,66.0,0
4784,59,69,5.3,54,0,0,11.0,1
4355,6,111,3.3,37,50,0,102.0,0
2875,74,59,6.2,48,0,15,23.0,1
2871,335,355,1.0,52,0,0,,0
2356,78,77,4.7,22,0,1,,0
4488,36,84,4.3,31,20,0,32.0,0
4458,63,56,6.5,1,0,7,1.0,1
4790,120,76,4.8,47,0,44,15.0,1
1527,218,175,2.1,12,0,43,,0
1126,18,56,6.5,24,38,0,37.0,0
3333,14,56,6.5,30,42,0,48.0,0
4992,127,169,2.2,54,0,0,64.0,0
3125,1,56,6.5,46,55,0,,0
2408,245,209,1.7,48,0,36,16.0,1
4616,66,58,6.3,27,0,8,3.0,1
4620,15,65,5.6,16,41,0,46.0,0
3204,47,56,6.5,21,9,0,,0
1164,92,121,3.0,56,0,0,,0
4260,390,644,0.6,4,0,0,219.0,0
2031,133,168,2.2,2,0,0,,0
3816,25,56,6.5,21,31,0,49.0,0
3366,282,223,1.6,7,0,59,23.0,1
2751,43,69,5.3,37,13,0,38.0,0
3554,21,270,1.4,7,35,0,234.0,0
4697,268,171,2.1,2,0,97,,0
3752,21,56,6.5,12,35,0,,0
1685,70,56,6.5,1,0,14,27.0,1
1938,235,191,1.9,3,0,44,,0
3679,37,101,3.6,1,19,0,,0
3569,82,56,6.5,35,0,26,,0
3769,53,56,6.5,16,3,0,,0
3772,28,56,6.5,51,28,0,4.0,1
2289,107,83,4.4,8,0,24,20.0,1
2085,679,527,0.7,21,0,152,,0
2109,134,171,2.1,51,0,0,,0
2970,679,519,0.7,5,0,160,,0
4628,153,182,2.0,56,0,0,39.0,0
2224,83,204,1.8,58,0,0,98.0,0
4784,451,436,0.8,31,0,15,28.0,1
2639,102,121,3.0,59,0,0,,0
2836,46,77,4.7,26,10,0,,0
4558,100,205,1.8,1,0,0,92.0,0
2620,331,288,1.3,23,0,43,22.0,1
1697,103,61,6.0,13,0,42,,0
4166,56,56,6.5,32,0,0,13.0,1
4777,85,100,3.6,5,0,0,15.0,1
2266,241,175,2.1,20,0,66,23.0,1
1244,245,170,2.1,51,0,75,1.0,1
4607,57,56,6.5,28,0,1,,0
1224,480,415,0.9,7,0,65,8.0,1
1970,16,56,6.5,58,40,0,36.0,0
4766,94,72,5.1,13,0,22,23.0,1
3160,43,56,6.5,32,13,0,9.0,1
3738,1090,730,0.5,46,0,360,16.0,1
1199,125,109,3.3,18,0,16,,0
2352,21,56,6.5,46,35,0,36.0,0
3836,35,179,2.0,45,21,0,,0
2838,126,166,2.2,8,0,0,,0
4989,45,77,4.7,29,11,0,,0
3972,75,176,2.1,20,0,0,89.0,0
2319,100,56,6.5,26,0,44,,0
3690,98,60,6.1,18,0,38,,0
4504,2,56,6.5,46,54,0,58.0,0
2304,35,56,6.5,2,21,0,11.0,1
4793,107,382,1.0,43,0,0,280.0,0
3171,386,334,1.1,47,0,52,8.0,1
3826,107,94,3.9,42,0,13,3.0,1
2117,86,340,1.1,49,0,0,258.0,0
4160,42,79,4.6,58,14,0,35.0,0
3250,81,74,4.9,24,0,7,,0
3785,74,94,3.9,43,0,0,6.0,1
4159,87,81,4.5,8,0,6,1.0,1
2839,51,75,4.9,22,5,0,15.0,1
4231,98,224,1.6,34,0,0,131.0,0
3946,123,101,3.6,32,0,22,,0
2964,81,159,2.3,35,0,0,93.0,0
3648,36,205,1.8,25,20,0,,0
1121,67,122,3.0,7,0,0,,0
3668,98,56,6.5,14,0,42,5.0,1
4347,49,56,6.5,44,7,0,14.0,1
4319,56,101,3.6,29,0,0,14.0,1
1403,63,78,4.7,37,0,0,,0
2842,115,96,3.8,37,0,19,7.0,1
3128,26,88,4.1,7,30,0,25.0,1
4091,302,711,0.5,33,0,0,422.0,0
2489,80,56,6.5,17,0,24,3.0,1
2912,5,56,6.5,19,51,0,36.0,0
4597,20,117,3.1,25,36,0,93.0,0
4297,96,66,5.5,8,0,30,,0
4919,131,115,3.2,12,0,16,27.0,1
2055,215,143,2.6,3,0,72,,0
2735,386,251,1.5,31,0,135,6.0,1
3217,21,56,6.5,44,35,0,33.0,0
1633,87,57,6.4,8,0,30,,0
3982,103,126,2.9,4,0,0,,0
2957,170,166,2.2,32,0,4,13.0,1
2727,148,520,0.7,7,0,0,368.0,0
2027,171,193,1.9,14,0,0,,0
4298,7,86,4.2,34,49,0,,0
1123,35,56,6.5,5,21,0,,0
1219,29,57,6.4,12,27,0,30.0,1
1702,27,56,6.5,37,29,0,7.0,1
3282,193,152,2.4,27,0,41,27.0,1
1828,17,110,3.3,21,39,0,88.0,0
4561,94,56,6.5,57,0,38,15.0,1
1845,42,63,5.8,13,14,0,25.0,1
3948,5,181,2.0,25,51,0,153.0,0
3241,54,119,3.1,34,2,0,,0
4628,76,141,2.6,42,0,0,61.0,0
2329,185,122,3.0,44,0,63,17.0,1
2111,346,330,1.1,57,0,16,,0
1130,2,108,3.4,48,54,0,93.0,0
4094,22,66,5.5,17,34,0,32.0,0
3442,18,56,6.5,21,38,0,34.0,0
1805,106,109,3.3,15,0,0,4.0,1
4511,26,56,6.5,26,30,0,34.0,0
2954,53,77,4.7,33,3,0,,0
4008,134,76,4.8,35,0,58,1.0,1
3309,68,56,6.5,26,0,12,9.0,1
4397,15,56,6.5,12,41,0,44.0,0
2703,211,172,2.1,22,0,39,14.0,1
3814,125,108,3.4,10,0,17,6.0,1
2058,96,97,3.8,9,0,0,8.0,1
1396,58,115,3.2,36,0,0,46.0,0
2560,67,96,3.8,34,0,0,,0
2749,294,243,1.5,21,0,51,2.0,1
4664,96,99,3.7,33,0,0,26.0,1
4394,31,56,6.5,10,25,0,,0
3627,449,331,1.1,45,0,118,12.0,1
1866,126,121,3.0,7,0,5,16.0,1
3933,29,56,6.5,59,27,0,33.0,0
2966,23,56,6.5,28,33,0,,0
4894,45,123,3.0,18,11,0,,0
2755,49,81,4.5,15,7,0,7.0,1
1682,418,317,1.2,40,0,101,25.0,1
3561,73,68,5.4,30,0,5,,0
2068,5,56,6.5,25,51,0,28.0,1
2711,159,184,2.0,50,0,0,,0
2085,150,188,1.9,50,0,0,35.0,0
1933,85,103,3.5,45,0,0,25.0,1
4630,195,154,2.4,30,0,41,7.0,1
3563,93,87,4.2,16,0,6,25.0,1
3747,142,108,3.4,10,0,34,4.0,1
2774,200,228,1.6,25,0,0,,0
3096,28,148,2.5,12,28,0,112.0,0
2099,24,78,4.7,40,32,0,,0
3593,55,265,1.4,55,1,0,,0
1996,81,56,6.5,1,0,25,,0
1811,338,464,0.8,9,0,0,100.0,0
4816,90,56,6.5,20,0,34,15.0,1
4933,4,56,6.5,38,52,0,51.0,0
2876,68,87,4.2,18,0,0,36.0,0
4127,87,80,4.6,29,0,7,3.0,1
2321,227,201,1.8,37,0,26,,0
2841,52,56,6.5,59,4,0,10.0,1
3244,52,110,3.3,49,4,0,70.0,0
2312,32,56,6.5,12,24,0,7.0,1
2249,98,113,3.2,37,0,0,16.0,1
4295,72,85,4.3,32,0,0,6.0,1
2882,38,96,3.8,12,18,0,54.0,0
4650,85,57,6.4,56,0,28,12.0,1
1359,9,59,6.2,37,47,0,50.0,0
4051,156,113,3.2,39,0,43,,0
2577,82,191,1.9,12,0,0,108.0,0
4826,37,56,6.5,56,19,0,25.0,1
2067,32,56,6.5,33,24,0,22.0,1
4683,179,147,2.5,56,0,32,11.0,1
3488,4,87,4.2,59,52,0,96.0,0
1035,258,174,2.1,43,0,84,,0
4496,40,56,6.5,32,16,0,10.0,1
1634,113,56,6.5,33,0,57,,0
2719,64,58,6.3,24,0,6,,0
1371,11,56,6.5,31,45,0,,0
3562,28,84,4.3,47,28,0,53.0,0
3417,132,56,6.5,30,0,76,,0
3615,66,162,2.3,26,0,0,96.0,0
4511,89,71,5.1,2,0,18,,0
4878,129,101,3.6,52,0,28,5.0,1
2703,140,102,3.6,17,0,38,29.0,1
2318,72,105,3.5,1,0,0,38.0,0
3970,82,88,4.1,52,0,0,,0
1619,136,135,2.7,31,0,1,1.0,1
3114,6,56,6.5,29,50,0,37.0,0
3915,261,275,1.3,11,0,0,,0
2764,89,74,4.9,45,0,15,7.0,1
3653,18,56,6.5,4,38,0,26.0,1
2344,85,104,3.5,36,0,0,11.0,1
4586,27,56,6.5,8,29,0,31.0,0
2406,177,153,2.4,36,0,24,1.0,1
3789,191,527,0.7,47,0,0,323.0,0
4202,105,56,6.5,21,0,49,9.0,1
1036,35,117,3.1,11,21,0,,0
2011,49,56,6.5,12,7,0,,0
4937,57,129,2.8,26,0,0,68.0,0
3035,40,56,6.5,27,16,0,10.0,1
3451,1,56,6.5,34,55,0,70.0,0
2418,12,56,6.5,10,44,0,41.0,0
1850,185,161,2.3,59,0,24,13.0,1
2754,299,201,1.8,58,0,98,,0
4735,72,91,4.0,9,0,0,,0
4269,24,56,6.5,39,32,0,21.0,1
1064,332,321,1.1,13,0,11,26.0,1
4192,28,56,6.5,12,28,0,33.0,0
1338,67,56,6.5,17,0,11,1.0,1
2395,92,129,2.8,4,0,0,48.0,0
2657,39,56,6.5,39,17,0,,0
4401,13,198,1.8,28,43,0,204.0,0
2183,19,66,5.5,41,37,0,43.0,0
2725,81,145,2.5,20,0,0,79.0,0
1495,68,276,1.3,7,0,0,198.0,0
4684,11,56,6.5,56,45,0,50.0,0
4875,55,57,6.4,8,1,0,,0
3625,72,84,4.3,35,0,0,8.0,1
3468,245,307,1.2,29,0,0,74.0,0
4853,26,56,6.5,47,30,0,,0
4117,76,56,6.5,15,0,20,5.0,1
2740,139,131,2.8,31,0,8,,0
4511,44,56,6.5,12,12,0,13.0,1
4377,37,101,3.6,21,19,0,60.0,0
2852,48,56,6.5,48,8,0,,0
1381,68,529,0.7,16,0,0,,0
4472,4,56,6.5,39,52,0,,0
2562,104,69,5.3,32,0,35,18.0,1
3941,60,87,4.2,6,0,0,,0
1309,36,415,0.9,24,20,0,377.0,0
4612,5,56,6.5,32,51,0,39.0,0
1268,90,440,0.8,18,0,0,371.0,0
2456,255,164,2.2,56,0,91,28.0,1
2048,20,125,2.9,44,36,0,104.0,0
2367,27,56,6.5,10,29,0,20.0,1
3031,74,142,2.6,29,0,0,80.0,0
4171,9,56,6.5,9,47,0,45.0,0
3454,288,247,1.5,13,0,41,8.0,1
3329,54,56,6.5,51,2,0,13.0,1
3607,18,82,4.5,27,38,0,,0
2699,87,57,6.4,37,0,30,,0
1389,7,56,6.5,8,49,0,53.0,0
1719,5,162,2.3,53,51,0,181.0,0
4145,163,138,2.6,2,0,25,10.0,1
4494,131,236,1.5,42,0,0,81.0,0
3104,89,56,6.5,4,0,33,17.0,1
1090,251,210,1.7,10,0,41,16.0,1
1193,787,668,0.5,14,0,119,7.0,1
3441,50,62,5.9,25,6,0,25.0,1
4567,61,409,0.9,41,0,0,341.0,0
1199,102,72,5.1,14,0,30,,0
3056,75,56,6.5,10,0,19,17.0,1
2868,58,70,5.2,8,0,0,9.0,1
4315,136,208,1.8,6,0,0,,0
3631,46,56,6.5,5,10,0,6.0,1
2818,30,56,6.5,21,26,0,30.0,1
1045,28,144,2.5,49,28,0,,0
1830,85,90,4.1,23,0,0,19.0,1
2961,39,143,2.6,37,17,0,,0
2236,67,108,3.4,19,0,0,34.0,0
4368,129,132,2.8,53,0,0,11.0,1
3465,13,63,5.8,49,43,0,73.0,0
3908,17,108,3.4,20,39,0,99.0,0
1157,38,56,6.5,10,18,0,16.0,1
4755,139,252,1.4,18,0,0,,0
3511,33,56,6.5,20,23,0,18.0,1
2280,182,222,1.6,48,0,0,14.0,1
3988,39,74,4.9,11,17,0,40.0,0
2582,75,105,3.5,15,0,0,,0
2756,15,60,6.1,32,41,0,28.0,1
3281,83,56,6.5,11,0,27,10.0,1
4229,90,56,6.5,52,0,34,,0
4477,40,56,6.5,29,16,0,,0
1014,12,69,5.3,40,44,0,,0
3643,114,106,3.4,39,0,8,12.0,1
2701,232,202,1.8,1,0,30,20.0,1
2046,69,63,5.8,47,0,6,15.0,1
1926,27,56,6.5,27,29,0,,0
1696,69,56,6.5,35,0,13,9.0,1
2232,117,132,2.8,8,0,0,8.0,1
3043,156,272,1.3,12,0,0,107.0,0
1034,386,247,1.5,28,0,139,9.0,1
4777,207,158,2.3,48,0,49,4.0,1
2262,31,150,2.4,19,25,0,89.0,0
1180,201,350,1.0,29,0,0,152.0,0
1030,9,117,3.1,54,47,0,,0
3457,188,150,2.4,42,0,38,,0
4870,12,69,5.3,42,44,0,56.0,0
4271,111,56,6.5,18,0,55,1.0,1
2999,75,56,6.5,34,0,19,5.0,1
2931,35,89,4.1,51,21,0,31.0,0
1180,110,94,3.9,19,0,16,28.0,1
2719,456,420,0.9,24,0,36,20.0,1
2618,64,96,3.8,34,0,0,38.0,0
2469,107,231,1.6,32,0,0,136.0,0
3603,45,63,5.8,2,11,0,20.0,1
4129,4,70,5.2,32,52,0,,0
2484,71,56,6.5,8,0,15,20.0,1
1960,24,56,6.5,45,32,0,,0
1652,156,137,2.7,53,0,19,2.0,1
2340,16,90,4.1,9,40,0,,0
3627,119,191,1.9,23,0,0,61.0,0
4250,132,104,3.5,55,0,28,24.0,1
2148,40,67,5.4,29,16,0,9.0,1
3749,362,502,0.7,7,0,0,129.0,0
3028,134,83,4.4,5,0,51,,0
3991,173,228,1.6,40,0,0,,0
4422,15,65,5.6,32,41,0,,0
2214,163,158,2.3,40,0,5,,0
3119,276,189,1.9,3,0,87,25.0,1
4546,23,106,3.4,10,33,0,,0
2351,40,56,6.5,40,16,0,,0
4959,33,91,4.0,53,23,0,78.0,0
2842,330,240,1.5,29,0,90,1.0,1
4991,122,137,2.7,45,0,0,,0
3133,127,128,2.9,19,0,0,4.0,1
4239,58,56,6.5,25,0,2,13.0,1
1668,25,56,6.5,20,31,0,35.0,0
3376,98,125,2.9,47,0,0,27.0,1
3704,117,124,2.9,38,0,0,,0
4072,294,237,1.5,46,0,57,22.0,1
4947,22,80,4.6,10,34,0,36.0,0
1095,19,124,2.9,51,37,0,,0
4283,44,91,4.0,11,12,0,36.0,0
2024,42,56,6.5,14,14,0,19.0,1
3968,50,56,6.5,51,6,0,20.0,1
3728,22,127,2.9,31,34,0,91.0,0
3778,115,103,3.5,5,0,12,3.0,1
3710,22,56,6.5,43,34,0,,0
3321,7,56,6.5,28,49,0,,0
1755,84,148,2.5,19,0,0,50.0,0
3142,79,72,5.1,33,0,7,,0
3715,205,140,2.6,2,0,65,,0
4443,480,399,0.9,54,0,81,,0
2513,1,56,6.5,29,55,0,49.0,0
3132,92,56,6.5,18,0,36,22.0,1
3699,62,76,4.8,46,0,0,25.0,1
4812,278,288,1.3,10,0,0,,0
1599,80,56,6.5,56,0,24,11.0,1
3546,620,423,0.9,38,0,197,12.0,1
1998,33,100,3.6,15,23,0,57.0,0
2584,19,83,4.4,22,37,0,44.0,0
4552,85,76,4.8,27,0,9,,0
4314,9,63,5.8,27,47,0,,0
4024,19,208,1.8,22,37,0,183.0,0
1506,25,56,6.5,21,31,0,,0
2632,99,118,3.1,31,0,0,,0
3063,14,66,5.5,34,42,0,62.0,0
3930,34,56,6.5,6,22,0,10.0,1
2791,710,712,0.5,13,0,0,39.0,0
3202,42,125,2.9,40,14,0,,0
2512,198,147,2.5,15,0,51,18.0,1
3228,189,223,1.6,27,0,0,,0
1859,20,56,6.5,59,36,0,,0
3211,388,365,1.0,31,0,23,15.0,1
2414,9,56,6.5,48,47,0,,0
1289,120,56,6.5,42,0,64,20.0,1
2909,13,62,5.9,23,43,0,44.0,0
3029,133,143,2.6,46,0,0,14.0,1
2401,59,107,3.4,35,0,0,36.0,0
3880,51,78,4.7,54,5,0,,0
1515,36,89,4.1,8,20,0,31.0,0
4189,96,56,6.5,55,0,40,13.0,1
2049,66,56,6.5,33,0,10,9.0,1
1147,64,160,2.3,28,0,0,,0
3934,78,156,2.3,7,0,0,57.0,0
1434,458,319,1.1,36,0,139,15.0,1
1716,17,56,6.5,43,39,0,24.0,1
2122,37,156,2.3,13,19,0,118.0,0
3697,34,71,5.1,42,22,0,18.0,1
1775,45,233,1.6,31,11,0,,0
3961,300,203,1.8,13,0,97,1.0,1
2023,74,106,3.4,35,0,0,,0
2168,47,68,5.4,56,9,0,45.0,0
4140,91,194,1.9,50,0,0,,0
1285,92,151,2.4,7,0,0,68.0,0
4678,3,56,6.5,22,53,0,50.0,0
3982,45,56,6.5,40,11,0,20.0,1
1060,114,71,5.1,52,0,43,12.0,1
4443,213,302,1.2,34,0,0,,0
4095,175,225,1.6,9,0,0,73.0,0
2616,17,56,6.5,32,39,0,13.0,1
3292,29,56,6.5,35,27,0,15.0,1
2249,68,249,1.5,3,0,0,180.0,0
1618,39,56,6.5,21,17,0,,0
3082,52,135,2.7,57,4,0,83.0,0
4189,52,56,6.5,13,4,0,,0
4260,266,328,1.1,33,0,0,78.0,0
1458,75,56,6.5,36,0,19,,0
4937,2,224,1.6,10,54,0,212.0,0
3887,63,104,3.5,36,0,0,25.0,1
1782,66,110,3.3,18,0,0,36.0,0
1291,29,56,6.5,31,27,0,,0
4193,11,56,6.5,45,45,0,16.0,1
3358,126,75,4.9,40,0,51,23.0,1
4748,103,109,3.3,1,0,0,6.0,1
3006,3,56,6.5,31,53,0,,0
1573,48,56,6.5,26,8,0,24.0,1
1831,28,141,2.6,16,28,0,87.0,0
1217,144,141,2.6,38,0,3,11.0,1
1353,3,80,4.6,55,53,0,,0
3762,120,168,2.2,12,0,0,42.0,0
4061,6,56,6.5,48,50,0,,0
1779,41,67,5.4,43,15,0,41.0,0
1327,181,336,1.1,43,0,0,144.0,0
4821,71,95,3.8,51,0,0,25.0,1
2159,130,99,3.7,29,0,31,,0
1808,791,569,0.6,58,0,222,29.0,1
1068,1,56,6.5,12,55,0,35.0,0
4180,85,170,2.1,5,0,0,91.0,0
1969,261,340,1.1,42,0,0,61.0,0
3818,29,69,5.3,2,27,0,37.0,0
1554,154,179,2.0,12,0,0,8.0,1
3468,29,56,6.5,14,27,0,26.0,1
3645,58,56,6.5,47,0,2,,0
4512,123,122,3.0,54,0,1,,0
4352,121,170,2.1,30,0,0,,0
3563,330,220,1.7,35,0,110,,0
4001,374,315,1.2,47,0,59,12.0,1
4620,19,85,4.3,17,37,0,,0
4207,19,233,1.6,3,37,0,201.0,0
1477,49,68,5.4,9,7,0,13.0,1
3056,154,185,2.0,7,0,0,,0
2614,36,106,3.4,20,20,0,86.0,0
4968,169,128,2.9,12,0,41,,0
4314,47,126,2.9,7,9,0,84.0,0
3411,80,56,6.5,29,0,24,14.0,1
4980,11,56,6.5,54,45,0,39.0,0
1451,112,97,3.8,29,0,15,1.0,1
3831,7,56,6.5,58,49,0,,0
3552,162,175,2.1,18,0,0,36.0,0
2707,210,180,2.0,2,0,30,14.0,1
3798,174,116,3.1,48,0,58,,0
4136,33,56,6.5,11,23,0,22.0,1
2037,251,271,1.3,26,0,0,3.0,1
1730,622,459,0.8,27,0,163,7.0,1
1125,125,101,3.6,19,0,24,,0
4609,106,135,2.7,59,0,0,25.0,1
3926,41,105,3.5,38,15,0,,0
4487,45,137,2.7,20,11,0,109.0,0
4047,68,81,4.5,24,0,0,12.0,1
4324,12,87,4.2,39,44,0,47.0,0
4457,257,185,2.0,13,0,72,,0
3831,33,587,0.6,6,23,0,551.0,0
2243,68,56,6.5,40,0,12,19.0,1
2456,60,82,4.5,37,0,0,26.0,1
3905,63,56,6.5,57,0,7,20.0,1
1202,489,321,1.1,1,0,168,14.0,1
4606,69,56,6.5,52,0,13,27.0,1
1605,41,56,6.5,2,15,0,,0
1499,23,149,2.4,38,33,0,123.0,0
2339,83,363,1.0,41,0,0,268.0,0
1222,168,153,2.4,30,0,15,,0
4731,22,106,3.4,24,34,0,85.0,0
2500,18,124,2.9,41,38,0,104.0,0
2353,79,279,1.3,38,0,0,,0
2937,39,56,6.5,27,17,0,,0
4965,105,82,4.5,30,0,23,,0
4130,111,62,5.9,9,0,49,3.0,1
3206,63,56,6.5,54,0,7,6.0,1
1643,2,69,5.3,37,54,0,47.0,0
1255,85,218,1.7,16,0,0,141.0,0
3970,71,141,2.6,35,0,0,80.0,0
4451,194,150,2.4,28,0,44,3.0,1
3577,108,101,3.6,12,0,7,,0
2726,61,136,2.7,12,0,0,73.0,0
4435,26,56,6.5,51,30,0,46.0,0
1222,82,70,5.2,57,0,12,27.0,1
4526,81,104,3.5,9,0,0,35.0,0
1530,83,112,3.3,29,0,0,35.0,0
2958,151,116,3.1,51,0,35,24.0,1
1321,54,80,4.6,51,2,0,7.0,1
4917,59,66,5.5,21,0,0,24.0,1
4939,175,730,0.5,17,0,0,,0
1874,191,185,2.0,33,0,6,29.0,1
4702,76,125,2.9,34,0,0,29.0,1
4373,49,74,4.9,26,7,0,,0
3267,5,62,5.9,54,51,0,,0
3213,39,81,4.5,18,17,0,28.0,1
3204,2,113,3.2,34,54,0,,0
4831,15,56,6.5,38,41,0,48.0,0
4418,11,56,6.5,25,45,0,16.0,1
1952,24,56,6.5,52,32,0,,0
3302,138,106,3.4,51,0,32,1.0,1
1687,97,74,4.9,34,0,23,14.0,1
2711,383,293,1.2,50,0,90,9.0,1
4064,15,56,6.5,48,41,0,,0
1188,82,56,6.5,45,0,26,22.0,1
1450,314,303,1.2,15,0,11,19.0,1
2199,89,99,3.7,2,0,0,18.0,1
2105,180,182,2.0,23,0,0,12.0,1
2799,375,464,0.8,45,0,0,96.0,0
1841,61,56,6.5,6,0,5,4.0,1
4797,69,83,4.4,39,0,0,,0
1087,75,72,5.1,19,0,3,,0
4394,10,56,6.5,34,46,0,52.0,0
4452,97,70,5.2,37,0,27,4.0,1
2805,215,182,2.0,59,0,33,3.0,1
4839,231,138,2.6,58,0,93,,0
4630,113,147,2.5,46,0,0,26.0,1
2047,29,66,5.5,23,27,0,,0
4418,72,56,6.5,15,0,16,29.0,1
2469,334,248,1.5,2,0,86,,0
2465,75,60,6.1,38,0,15,,0
2785,104,113,3.2,25,0,0,,0
1417,131,102,3.6,44,0,29,,0
3846,109,289,1.3,8,0,0,152.0,0
4631,53,195,1.9,11,3,0,124.0,0
1474,54,56,6.5,29,2,0,21.0,1
1044,41,56,6.5,5,15,0,6.0,1
3204,75,143,2.6,37,0,0,,0
1118,40,85,4.3,20,16,0,,0
3972,48,62,5.9,12,8,0,39.0,0
2518,258,202,1.8,16,0,56,,0
1621,131,104,3.5,21,0,27,9.0,1
2214,62,93,3.9,37,0,0,,0
3033,34,167,2.2,58,22,0,126.0,0
4631,28,66,5.5,55,28,0,,0
2419,346,315,1.2,50,0,31,17.0,1
4533,95,56,6.5,21,0,39,28.0,1
1410,203,152,2.4,28,0,51,24.0,1
1942,157,283,1.3,34,0,0,130.0,0
2217,47,56,6.5,53,9,0,24.0,1
3084,31,68,5.4,8,25,0,25.0,1
4834,155,224,1.6,46,0,0,76.0,0
1125,75,227,1.6,31,0,0,129.0,0
3092,78,78,4.7,21,0,0,8.0,1
2208,103,56,6.5,3,0,47,,0
4089,161,193,1.9,59,0,0,,0
4582,166,232,1.6,47,0,0,67.0,0
4596,29,56,6.5,21,27,0,11.0,1
4400,5,56,6.5,29,51,0,44.0,0
2820,148,107,3.4,32,0,41,29.0,1
3359,169,148,2.5,58,0,21,18.0,1
4273,30,70,5.2,49,26,0,41.0,0
4091,68,155,2.4,26,0,0,79.0,0
3788,35,56,6.5,13,21,0,15.0,1
4996,26,56,6.5,15,30,0,45.0,0
3437,71,64,5.7,2,0,7,27.0,1
1744,77,94,3.9,49,0,0,,0
1409,64,72,5.1,33,0,0,8.0,1
1188,34,56,6.5,31,22,0,33.0,0
2109,58,56,6.5,1,0,2,18.0,1
1629,1,59,6.2,15,55,0,,0
3218,290,184,2.0,54,0,106,21.0,1
1686,147,245,1.5,39,0,0,68.0,0
1485,149,232,1.6,53,0,0,,0
4865,79,56,6.5,15,0,23,8.0,1
1464,18,56,6.5,20,38,0,35.0,0
1128,164,133,2.7,52,0,31,,0
4806,70,149,2.4,7,0,0,85.0,0
3248,88,123,3.0,36,0,0,54.0,0
3585,74,56,6.5,43,0,18,1.0,1
4647,26,56,6.5,12,30,0,19.0,1
2725,17,87,4.2,13,39,0,49.0,0
1497,45,132,2.8,5,11,0,86.0,0
4956,144,166,2.2,43,0,0,38.0,0
3424,56,101,3.6,6,0,0,28.0,1
1261,134,117,3.1,5,0,17,20.0,1
2784,52,96,3.8,45,4,0,57.0,0
4181,138,155,2.4,39,0,0,10.0,1
1317,173,115,3.2,43,0,58,,0
4649,1,94,3.9,47,55,0,,0
2705,73,72,5.1,6,0,1,,0
1538,105,96,3.8,54,0,9,25.0,1
1832,66,132,2.8,6,0,0,65.0,0
3845,24,111,3.3,11,32,0,113.0,0
4153,35,122,3.0,27,21,0,94.0,0
1609,34,263,1.4,16,22,0,244.0,0
3772,141,111,3.3,45,0,30,,0
1576,11,56,6.5,3,45,0,27.0,1
4246,219,182,2.0,22,0,37,,0
2695,40,56,6.5,32,16,0,36.0,0
1362,38,56,6.5,25,18,0,3.0,1
1161,61,117,3.1,18,0,0,70.0,0
4502,47,136,2.7,19,9,0,82.0,0
3164,27,56,6.5,48,29,0,44.0,0
3829,108,66,5.5,30,0,42,10.0,1
2540,41,56,6.5,35,15,0,8.0,1
4958,30,60,6.1,51,26,0,,0
2571,62,191,1.9,46,0,0,130.0,0
1637,143,158,2.3,54,0,0,28.0,1
1245,7,88,4.1,27,49,0,97.0,0
3911,61,58,6.3,18,0,3,,0
4061,65,56,6.5,13,0,9,15.0,1
2288,288,280,1.3,44,0,8,7.0,1
2132,36,144,2.5,57,20,0,,0
1162,16,56,6.5,31,40,0,,0
1920,105,160,2.3,53,0,0,64.0,0
4402,6,85,4.3,3,50,0,89.0,0
2581,51,71,5.1,31,5,0,2.0,1
1892,180,127,2.9,24,0,53,9.0,1
2128,114,56,6.5,55,0,58,4.0,1
2916,45,68,5.4,37,11,0,15.0,1
3316,42,99,3.7,22,14,0,55.0,0
1060,32,60,6.1,33,24,0,,0
2565,80,153,2.4,45,0,0,,0
4681,257,401,0.9,15,0,0,155.0,0
2567,61,56,6.5,38,0,5,3.0,1
2949,32,56,6.5,59,24,0,2.0,1
2873,59,56,6.5,42,0,3,,0
2766,54,79,4.6,14,2,0,26.0,1
4895,14,56,6.5,48,42,0,,0
3242,81,106,3.4,15,0,0,,0
4526,8,100,3.6,56,48,0,118.0,0
2894,36,56,6.5,29,20,0,18.0,1
4894,51,56,6.5,26,5,0,,0
2633,94,114,3.2,22,0,0,,0
2671,89,100,3.6,4,0,0,22.0,1
4498,56,64,5.7,33,0,0,,0
3479,16,56,6.5,57,40,0,40.0,0
1953,78,131,2.8,5,0,0,,0
1543,18,249,1.5,28,38,0,217.0,0
2383,107,112,3.3,49,0,0,8.0,1
2357,62,56,6.5,35,0,6,,0
3372,112,93,3.9,42,0,19,22.0,1
2910,120,56,6.5,32,0,64,17.0,1
4334,310,209,1.7,29,0,101,,0
1787,88,96,3.8,46,0,0,,0
3877,63,56,6.5,24,0,7,,0
4732,77,70,5.2,30,0,7,22.0,1
1603,1,130,2.8,9,55,0,125.0,0
3972,9,68,5.4,48,47,0,58.0,0
1453,15,72,5.1,54,41,0,58.0,0
3597,59,56,6.5,18,0,3,,0
2449,30,141,2.6,11,26,0,126.0,0
1616,23,56,6.5,22,33,0,22.0,1
4458,29,56,6.5,37,27,0,34.0,0
2188,45,66,5.5,23,11,0,27.0,1
1528,86,197,1.9,29,0,0,,0
2696,48,66,5.5,57,8,0,36.0,0
1521,326,361,1.0,13,0,0,39.0,0
3596,55,126,2.9,32,1,0,80.0,0
3174,105,118,3.1,58,0,0,11.0,1
2440,16,81,4.5,44,40,0,,0
2786,37,85,4.3,10,19,0,39.0,0
2307,93,72,5.1,43,0,21,,0
3774,48,70,5.2,48,8,0,,0
3217,7,137,2.7,6,49,0,119.0,0
4703,64,56,6.5,21,0,8,,0
1365,63,56,6.5,35,0,7,9.0,1
3105,14,56,6.5,3,42,0,45.0,0
4759,597,462,0.8,21,0,135,19.0,1
3942,51,137,2.7,20,5,0,,0
4569,147,114,3.2,50,0,33,,0
1434,26,56,6.5,43,30,0,,0
2389,163,148,2.5,34,0,15,,0
3953,3,82,4.5,3,53,0,66.0,0
2927,5,106,3.4,45,51,0,96.0,0
2551,51,56,6.5,45,5,0,,0
2770,34,102,3.6,40,22,0,72.0,0
1223,10,64,5.7,37,46,0,57.0,0
2085,21,56,6.5,53,35,0,48.0,0
4504,190,161,2.3,5,0,29,12.0,1
2900,11,56,6.5,50,45,0,53.0,0
4672,27,141,2.6,11,29,0,107.0,0
1868,175,155,2.4,54,0,20,20.0,1
4726,28,56,6.5,48,28,0,38.0,0
1527,43,56,6.5,17,13,0,9.0,1
2001,77,75,4.9,4,0,2,7.0,1
1208,44,112,3.3,8,12,0,53.0,0
2050,70,79,4.6,41,0,0,15.0,1
1558,45,127,2.9,47,11,0,65.0,0
2177,462,368,1.0,22,0,94,,0
2479,92,59,6.2,32,0,33,29.0,1
3472,5,56,6.5,27,51,0,43.0,0
3408,102,174,2.1,58,0,0,,0
2674,41,346,1.1,6,15,0,317.0,0
1090,153,123,3.0,31,0,30,14.0,1
3568,3,56,6.5,59,53,0,37.0,0
3229,8,81,4.5,4,48,0,,0
2546,51,56,6.5,47,5,0,,0
3566,178,150,2.4,39,0,28,21.0,1
4611,27,56,6.5,30,29,0,40.0,0
4037,89,70,5.2,43,0,19,13.0,1
4133,12,56,6.5,53,44,0,33.0,0
1950,25,99,3.7,33,31,0,73.0,0
4747,2,67,5.4,31,54,0,60.0,0
3674,73,103,3.5,28,0,0,24.0,1
2096,78,91,4.0,25,0,0,11.0,1
3146,12,56,6.5,56,44,0,26.0,1
1702,114,148,2.5,58,0,0,,0
2330,64,86,4.2,49,0,0,47.0,0
2228,40,56,6.5,17,16,0,10.0,1
4887,693,540,0.7,57,0,153,22.0,1
3627,142,131,2.8,31,0,11,19.0,1
2289,82,79,4.6,50,0,3,,0
2401,105,279,1.3,36,0,0,164.0,0
3585,345,392,0.9,46,0,0,59.0,0
4966,105,80,4.6,43,0,25,9.0,1
4522,22,118,3.1,17,34,0,61.0,0
1753,22,56,6.5,10,34,0,14.0,1
3996,64,80,4.6,51,0,0,8.0,1
1938,58,76,4.8,48,0,0,10.0,1
4728,111,104,3.5,22,0,7,23.0,1
3928,125,117,3.1,31,0,8,4.0,1
2690,239,140,2.6,30,0,99,,0
2301,20,108,3.4,51,36,0,,0
3667,17,56,6.5,20,39,0,,0
4619,26,56,6.5,14,30,0,14.0,1
3503,27,58,6.3,15,29,0,41.0,0
2824,78,71,5.1,43,0,7,4.0,1
4545,180,208,1.8,57,0,0,33.0,0
3910,50,56,6.5,19,6,0,6.0,1
4252,105,67,5.4,53,0,38,14.0,1
2930,155,192,1.9,40,0,0,45.0,0
2278,40,70,5.2,31,16,0,,0
4420,39,130,2.8,37,17,0,101.0,0
3716,89,80,4.6,23,0,9,1.0,1
3981,37,110,3.3,44,19,0,45.0,0
1356,80,74,4.9,58,0,6,21.0,1
1122,122,153,2.4,14,0,0,,0
1313,19,56,6.5,22,37,0,19.0,1
3318,49,67,5.4,30,7,0,5.0,1
2205,39,114,3.2,48,17,0,40.0,0
4826,203,137,2.7,8,0,66,,0
3749,352,297,1.2,44,0,55,15.0,1
3104,40,65,5.6,31,16,0,21.0,1
1639,450,294,1.2,16,0,156,6.0,1
4150,22,56,6.5,54,34,0,23.0,1
3630,357,260,1.4,39,0,97,,0
3105,8,173,2.1,24,48,0,148.0,0
2456,20,56,6.5,21,36,0,66.0,0
2972,153,115,3.2,8,0,38,26.0,1
4577,115,86,4.2,18,0,29,19.0,1
2820,186,148,2.5,38,0,38,2.0,1
2440,7,75,4.9,6,49,0,,0
1557,13,70,5.2,14,43,0,41.0,0
3802,394,269,1.4,55,0,125,17.0,1
4637,69,83,4.4,30,0,0,6.0,1
3767,181,174,2.1,14,0,7,3.0,1
1865,20,75,4.9,7,36,0,30.0,1
1084,390,341,1.1,4,0,49,,0
1518,37,56,6.5,57,19,0,16.0,1
3539,12,56,6.5,19,44,0,9.0,1
4356,405,304,1.2,25,0,101,21.0,1
4720,92,63,5.8,25,0,29,,0
2072,365,324,1.1,19,0,41,22.0,1
1838,82,183,2.0,30,0,0,,0
3893,117,79,4.6,43,0,38,7.0,1
1349,22,56,6.5,30,34,0,29.0,1
3903,134,88,4.1,15,0,46,,0
4506,6,97,3.8,48,50,0,89.0,0
1481,77,229,1.6,29,0,0,187.0,0
2927,283,320,1.1,35,0,0,55.0,0
4382,25,56,6.5,33,31,0,29.0,1
2403,151,170,2.1,39,0,0,57.0,0
3752,231,166,2.2,40,0,65,3.0,1
1481,73,212,1.7,23,0,0,157.0,0
3643,34,134,2.7,23,22,0,84.0,0
4166,84,56,6.5,43,0,28,1.0,1
1974,119,79,4.6,37,0,40,,0
1526,67,56,6.5,55,0,11,15.0,1
4762,92,76,4.8,42,0,16,6.0,1
2057,125,197,1.9,52,0,0,55.0,0
1580,95,114,3.2,30,0,0,10.0,1
2781,101,225,1.6,16,0,0,120.0,0
4285,119,118,3.1,33,0,1,12.0,1
2014,64,56,6.5,27,0,8,2.0,1
4083,2,56,6.5,10,54,0,48.0,0
4756,53,101,3.6,20,3,0,16.0,1
1670,84,75,4.9,4,0,9,11.0,1
4893,74,56,6.5,20,0,18,,0
2756,74,56,6.5,15,0,18,19.0,1
1149,5,56,6.5,38,51,0,59.0,0
2263,58,77,4.7,15,0,0,17.0,1
4143,201,153,2.4,47,0,48,29.0,1
1191,70,104,3.5,17,0,0,,0
1827,107,325,1.1,20,0,0,,0
3276,2,56,6.5,49,54,0,48.0,0
1283,62,182,2.0,17,0,0,,0
4988,13,93,3.9,53,43,0,,0
4530,19,156,2.3,12,37,0,121.0,0
4402,49,63,5.8,11,7,0,9.0,1
2494,3,212,1.7,30,53,0,213.0,0
1233,71,113,3.2,26,0,0,,0
1332,15,56,6.5,57,41,0,65.0,0
1042,101,89,4.1,48,0,12,18.0,1
2434,42,74,4.9,25,14,0,11.0,1
1790,24,133,2.7,45,32,0,106.0,0
1754,40,56,6.5,17,16,0,4.0,1
3144,20,87,4.2,54,36,0,,0
1372,146,123,3.0,41,0,23,4.0,1
1601,122,92,4.0,59,0,30,13.0,1
3282,151,264,1.4,1,0,0,,0
4491,5,167,2.2,50,51,0,162.0,0
3144,24,89,4.1,26,32,0,41.0,0
2908,34,107,3.4,3,22,0,,0
4365,22,114,3.2,53,34,0,82.0,0
4855,67,124,2.9,59,0,0,,0
4657,77,56,6.5,58,0,21,23.0,1
3986,87,70,5.2,43,0,17,5.0,1
3299,68,56,6.5,56,0,12,2.0,1
3415,71,250,1.5,11,0,0,188.0,0
1040,103,85,4.3,47,0,18,4.0,1
2323,109,77,4.7,28,0,32,12.0,1
2971,193,184,2.0,28,0,9,5.0,1
1784,174,126,2.9,30,0,48,10.0,1
3355,1,56,6.5,35,55,0,58.0,0
4370,128,85,4.3,7,0,43,27.0,1
4862,79,68,5.4,33,0,11,,0
1000,5,56,6.5,48,51,0,56.0,0
3140,52,56,6.5,27,4,0,,0
1280,3,77,4.7,29,53,0,,0
4589,62,82,4.5,27,0,0,,0
3505,64,56,6.5,42,0,8,,0
1487,309,226,1.6,31,0,83,9.0,1
3869,30,82,4.5,47,26,0,,0
1845,20,92,4.0,5,36,0,80.0,0
1406,36,124,2.9,34,20,0,91.0,0
2298,22,56,6.5,37,34,0,29.0,1
2972,200,129,2.8,21,0,71,5.0,1
1926,40,67,5.4,26,16,0,26.0,1
1486,45,56,6.5,54,11,0,14.0,1
4174,159,142,2.6,43,0,17,,0
1805,236,296,1.2,5,0,0,54.0,0
2426,170,160,2.3,33,0,10,1.0,1
4178,91,188,1.9,42,0,0,86.0,0
4456,33,59,6.2,2,23,0,18.0,1
3277,21,56,6.5,23,35,0,56.0,0
4276,43,296,1.2,51,13,0,248.0,0
2400,63,465,0.8,43,0,0,,0
3225,24,309,1.2,56,32,0,289.0,0
1097,96,68,5.4,29,0,28,17.0,1
3617,48,56,6.5,18,8,0,,0
1336,12,56,6.5,35,44,0,,0
3975,36,56,6.5,10,20,0,9.0,1
3224,108,82,4.5,39,0,26,15.0,1
1609,303,325,1.1,33,0,0,23.0,1
1736,17,80,4.6,32,39,0,43.0,0
3795,44,114,3.2,42,12,0,87.0,0
4163,335,270,1.4,37,0,65,7.0,1
3987,72,65,5.6,23,0,7,5.0,1
1250,687,458,0.8,1,0,229,10.0,1
2948,149,443,0.8,17,0,0,320.0,0
4573,19,81,4.5,46,37,0,,0
2380,63,56,6.5,36,0,7,20.0,1
3263,92,157,2.3,27,0,0,63.0,0
3479,45,68,5.4,48,11,0,27.0,1
4919,24,56,6.5,39,32,0,19.0,1
4788,95,250,1.5,1,0,0,161.0,0
1537,180,238,1.5,38,0,0,30.0,1
4206,132,101,3.6,14,0,31,3.0,1
2067,73,56,6.5,4,0,17,,0
2677,1,56,6.5,32,55,0,40.0,0
3099,117,98,3.7,21,0,19,,0
1671,45,60,6.1,47,11,0,27.0,1
2896,98,68,5.4,43,0,30,25.0,1
3762,212,203,1.8,50,0,9,,0
2951,89,161,2.3,2,0,0,,0
1074,11,271,1.3,58,45,0,244.0,0
1851,7,56,6.5,25,49,0,41.0,0
4256,49,68,5.4,38,7,0,11.0,1
1051,189,165,2.2,59,0,24,4.0,1
3977,107,128,2.9,48,0,0,34.0,0
3286,37,306,1.2,14,19,0,275.0,0
1625,183,126,2.9,13,0,57,4.0,1
2724,506,394,0.9,44,0,112,24.0,1
2085,72,138,2.6,19,0,0,,0
1757,222,210,1.7,12,0,12,,0
3773,61,69,5.3,31,0,0,9.0,1
1982,95,91,4.0,34,0,4,,0
1988,247,186,2.0,41,0,61,1.0,1
3379,207,327,1.1,23,0,0,126.0,0
2894,187,161,2.3,9,0,26,8.0,1
3206,102,84,4.3,16,0,18,,0
3460,92,270,1.4,24,0,0,,0
1286,51,56,6.5,8,5,0,25.0,1
1523,79,56,6.5,37,0,23,,0
4874,154,155,2.4,31,0,0,19.0,1
2001,48,91,4.0,55,8,0,51.0,0
4062,182,146,2.5,32,0,36,8.0,1
3360,121,94,3.9,53,0,27,25.0,1
4752,120,142,2.6,42,0,0,,0
1026,32,56,6.5,23,24,0,2.0,1
4982,26,142,2.6,38,30,0,112.0,0
2501,194,199,1.8,36,0,0,19.0,1
3886,264,238,1.5,32,0,26,,0
2389,471,450,0.8,23,0,21,15.0,1
3455,164,109,3.3,54,0,55,27.0,1
3385,14,112,3.3,23,42,0,124.0,0
1407,14,56,6.5,58,42,0,29.0,1
2099,79,58,6.3,33,0,21,,0
4739,3,77,4.7,41,53,0,84.0,0
1074,279,208,1.8,26,0,71,20.0,1
1258,19,56,6.5,40,37,0,13.0,1
1356,82,170,2.1,3,0,0,,0
2538,100,89,4.1,1,0,11,16.0,1
3332,43,78,4.7,13,13,0,,0
4487,127,109,3.3,27,0,18,,0
4125,40,65,5.6,50,16,0,22.0,1
2445,134,63,5.8,27,0,71,12.0,1
4294,46,56,6.5,44,10,0,6.0,1
4511,20,73,5.0,22,36,0,47.0,0
1832,19,61,6.0,55,37,0,,0
1740,29,59,6.2,11,27,0,15.0,1
2684,159,125,2.9,15,0,34,3.0,1
4821,46,152,2.4,30,10,0,91.0,0
2576,16,108,3.4,18,40,0,,0
3793,108,199,1.8,44,0,0,59.0,0
2555,184,142,2.6,24,0,42,10.0,1
3293,66,71,5.1,32,0,0,7.0,1
4643,74,62,5.9,22,0,12,26.0,1
4786,102,115,3.2,5,0,0,,0
1954,134,142,2.6,5,0,0,25.0,1
1457,332,275,1.3,22,0,57,,0
1182,200,233,1.6,48,0,0,3.0,1
3306,71,58,6.3,49,0,13,25.0,1
4707,56,82,4.5,51,0,0,5.0,1
3933,191,153,2.4,39,0,38,22.0,1
1269,156,211,1.7,22,0,0,64.0,0
1812,202,190,1.9,7,0,12,,0
1620,46,85,4.3,50,10,0,30.0,1
3398,95,56,6.5,54,0,39,,0
2762,23,56,6.5,21,33,0,,0
2211,4,111,3.3,35,52,0,,0
3549,152,118,3.1,10,0,34,,0
2200,3,56,6.5,50,53,0,40.0,0
4464,30,93,3.9,12,26,0,73.0,0
4509,15,149,2.4,37,41,0,,0
1837,17,56,6.5,23,39,0,38.0,0
2021,299,217,1.7,38,0,82,19.0,1
4420,61,66,5.5,59,0,0,,0
4891,207,246,1.5,13,0,0,48.0,0
4565,64,58,6.3,3,0,6,28.0,1
2086,21,56,6.5,6,35,0,23.0,1
2780,27,62,5.9,30,29,0,,0
1179,97,83,4.4,41,0,14,,0
2557,105,65,5.6,3,0,40,23.0,1
2334,74,75,4.9,2,0,0,,0
3672,148,117,3.1,57,0,31,6.0,1
2133,10,78,4.7,59,46,0,,0
3562,21,85,4.3,30,35,0,66.0,0
1257,39,56,6.5,28,17,0,,0
2722,61,123,3.0,53,0,0,75.0,0
1539,14,83,4.4,49,42,0,74.0,0
3468,183,326,1.1,49,0,0,123.0,0
3295,41,56,6.5,57,15,0,15.0,1
2476,12,56,6.5,43,44,0,40.0,0
4080,21,147,2.5,40,35,0,,0
4773,56,118,3.1,34,0,0,45.0,0
4359,8,56,6.5,31,48,0,15.0,1
1464,38,56,6.5,17,18,0,19.0,1
2098,148,307,1.2,58,0,0,,0
1101,362,279,1.3,9,0,83,18.0,1
1510,2,56,6.5,20,54,0,36.0,0
3338,42,62,5.9,13,14,0,1.0,1
4630,362,340,1.1,54,0,22,1.0,1
2937,65,61,6.0,27,0,4,22.0,1
2571,95,60,6.1,36,0,35,7.0,1
4730,136,71,5.1,58,0,65,3.0,1
3170,49,56,6.5,4,7,0,1.0,1
2688,36,56,6.5,27,20,0,22.0,1
1429,38,208,1.8,8,18,0,147.0,0
2339,37,56,6.5,9,19,0,,0
2144,58,109,3.3,21,0,0,54.0,0
3279,29,182,2.0,35,27,0,,0
4678,5,56,6.5,28,51,0,,0
4094,34,56,6.5,27,22,0,,0
4961,168,237,1.5,7,0,0,80.0,0
4698,81,137,2.7,50,0,0,,0
1461,8,56,6.5,45,48,0,28.0,1
4738,145,235,1.6,34,0,0,104.0,0
2698,40,236,1.5,14,16,0,176.0,0
3636,120,111,3.3,29,0,9,,0
3998,66,56,6.5,46,0,10,,0
2315,4,64,5.7,29,52,0,46.0,0
1727,95,113,3.2,57,0,0,24.0,1
1608,27,77,4.7,54,29,0,55.0,0
3928,261,190,1.9,57,0,71,,0
1198,44,56,6.5,21,12,0,,0
3184,4,56,6.5,49,52,0,60.0,0
4441,91,104,3.5,2,0,0,1.0,1
1020,20,60,6.1,51,36,0,10.0,1
1159,81,56,6.5,10,0,25,4.0,1
3369,13,56,6.5,24,43,0,40.0,0
1299,165,91,4.0,27,0,74,11.0,1
1632,19,86,4.2,51,37,0,,0
4544,69,151,2.4,51,0,0,84.0,0
3752,38,95,3.8,32,18,0,44.0,0
3506,94,80,4.6,45,0,14,22.0,1
2359,1,230,1.6,23,55,0,215.0,0
3774,2,56,6.5,48,54,0,50.0,0
1654,46,138,2.6,57,10,0,84.0,0
3714,20,56,6.5,52,36,0,,0
3063,105,56,6.5,44,0,49,18.0,1
3349,26,56,6.5,36,30,0,,0
2504,228,168,2.2,57,0,60,20.0,1
2382,68,85,4.3,21,0,0,23.0,1
2735,101,89,4.1,22,0,12,,0
1943,53,56,6.5,23,3,0,5.0,1
4648,15,70,5.2,54,41,0,30.0,1
3066,46,56,6.5,12,10,0,11.0,1
3649,8,122,3.0,13,48,0,,0
2572,37,56,6.5,34,19,0,18.0,1
2721,253,260,1.4,25,0,0,,0
2462,86,56,6.5,2,0,30,,0
3356,44,56,6.5,41,12,0,21.0,1
3094,304,344,1.1,54,0,0,45.0,0
1130,37,63,5.8,21,19,0,21.0,1
3135,50,56,6.5,56,6,0,,0
1341,40,107,3.4,31,16,0,,0
3109,32,61,6.0,18,24,0,17.0,1
3176,47,56,6.5,16,9,0,5.0,1
1038,9,56,6.5,14,47,0,,0
2864,245,730,0.5,33,0,0,484.0,0
2184,45,73,5.0,46,11,0,,0
1790,75,56,6.5,7,0,19,,0
4745,174,297,1.2,38,0,0,127.0,0
2072,64,146,2.5,20,0,0,,0
3684,95,56,6.5,4,0,39,3.0,1
1944,6,56,6.5,11,50,0,60.0,0
3786,45,154,2.4,6,11,0,89.0,0
4376,104,73,5.0,39,0,31,,0
1393,2,56,6.5,50,54,0,,0
1351,445,376,1.0,7,0,69,4.0,1
3881,92,63,5.8,45,0,29,9.0,1
3118,286,297,1.2,30,0,0,21.0,1
1983,371,250,1.5,42,0,121,,0
4906,55,56,6.5,23,1,0,12.0,1
4830,116,205,1.8,28,0,0,89.0,0
4531,32,56,6.5,38,24,0,10.0,1
1038,49,56,6.5,35,7,0,3.0,1
3985,49,64,5.7,56,7,0,29.0,1
2123,2,123,3.0,1,54,0,,0
2498,59,62,5.9,24,0,0,1.0,1
1512,60,70,5.2,48,0,0,22.0,1
4757,275,224,1.6,28,0,51,17.0,1
1675,17,98,3.7,55,39,0,75.0,0
3015,19,56,6.5,34,37,0,,0
4034,30,157,2.3,17,26,0,121.0,0
2915,32,105,3.5,24,24,0,62.0,0
3731,53,56,6.5,31,3,0,23.0,1
2566,118,126,2.9,20,0,0,29.0,1
2120,11,123,3.0,59,45,0,131.0,0
1621,91,91,4.0,29,0,0,6.0,1
1697,129,183,2.0,28,0,0,60.0,0
1991,31,56,6.5,14,25,0,,0
4459,129,117,3.1,42,0,12,25.0,1
3559,55,56,6.5,26,1,0,4.0,1
2076,105,124,2.9,41,0,0,11.0,1
3520,621,429,0.9,44,0,192,18.0,1
2638,55,56,6.5,11,1,0,,0
2884,107,56,6.5,16,0,51,25.0,1
1184,56,56,6.5,36,0,0,5.0,1
1200,8,99,3.7,29,48,0,,0
3125,69,56,6.5,27,0,13,8.0,1
3295,121,126,2.9,29,0,0,6.0,1
2457,52,177,2.1,28,4,0,137.0,0
3820,105,138,2.6,32,0,0,38.0,0
1819,88,56,6.5,27,0,32,,0
1912,252,199,1.8,11,0,53,8.0,1
3079,74,190,1.9,45,0,0,124.0,0
4717,109,174,2.1,8,0,0,58.0,0
3500,96,121,3.0,56,0,0,29.0,1
4676,17,107,3.4,49,39,0,,0
2529,20,205,1.8,53,36,0,,0
3428,122,419,0.9,43,0,0,303.0,0
2883,41,56,6.5,4,15,0,4.0,1
4004,274,213,1.7,52,0,61,,0
4465,7,84,4.3,57,49,0,70.0,0
3454,55,81,4.5,12,1,0,32.0,0
1880,56,56,6.5,32,0,0,,0
4252,33,71,5.1,59,23,0,21.0,1
1316,22,56,6.5,12,34,0,21.0,1
1658,2,62,5.9,51,54,0,77.0,0
4715,46,56,6.5,56,10,0,,0
3989,21,62,5.9,25,35,0,,0
1671,49,65,5.6,24,7,0,15.0,1
4923,41,97,3.8,20,15,0,,0
2325,6,56,6.5,50,50,0,54.0,0
1573,101,56,6.5,42,0,45,23.0,1
3907,26,120,3.0,7,30,0,111.0,0
4381,133,56,6.5,32,0,77,21.0,1
3044,319,212,1.7,51,0,107,22.0,1
4963,109,107,3.4,6,0,2,6.0,1
4939,248,146,2.5,19,0,102,,0
3774,125,278,1.3,52,0,0,163.0,0
4906,52,70,5.2,18,4,0,27.0,1
1791,53,56,6.5,12,3,0,15.0,1
4649,61,180,2.0,43,0,0,134.0,0
1529,47,135,2.7,47,9,0,,0
1752,45,77,4.7,37,11,0,,0
2631,271,274,1.3,10,0,0,21.0,1
3607,36,75,4.9,23,20,0,,0
2965,42,92,4.0,18,14,0,41.0,0
1559,59,91,4.0,21,0,0,19.0,1
3877,32,56,6.5,54,24,0,,0
2263,153,95,3.8,47,0,58,8.0,1
3269,203,275,1.3,54,0,0,58.0,0
1741,64,128,2.9,13,0,0,56.0,0
2690,95,92,4.0,2,0,3,,0
4645,112,79,4.6,2,0,33,10.0,1
2125,185,117,3.1,18,0,68,,0
3428,173,163,2.2,35,0,10,,0
1357,66,146,2.5,48,0,0,85.0,0
2357,11,69,5.3,34,45,0,,0
1832,109,116,3.1,41,0,0,39.0,0
4379,40,132,2.8,10,16,0,,0
1000,2,56,6.5,37,54,0,,0
3993,109,102,3.6,32,0,7,,0
3599,14,56,6.5,25,42,0,45.0,0
1583,46,132,2.8,24,10,0,95.0,0
1144,202,152,2.4,21,0,50,,0
4072,142,163,2.2,45,0,0,35.0,0
3637,21,65,5.6,39,35,0,,0
3538,55,115,3.2,34,1,0,73.0,0
3539,13,281,1.3,26,43,0,275.0,0
3764,277,278,1.3,42,0,0,3.0,1
1925,97,87,4.2,39,0,10,8.0,1
4788,43,100,3.6,5,13,0,64.0,0
1834,211,218,1.7,6,0,0,,0
4574,11,56,6.5,32,45,0,,0
4605,5,69,5.3,41,51,0,,0
4874,80,262,1.4,32,0,0,169.0,0
3871,112,196,1.9,8,0,0,80.0,0
3429,158,120,3.0,18,0,38,,0
1909,1,56,6.5,58,55,0,,0
4303,112,86,4.2,54,0,26,,0
2580,22,56,6.5,1,34,0,67.0,0
2877,157,117,3.1,24,0,40,28.0,1
1288,71,56,6.5,47,0,15,,0
4467,58,56,6.5,17,0,2,,0
1919,32,56,6.5,18,24,0,20.0,1
2732,107,239,1.5,20,0,0,121.0,0
1952,12,65,5.6,26,44,0,17.0,1
1904,60,102,3.6,50,0,0,40.0,0
4201,91,89,4.1,30,0,2,,0
4386,38,56,6.5,37,18,0,26.0,1
4581,70,56,6.5,27,0,14,2.0,1
1862,49,56,6.5,39,7,0,13.0,1
2773,21,56,6.5,23,35,0,,0
1796,32,120,3.0,26,24,0,84.0,0
4804,87,56,6.5,5,0,31,14.0,1
3549,84,364,1.0,14,0,0,,0
1822,287,204,1.8,35,0,83,13.0,1
1861,32,171,2.1,53,24,0,126.0,0
3197,85,81,4.5,32,0,4,4.0,1
2910,118,302,1.2,45,0,0,179.0,0
4796,60,75,4.9,4,0,0,,0
1616,106,87,4.2,22,0,19,,0
3736,145,103,3.5,49,0,42,5.0,1
3443,141,157,2.3,33,0,0,19.0,1
4782,126,149,2.4,13,0,0,,0
1216,86,61,6.0,8,0,25,25.0,1
4975,77,58,6.3,38,0,19,3.0,1
1480,187,150,2.4,46,0,37,,0
2551,90,159,2.3,9,0,0,82.0,0
1167,93,65,5.6,58,0,28,18.0,1
2196,12,56,6.5,44,44,0,,0
3623,37,76,4.8,28,19,0,36.0,0
2726,56,148,2.5,1,0,0,97.0,0
4762,151,381,1.0,15,0,0,,0
3284,28,56,6.5,7,28,0,,0
2033,6,63,5.8,17,50,0,40.0,0
3123,93,65,5.6,12,0,28,12.0,1
2237,163,266,1.4,55,0,0,105.0,0
4192,68,87,4.2,55,0,0,21.0,1
4014,86,56,6.5,29,0,30,1.0,1
4244,169,140,2.6,56,0,29,,0
3900,76,65,5.6,14,0,11,5.0,1
2591,32,56,6.5,13,24,0,10.0,1
4301,36,56,6.5,53,20,0,9.0,1
1981,504,360,1.0,56,0,144,6.0,1
2608,72,122,3.0,32,0,0,47.0,0
4795,34,98,3.7,42,22,0,77.0,0
1012,2,73,5.0,53,54,0,63.0,0
3111,7,113,3.2,25,49,0,,0
4698,59,112,3.3,27,0,0,52.0,0
1727,155,113,3.2,24,0,42,,0
3717,54,98,3.7,13,2,0,15.0,1
2000,62,180,2.0,29,0,0,100.0,0
4891,61,91,4.0,30,0,0,11.0,1
4697,3,56,6.5,27,53,0,69.0,0
1565,73,56,6.5,7,0,17,2.0,1
3872,8,56,6.5,13,48,0,47.0,0
3577,410,455,0.8,7,0,0,28.0,1
2560,207,179,2.0,35,0,28,7.0,1
1692,12,56,6.5,6,44,0,48.0,0
3835,34,71,5.1,22,22,0,,0
4594,22,56,6.5,59,34,0,26.0,1
4751,186,309,1.2,14,0,0,99.0,0
1481,82,56,6.5,21,0,26,19.0,1
2942,19,98,3.7,18,37,0,83.0,0
2625,108,82,4.5,48,0,26,,0
3134,244,174,2.1,29,0,70,,0
4568,55,82,4.5,26,1,0,,0
4497,40,56,6.5,39,16,0,4.0,1
1686,4,73,5.0,37,52,0,40.0,0
2079,65,56,6.5,50,0,9,19.0,1
3848,88,95,3.8,45,0,0,,0
3776,391,283,1.3,36,0,108,,0
1609,35,56,6.5,28,21,0,4.0,1
3841,8,56,6.5,11,48,0,36.0,0
4942,50,57,6.4,17,6,0,,0
2348,17,66,5.5,12,39,0,59.0,0
4612,109,162,2.3,28,0,0,64.0,0
2501,13,78,4.7,24,43,0,,0
3924,42,125,2.9,31,14,0,72.0,0
3363,5,56,6.5,37,51,0,32.0,0
3010,69,108,3.4,56,0,0,49.0,0
3980,235,167,2.2,49,0,68,,0
2524,52,56,6.5,56,4,0,6.0,1
2688,205,168,2.2,29,0,37,17.0,1
3154,30,93,3.9,5,26,0,45.0,0
4017,86,207,1.8,55,0,0,101.0,0
2707,41,76,4.8,35,15,0,,0
3465,111,122,3.0,13,0,0,19.0,1
3168,105,87,4.2,51,0,18,24.0,1
3059,124,83,4.4,45,0,41,,0
1348,95,110,3.3,9,0,0,26.0,1
1550,77,138,2.6,31,0,0,81.0,0
4218,59,56,6.5,23,0,3,25.0,1
2682,282,283,1.3,59,0,0,17.0,1
1028,114,56,6.5,16,0,58,12.0,1
4777,65,56,6.5,54,0,9,13.0,1
1601,74,83,4.4,20,0,0,3.0,1
1492,87,125,2.9,53,0,0,,0
2380,7,317,1.2,47,49,0,,0
3927,14,56,6.5,8,42,0,,0
1754,14,59,6.2,48,42,0,51.0,0
2249,47,56,6.5,17,9,0,27.0,1
4805,84,92,4.0,50,0,0,,0
4403,54,111,3.3,19,2,0,,0
4603,443,321,1.1,43,0,122,21.0,1
1864,75,99,3.7,37,0,0,,0
2800,70,207,1.8,45,0,0,160.0,0
1513,132,143,2.6,27,0,0,3.0,1
2179,98,63,5.8,15,0,35,,0
3593,86,56,6.5,24,0,30,15.0,1
1276,37,112,3.3,5,19,0,,0
2362,84,56,6.5,53,0,28,4.0,1
1717,261,253,1.4,47,0,8,17.0,1
3384,77,79,4.6,38,0,0,29.0,1
1439,31,234,1.6,57,25,0,187.0,0
2412,34,61,6.0,9,22,0,26.0,1
4412,132,111,3.3,25,0,21,16.0,1
3837,162,106,3.4,15,0,56,24.0,1
3746,74,86,4.2,44,0,0,,0
3983,36,63,5.8,27,20,0,,0
2107,25,123,3.0,59,31,0,78.0,0
1987,22,56,6.5,45,34,0,,0
4262,44,56,6.5,53,12,0,14.0,1
1927,104,243,1.5,6,0,0,,0
1300,3,161,2.3,39,53,0,151.0,0
2362,18,94,3.9,16,38,0,73.0,0
1731,97,341,1.1,51,0,0,216.0,0
3518,94,72,5.1,29,0,22,19.0,1
2056,356,259,1.4,33,0,97,,0
1465,82,103,3.5,18,0,0,,0
3338,59,56,6.5,36,0,3,,0
1301,35,394,0.9,41,21,0,355.0,0
3686,253,198,1.8,1,0,55,,0
1484,64,81,4.5,13,0,0,24.0,1
1873,201,161,2.3,6,0,40,14.0,1
1675,2,65,5.6,20,54,0,48.0,0
1363,24,174,2.1,38,32,0,,0
3749,43,56,6.5,34,13,0,26.0,1
2106,94,56,6.5,18,0,38,29.0,1
4801,16,197,1.9,7,40,0,184.0,0
1867,119,73,5.0,37,0,46,,0
3410,101,106,3.4,54,0,0,26.0,1
3073,30,56,6.5,16,26,0,16.0,1
1646,78,394,0.9,14,0,0,310.0,0
3390,23,233,1.6,14,33,0,,0
4716,15,76,4.8,4,41,0,66.0,0
3420,52,65,5.6,14,4,0,2.0,1
3774,20,205,1.8,1,36,0,167.0,0
3019,369,439,0.8,56,0,0,,0
3975,33,193,1.9,33,23,0,,0
3894,543,511,0.7,8,0,32,2.0,1
3522,41,56,6.5,27,15,0,5.0,1
2104,61,56,6.5,33,0,5,35.0,0
1339,9,56,6.5,58,47,0,,0
1952,163,128,2.9,58,0,35,18.0,1
2743,13,103,3.5,30,43,0,,0
4695,18,79,4.6,20,38,0,58.0,0
2513,33,171,2.1,6,23,0,134.0,0
4194,338,241,1.5,1,0,97,3.0,1
3493,55,56,6.5,9,1,0,18.0,1
1923,71,56,6.5,55,0,15,2.0,1
3940,136,173,2.1,32,0,0,36.0,0
3782,8,61,6.0,33,48,0,69.0,0
3169,72,56,6.5,58,0,16,14.0,1
3127,121,203,1.8,18,0,0,,0
4711,21,56,6.5,37,35,0,,0
1333,101,70,5.2,19,0,31,,0
2006,40,117,3.1,33,16,0,,0
3121,13,56,6.5,5,43,0,,0
4521,101,168,2.2,56,0,0,72.0,0
1736,34,57,6.4,12,22,0,,0
2320,345,277,1.3,1,0,68,29.0,1
1085,100,81,4.5,6,0,19,15.0,1
1833,47,154,2.4,17,9,0,,0
2727,37,163,2.2,8,19,0,129.0,0
1774,7,56,6.5,5,49,0,38.0,0
3547,97,56,6.5,35,0,41,,0
2960,176,120,3.0,28,0,56,23.0,1
3170,74,95,3.8,15,0,0,6.0,1
1638,92,140,2.6,28,0,0,47.0,0
4500,45,75,4.9,24,11,0,32.0,0
4613,46,63,5.8,26,10,0,6.0,1
1166,38,448,0.8,8,18,0,395.0,0
2682,12,56,6.5,35,44,0,24.0,1
2789,77,161,2.3,16,0,0,79.0,0
1430,18,56,6.5,7,38,0,37.0,0
1037,53,68,5.4,17,3,0,,0
1400,88,69,5.3,51,0,19,20.0,1
2636,51,56,6.5,55,5,0,25.0,1
1969,107,142,2.6,35,0,0,28.0,1
1590,225,273,1.3,31,0,0,66.0,0
4012,99,131,2.8,59,0,0,17.0,1
3801,115,97,3.8,7,0,18,28.0,1
3149,25,56,6.5,51,31,0,,0
2514,167,136,2.7,3,0,31,11.0,1
4938,246,505,0.7,18,0,0,,0
1771,9,66,5.5,53,47,0,,0
2698,71,66,5.5,27,0,5,,0
4968,42,57,6.4,17,14,0,,0
3512,90,60,6.1,32,0,30,,0
2620,61,56,6.5,11,0,5,,0
2645,139,124,2.9,12,0,15,,0
2465,38,56,6.5,46,18,0,,0
2429,63,56,6.5,36,0,7,22.0,1
2412,137,164,2.2,12,0,0,63.0,0
4259,57,56,6.5,12,0,1,3.0,1
3797,30,68,5.4,59,26,0,19.0,1
4107,288,290,1.3,20,0,0,,0
3917,8,56,6.5,42,48,0,31.0,0
4976,13,56,6.5,3,43,0,,0
3259,87,111,3.3,31,0,0,28.0,1
4437,324,225,1.6,5,0,99,26.0,1
1312,74,56,6.5,20,0,18,6.0,1
1873,3,124,2.9,40,53,0,,0
3550,116,143,2.6,43,0,0,18.0,1
1876,75,56,6.5,47,0,19,3.0,1
4021,128,170,2.1,56,0,0,48.0,0
3643,270,181,2.0,42,0,89,3.0,1
1089,2,70,5.2,1,54,0,,0
2667,100,245,1.5,56,0,0,,0
3354,53,223,1.6,11,3,0,179.0,0
2958,83,97,3.8,45,0,0,,0
1595,22,62,5.9,41,34,0,,0
1105,4,56,6.5,36,52,0,29.0,1
4763,96,87,4.2,59,0,9,8.0,1
3250,193,141,2.6,31,0,52,26.0,1
1326,47,69,5.3,24,9,0,23.0,1
2334,19,56,6.5,15,37,0,29.0,1
2643,336,248,1.5,57,0,88,28.0,1
2054,155,104,3.5,2,0,51,20.0,1
1049,40,66,5.5,29,16,0,,0
3951,119,178,2.1,59,0,0,81.0,0
3134,22,304,1.2,41,34,0,308.0,0
4951,38,56,6.5,22,18,0,28.0,1
2678,127,127,2.9,41,0,0,,0
4136,17,56,6.5,59,39,0,4.0,1
1750,37,134,2.7,11,19,0,,0
1777,136,99,3.7,56,0,37,20.0,1
3647,144,149,2.4,31,0,0,,0
3382,47,60,6.1,20,9,0,,0
4952,53,56,6.5,43,3,0,1.0,1
4247,18,62,5.9,39,38,0,32.0,0
3708,7,124,2.9,15,49,0,114.0,0
1469,31,202,1.8,35,25,0,,0
2047,42,56,6.5,17,14,0,,0
1969,234,204,1.8,4,0,30,6.0,1
2686,43,56,6.5,52,13,0,12.0,1
2999,157,120,3.0,31,0,37,12.0,1
2348,30,59,6.2,29,26,0,,0
3848,118,104,3.5,30,0,14,3.0,1
3083,135,183,2.0,5,0,0,,0
1920,48,56,6.5,29,8,0,13.0,1
3279,74,56,6.5,20,0,18,26.0,1
1697,29,104,3.5,9,27,0,106.0,0
4673,776,614,0.6,53,0,162,20.0,1
2345,91,56,6.5,37,0,35,13.0,1
4297,618,460,0.8,14,0,158,,0
4870,538,447,0.8,56,0,91,12.0,1
3407,90,83,4.4,55,0,7,,0
3987,151,70,5.2,44,0,81,2.0,1
4262,3,56,6.5,18,53,0,46.0,0
2196,20,85,4.3,49,36,0,41.0,0
4666,21,56,6.5,17,35,0,33.0,0
3020,115,84,4.3,17,0,31,,0
2656,71,298,1.2,58,0,0,237.0,0
1465,81,56,6.5,6,0,25,8.0,1
4959,90,74,4.9,21,0,16,21.0,1
2713,56,56,6.5,57,0,0,6.0,1
2858,56,121,3.0,54,0,0,75.0,0
1198,18,111,3.3,46,38,0,63.0,0
3902,79,94,3.9,42,0,0,32.0,0
3788,7,75,4.9,10,49,0,77.0,0
3176,67,71,5.1,44,0,0,,0
4825,31,134,2.7,28,25,0,86.0,0
4910,52,87,4.2,37,4,0,37.0,0
2015,8,115,3.2,45,48,0,109.0,0
1341,108,106,3.4,55,0,2,7.0,1
2986,305,221,1.7,21,0,84,11.0,1
4154,117,154,2.4,1,0,0,39.0,0
1861,154,105,3.5,41,0,49,19.0,1
2160,206,303,1.2,4,0,0,101.0,0
4682,100,125,2.9,37,0,0,12.0,1
4573,250,255,1.4,45,0,0,37.0,0
1162,192,146,2.5,52,0,46,5.0,1
3188,37,56,6.5,48,19,0,,0
1665,225,255,1.4,6,0,0,37.0,0
3220,116,100,3.6,25,0,16,9.0,1
1178,145,86,4.2,1,0,59,,0
4931,16,112,3.3,36,40,0,86.0,0
4224,69,68,5.4,42,0,1,8.0,1
4639,116,107,3.4,35,0,9,5.0,1
4878,83,56,6.5,3,0,27,21.0,1
4714,92,249,1.5,44,0,0,177.0,0
1458,90,82,4.5,40,0,8,17.0,1
2501,85,66,5.5,24,0,19,20.0,1
3612,76,56,6.5,23,0,20,8.0,1
3976,134,111,3.3,26,0,23,24.0,1
2597,111,104,3.5,5,0,7,16.0,1
1737,55,122,3.0,34,1,0,56.0,0
3152,54,56,6.5,53,2,0,16.0,1
3754,71,56,6.5,52,0,15,,0
2860,43,148,2.5,14,13,0,96.0,0
3947,98,295,1.2,24,0,0,201.0,0
2223,36,56,6.5,38,20,0,30.0,1
3362,389,321,1.1,33,0,68,,0
2936,110,112,3.3,53,0,0,,0
1405,15,89,4.1,56,41,0,69.0,0
1677,9,65,5.6,17,47,0,25.0,1
3775,75,56,6.5,33,0,19,,0
3334,288,198,1.8,44,0,90,12.0,1
3864,36,56,6.5,44,20,0,39.0,0
3928,57,56,6.5,15,0,1,,0
1365,242,199,1.8,35,0,43,,0
2240,10,56,6.5,14,46,0,58.0,0
1549,12,56,6.5,1,44,0,45.0,0
2014,40,88,4.1,46,16,0,36.0,0
3015,102,113,3.2,14,0,0,,0
2788,105,132,2.8,38,0,0,3.0,1
1304,43,70,5.2,45,13,0,32.0,0
3777,286,681,0.5,37,0,0,403.0,0
2123,41,75,4.9,12,15,0,40.0,0
1410,6,74,4.9,53,50,0,68.0,0
1534,37,56,6.5,35,19,0,12.0,1
1339,26,99,3.7,32,30,0,,0
4053,145,147,2.5,2,0,0,,0
3330,228,235,1.6,33,0,0,,0
1592,46,56,6.5,18,10,0,18.0,1
4725,25,73,5.0,47,31,0,,0
3178,124,128,2.9,58,0,0,,0
1103,193,143,2.6,16,0,50,3.0,1
4610,58,90,4.1,25,0,0,26.0,1
3749,103,138,2.6,26,0,0,31.0,0
1251,2,56,6.5,5,54,0,10.0,1
3829,438,313,1.2,16,0,125,19.0,1
2755,215,199,1.8,44,0,16,9.0,1
3731,85,56,6.5,16,0,29,5.0,1
3072,50,56,6.5,11,6,0,11.0,1
2212,71,56,6.5,8,0,15,11.0,1
4047,38,154,2.4,3,18,0,136.0,0
3250,22,56,6.5,53,34,0,39.0,0
2531,3,69,5.3,16,53,0,75.0,0
3099,195,129,2.8,7,0,66,23.0,1
3699,5,85,4.3,28,51,0,69.0,0
4577,103,110,3.3,2,0,0,5.0,1
3016,21,56,6.5,51,35,0,,0
1467,146,144,2.5,35,0,2,6.0,1
1757,35,56,6.5,31,21,0,,0
4489,5,69,5.3,11,51,0,44.0,0
1790,9,108,3.4,41,47,0,98.0,0
3044,150,97,3.8,11,0,53,27.0,1
1914,11,91,4.0,1,45,0,84.0,0
3167,37,56,6.5,57,19,0,20.0,1
4811,40,70,5.2,30,16,0,39.0,0
3040,95,90,4.1,30,0,5,2.0,1
4563,67,56,6.5,33,0,11,28.0,1
1256,36,62,5.9,12,20,0,16.0,1
4529,163,122,3.0,10,0,41,9.0,1
2216,54,56,6.5,55,2,0,4.0,1
4709,308,227,1.6,44,0,81,8.0,1
3180,363,248,1.5,46,0,115,,0
1184,4,56,6.5,43,52,0,,0
2173,155,266,1.4,4,0,0,101.0,0
2450,77,80,4.6,42,0,0,20.0,1
3305,90,125,2.9,56,0,0,51.0,0
4528,84,60,6.1,49,0,24,8.0,1
3795,53,188,1.9,33,3,0,147.0,0
2414,199,124,2.9,38,0,75,5.0,1
2903,70,56,6.5,31,0,14,26.0,1
1276,25,56,6.5,31,31,0,,0
4398,12,56,6.5,5,44,0,47.0,0
4642,54,104,3.5,21,2,0,32.0,0
4848,94,142,2.6,18,0,0,34.0,0
1119,130,151,2.4,18,0,0,29.0,1
2959,88,81,4.5,4,0,7,,0
1584,33,56,6.5,50,23,0,32.0,0
1250,4,56,6.5,20,52,0,57.0,0
1114,106,226,1.6,53,0,0,119.0,0
1944,29,61,6.0,20,27,0,14.0,1
2419,21,100,3.6,48,35,0,74.0,0
2515,34,56,6.5,54,22,0,11.0,1
2635,229,117,3.1,28,0,112,,0
4656,24,62,5.9,47,32,0,8.0,1
3185,172,207,1.8,13,0,0,33.0,0
1624,66,167,2.2,35,0,0,,0
3633,14,60,6.1,18,42,0,38.0,0
4819,61,81,4.5,33,0,0,,0
2808,49,57,6.4,37,7,0,2.0,1
3789,75,56,6.5,36,0,19,27.0,1
1259,9,56,6.5,9,47,0,35.0,0
3623,11,105,3.5,26,45,0,,0
4727,131,116,3.1,1,0,15,26.0,1
2328,4,101,3.6,25,52,0,112.0,0
2519,30,70,5.2,24,26,0,24.0,1
1611,95,189,1.9,30,0,0,61.0,0
4226,115,94,3.9,42,0,21,,0
4077,204,158,2.3,12,0,46,,0
1615,15,56,6.5,44,41,0,62.0,0
4592,28,56,6.5,59,28,0,,0
1825,153,112,3.3,15,0,41,,0
1763,44,56,6.5,20,12,0,,0
3591,10,75,4.9,27,46,0,,0
2445,111,70,5.2,29,0,41,5.0,1
2053,454,320,1.1,2,0,134,25.0,1
2324,182,123,3.0,15,0,59,,0
3417,67,102,3.6,35,0,0,34.0,0
1924,200,175,2.1,10,0,25,5.0,1
2755,152,120,3.0,57,0,32,,0
2173,105,62,5.9,26,0,43,13.0,1
4870,149,212,1.7,34,0,0,40.0,0
2744,19,56,6.5,8,37,0,41.0,0
1639,151,116,3.1,58,0,35,5.0,1
2552,21,56,6.5,1,35,0,,0
2904,21,105,3.5,15,35,0,104.0,0
3172,1,105,3.5,4,55,0,87.0,0
4125,206,344,1.1,3,0,0,,0
2614,91,56,6.5,45,0,35,,0
4886,70,56,6.5,42,0,14,4.0,1
1159,218,173,2.1,2,0,45,7.0,1
2179,87,117,3.1,19,0,0,12.0,1
1394,23,103,3.5,19,33,0,77.0,0
4494,6,56,6.5,46,50,0,63.0,0
3960,5,56,6.5,41,51,0,,0
1843,333,243,1.5,19,0,90,8.0,1
2906,9,86,4.2,57,47,0,,0
3418,3,121,3.0,20,53,0,129.0,0
2190,46,82,4.5,49,10,0,43.0,0
2779,56,56,6.5,56,0,0,7.0,1
4784,175,190,1.9,58,0,0,17.0,1
3712,177,134,2.7,37,0,43,1.0,1
4865,280,569,0.6,2,0,0,266.0,0
1323,30,56,6.5,25,26,0,4.0,1
3237,220,173,2.1,39,0,47,8.0,1
2682,43,56,6.5,22,13,0,19.0,1
4596,22,102,3.6,34,34,0,88.0,0
1511,260,196,1.9,22,0,64,,0
1284,55,56,6.5,12,1,0,6.0,1
2845,47,76,4.8,46,9,0,,0
3286,116,57,6.4,39,0,59,7.0,1
3632,91,56,6.5,46,0,35,9.0,1
1681,5,122,3.0,12,51,0,104.0,0
3493,181,220,1.7,48,0,0,,0
4815,13,80,4.6,46,43,0,,0
2222,96,106,3.4,53,0,0,19.0,1
2222,30,98,3.7,31,26,0,83.0,0
1020,64,90,4.1,53,0,0,34.0,0
1264,38,56,6.5,32,18,0,,0
2521,146,218,1.7,36,0,0,,0
3732,38,113,3.2,14,18,0,,0
4482,149,123,3.0,26,0,26,7.0,1
2839,67,56,6.5,28,0,11,,0
3388,74,62,5.9,1,0,12,29.0,1
4268,65,78,4.7,10,0,0,,0
4204,34,56,6.5,23,22,0,7.0,1
3887,34,56,6.5,35,22,0,17.0,1
1270,51,56,6.5,15,5,0,14.0,1
1588,108,136,2.7,53,0,0,4.0,1
2632,48,56,6.5,45,8,0,11.0,1
4755,20,56,6.5,8,36,0,30.0,1
1378,68,56,6.5,2,0,12,2.0,1
1942,62,62,5.9,20,0,0,,0
2567,145,67,5.4,41,0,78,,0
4107,126,508,0.7,43,0,0,389.0,0
2712,226,209,1.7,29,0,17,18.0,1
4508,171,204,1.8,2,0,0,,0
1406,1,229,1.6,40,55,0,246.0,0
4217,8,56,6.5,41,48,0,30.0,1
3443,17,56,6.5,44,39,0,24.0,1
1854,85,56,6.5,51,0,29,,0
4453,377,261,1.4,15,0,116,13.0,1
2153,40,58,6.3,53,16,0,,0
4307,7,56,6.5,4,49,0,,0
2690,2,63,5.8,42,54,0,50.0,0
3225,14,74,4.9,13,42,0,,0
1414,119,111,3.3,58,0,8,25.0,1
3479,111,110,3.3,28,0,1,1.0,1
4925,46,56,6.5,56,10,0,,0
1068,13,155,2.4,40,43,0,146.0,0
4216,55,56,6.5,43,1,0,17.0,1
2066,94,79,4.6,37,0,15,,0
4526,54,155,2.4,21,2,0,69.0,0
4217,92,56,6.5,15,0,36,12.0,1
2790,40,57,6.4,33,16,0,,0
1193,214,144,2.5,53,0,70,,0
1798,9,56,6.5,49,47,0,40.0,0
2086,11,66,5.5,12,45,0,72.0,0
3331,139,140,2.6,30,0,0,25.0,1
4778,450,465,0.8,4,0,0,,0
1392,177,146,2.5,39,0,31,8.0,1
2632,79,131,2.8,11,0,0,63.0,0
1027,2,137,2.7,44,54,0,138.0,0
3555,54,56,6.5,27,2,0,13.0,1
4035,46,98,3.7,48,10,0,53.0,0
4831,57,87,4.2,18,0,0,21.0,1
2937,158,116,3.1,14,0,42,,0
4726,97,98,3.7,15,0,0,,0
3506,87,121,3.0,49,0,0,45.0,0
1984,42,70,5.2,34,14,0,31.0,0
3820,147,94,3.9,23,0,53,,0
1808,40,56,6.5,35,16,0,31.0,0
4693,104,69,5.3,5,0,35,,0
4802,71,273,1.3,1,0,0,203.0,0
4147,92,116,3.1,26,0,0,17.0,1
2225,69,88,4.1,10,0,0,,0
2224,545,410,0.9,15,0,135,21.0,1
4839,88,56,6.5,32,0,32,,0
1372,9,56,6.5,42,47,0,6.0,1
4393,425,354,1.0,24,0,71,,0
3376,28,93,3.9,36,28,0,70.0,0
3414,43,74,4.9,45,13,0,34.0,0
4703,18,56,6.5,16,38,0,48.0,0
2202,117,128,2.9,10,0,0,16.0,1
3174,44,139,2.6,34,12,0,88.0,0
1143,43,56,6.5,40,13,0,,0
1192,48,80,4.6,58,8,0,17.0,1
1468,19,68,5.4,14,37,0,,0
2265,56,110,3.3,5,0,0,73.0,0
4128,43,56,6.5,18,13,0,,0
2444,20,245,1.5,57,36,0,,0
2702,162,187,2.0,54,0,0,13.0,1
1576,16,67,5.4,8,40,0,54.0,0
1432,108,75,4.9,31,0,33,5.0,1
3094,73,80,4.6,44,0,0,,0
2447,60,56,6.5,18,0,4,5.0,1
2421,29,63,5.8,13,27,0,5.0,1
3343,31,72,5.1,37,25,0,33.0,0
1303,441,327,1.1,11,0,114,19.0,1
3283,224,191,1.9,3,0,33,15.0,1
3463,98,190,1.9,16,0,0,,0
4031,19,121,3.0,8,37,0,81.0,0
2830,6,56,6.5,17,50,0,36.0,0
4684,141,87,4.2,57,0,54,14.0,1
4744,10,195,1.9,38,46,0,,0
3461,16,56,6.5,13,40,0,67.0,0
4191,77,149,2.4,49,0,0,40.0,0
3713,18,577,0.6,35,38,0,538.0,0
1554,87,210,1.7,45,0,0,,0
2462,320,279,1.3,40,0,41,,0
3603,14,107,3.4,8,42,0,,0
2101,172,195,1.9,19,0,0,30.0,1
4403,49,56,6.5,42,7,0,2.0,1
3155,16,170,2.1,56,40,0,140.0,0
1386,30,151,2.4,15,26,0,101.0,0
3054,68,113,3.2,54,0,0,43.0,0
3900,37,257,1.4,7,19,0,214.0,0
2593,69,58,6.3,50,0,11,,0
4930,97,77,4.7,1,0,20,3.0,1
2417,112,97,3.8,59,0,15,22.0,1
1521,53,56,6.5,13,3,0,,0
4299,74,107,3.4,49,0,0,54.0,0
4241,1,56,6.5,19,55,0,51.0,0
3081,56,208,1.8,55,0,0,151.0,0
2745,106,93,3.9,57,0,13,,0
3201,14,59,6.2,2,42,0,40.0,0
1827,43,56,6.5,22,13,0,5.0,1
2153,59,74,4.9,8,0,0,,0
3760,170,156,2.3,43,0,14,19.0,1
3037,7,139,2.6,25,49,0,,0
1556,78,56,6.5,26,0,22,15.0,1
1004,19,56,6.5,12,37,0,,0
3073,62,152,2.4,3,0,0,,0
3547,66,56,6.5,21,0,10,1.0,1
3792,119,94,3.9,5,0,25,29.0,1
2358,129,99,3.7,12,0,30,25.0,1
4480,36,115,3.2,27,20,0,,0
2817,246,178,2.1,56,0,68,,0
4163,8,56,6.5,1,48,0,,0
1726,24,56,6.5,43,32,0,2.0,1
2620,16,57,6.4,3,40,0,41.0,0
4605,71,380,1.0,54,0,0,311.0,0
2426,433,453,0.8,54,0,0,,0
2521,336,389,0.9,52,0,0,,0
2801,45,77,4.7,53,11,0,24.0,1
1041,41,56,6.5,10,15,0,,0
4555,85,56,6.5,13,0,29,15.0,1
4230,67,56,6.5,19,0,11,27.0,1
4742,16,76,4.8,31,40,0,,0
2378,279,254,1.4,13,0,25,,0
1499,282,180,2.0,52,0,102,7.0,1
1249,13,107,3.4,30,43,0,,0
1330,28,56,6.5,14,28,0,6.0,1
2872,13,56,6.5,58,43,0,15.0,1
4808,19,110,3.3,32,37,0,,0
4285,30,157,2.3,42,26,0,,0
2386,137,123,3.0,49,0,14,,0
4545,23,56,6.5,38,33,0,,0
2443,90,151,2.4,37,0,0,,0
1239,185,126,2.9,14,0,59,20.0,1
2473,4,56,6.5,46,52,0,78.0,0
1799,89,56,6.5,37,0,33,13.0,1
2090,152,156,2.3,28,0,0,,0
2911,1,74,4.9,20,55,0,,0
3917,27,320,1.1,25,29,0,293.0,0
2214,149,134,2.7,11,0,15,22.0,1
3417,24,60,6.1,27,32,0,46.0,0
3326,46,89,4.1,57,10,0,35.0,0
3097,106,94,3.9,29,0,12,27.0,1
4392,41,56,6.5,5,15,0,26.0,1
2732,27,56,6.5,23,29,0,6.0,1
1171,240,157,2.3,51,0,83,24.0,1
2021,182,177,2.1,47,0,5,27.0,1
3745,34,145,2.5,49,22,0,106.0,0
4768,106,302,1.2,17,0,0,179.0,0
2700,30,58,6.3,3,26,0,,0
4520,233,343,1.1,51,0,0,105.0,0
3065,68,56,6.5,5,0,12,17.0,1
4443,98,56,6.5,56,0,42,,0
2412,64,56,6.5,54,0,8,,0
4537,32,63,5.8,8,24,0,,0
1610,87,60,6.1,55,0,27,8.0,1
2653,188,137,2.7,33,0,51,28.0,1
2269,25,109,3.3,14,31,0,76.0,0
3143,29,56,6.5,42,27,0,32.0,0
3969,50,65,5.6,31,6,0,32.0,0
3336,113,66,5.5,8,0,47,21.0,1
3857,80,56,6.5,1,0,24,18.0,1
1215,83,56,6.5,5,0,27,24.0,1
2690,33,56,6.5,51,23,0,,0
4282,3,283,1.3,39,53,0,,0
3129,3,104,3.5,5,53,0,98.0,0
3638,171,152,2.4,34,0,19,9.0,1
2626,66,56,6.5,47,0,10,20.0,1
1632,19,234,1.6,1,37,0,207.0,0
1458,16,254,1.4,10,40,0,255.0,0
4863,28,56,6.5,38,28,0,17.0,1
4453,19,56,6.5,38,37,0,,0
1258,48,133,2.7,14,8,0,79.0,0
1678,183,150,2.4,8,0,33,,0
3886,60,56,6.5,25,0,4,24.0,1
4467,74,70,5.2,29,0,4,24.0,1
4104,45,56,6.5,50,11,0,,0
1789,119,98,3.7,37,0,21,25.0,1
2293,130,234,1.6,21,0,0,102.0,0
4993,86,56,6.5,31,0,30,8.0,1
1466,172,200,1.8,46,0,0,,0
4540,45,56,6.5,42,11,0,,0
4964,9,56,6.5,24,47,0,54.0,0
2845,186,173,2.1,41,0,13,10.0,1
3472,205,188,1.9,21,0,17,18.0,1
1428,27,177,2.1,53,29,0,164.0,0
3590,52,56,6.5,3,4,0,6.0,1
3628,6,62,5.9,32,50,0,67.0,0
4170,177,173,2.1,6,0,4,11.0,1
2936,67,93,3.9,7,0,0,33.0,0
2467,8,56,6.5,51,48,0,,0
4679,147,129,2.8,15,0,18,13.0,1
2394,34,56,6.5,34,22,0,,0
4203,330,378,1.0,46,0,0,40.0,0
1265,139,309,1.2,46,0,0,172.0,0
1221,168,145,2.5,12,0,23,29.0,1
3678,185,267,1.4,18,0,0,,0
2380,65,94,3.9,25,0,0,41.0,0
4570,214,166,2.2,38,0,48,22.0,1
3184,153,293,1.2,2,0,0,105.0,0
3748,123,109,3.3,21,0,14,1.0,1
3777,82,73,5.0,23,0,9,,0
4989,20,56,6.5,33,36,0,43.0,0
1148,50,84,4.3,27,6,0,51.0,0
1126,141,173,2.1,56,0,0,,0
2263,42,191,1.9,43,14,0,156.0,0
3326,26,134,2.7,29,30,0,,0
4132,38,58,6.3,47,18,0,,0
3955,10,56,6.5,38,46,0,72.0,0
2630,19,60,6.1,17,37,0,,0
2401,3,70,5.2,8,53,0,72.0,0
2424,84,70,5.2,21,0,14,,0
2383,8,147,2.5,23,48,0,153.0,0
3486,123,440,0.8,58,0,0,304.0,0
4948,72,99,3.7,52,0,0,,0
4348,8,75,4.9,18,48,0,,0
3485,5,73,5.0,44,51,0,56.0,0
3606,153,99,3.7,8,0,54,,0
4752,109,56,6.5,52,0,53,,0
1096,44,99,3.7,24,12,0,,0
1142,23,129,2.8,9,33,0,95.0,0
2247,50,106,3.4,29,6,0,75.0,0
1314,86,129,2.8,11,0,0,17.0,1
3018,175,127,2.9,45,0,48,,0
3958,37,56,6.5,36,19,0,,0
3076,138,149,2.4,8,0,0,14.0,1
4594,22,56,6.5,4,34,0,38.0,0
2052,38,56,6.5,46,18,0,5.0,1
3792,36,56,6.5,24,20,0,9.0,1
4442,78,127,2.9,49,0,0,45.0,0
3645,34,75,4.9,2,22,0,25.0,1
4033,63,56,6.5,12,0,7,,0
3769,18,131,2.8,12,38,0,,0
2368,20,56,6.5,26,36,0,34.0,0
4412,37,100,3.6,19,19,0,,0
3519,98,108,3.4,50,0,0,12.0,1
3673,242,182,2.0,26,0,60,8.0,1
1762,336,374,1.0,24,0,0,56.0,0
3615,38,56,6.5,42,18,0,,0
1731,26,86,4.2,59,30,0,77.0,0
3228,9,72,5.1,25,47,0,77.0,0
4586,32,127,2.9,41,24,0,93.0,0
4596,81,106,3.4,16,0,0,13.0,1
1421,52,67,5.4,1,4,0,31.0,0
3885,5,63,5.8,32,51,0,,0
3826,18,56,6.5,48,38,0,39.0,0
4447,131,198,1.8,57,0,0,56.0,0
3454,1,129,2.8,24,55,0,117.0,0
4528,31,187,2.0,40,25,0,155.0,0
3544,8,70,5.2,51,48,0,,0
4127,7,56,6.5,56,49,0,,0
4984,33,56,6.5,34,23,0,,0
4336,20,119,3.1,50,36,0,85.0,0
2146,71,56,6.5,20,0,15,18.0,1
2401,394,395,0.9,23,0,0,3.0,1
2362,65,56,6.5,28,0,9,23.0,1
4298,60,112,3.3,52,0,0,24.0,1
4547,131,315,1.2,18,0,0,176.0,0
2179,182,145,2.5,32,0,37,16.0,1
3797,17,103,3.5,53,39,0,102.0,0
4150,34,56,6.5,56,22,0,,0
1274,89,56,6.5,46,0,33,,0
1352,48,166,2.2,39,8,0,127.0,0
4030,65,300,1.2,39,0,0,222.0,0
2243,52,63,5.8,57,4,0,14.0,1
4331,41,56,6.5,28,15,0,11.0,1
4502,65,56,6.5,37,0,9,,0
3862,41,56,6.5,52,15,0,,0
3462,82,82,4.5,26,0,0,17.0,1
2890,84,323,1.1,27,0,0,235.0,0
1388,105,154,2.4,44,0,0,43.0,0
1123,57,114,3.2,57,0,0,57.0,0
2312,71,65,5.6,59,0,6,6.0,1
4375,27,56,6.5,27,29,0,28.0,1
2183,369,277,1.3,45,0,92,,0
2405,14,105,3.5,59,42,0,,0
1111,35,56,6.5,17,21,0,28.0,1
3031,31,56,6.5,15,25,0,3.0,1
3894,100,56,6.5,48,0,44,17.0,1
2978,113,58,6.3,13,0,55,21.0,1
4684,128,141,2.6,22,0,0,22.0,1
4297,58,82,4.5,43,0,0,,0
3535,66,84,4.3,35,0,0,51.0,0
4630,302,257,1.4,54,0,45,20.0,1
2672,47,56,6.5,23,9,0,2.0,1
3408,68,399,0.9,1,0,0,317.0,0
4234,62,56,6.5,38,0,6,7.0,1
1046,120,96,3.8,8,0,24,18.0,1
3647,6,71,5.1,53,50,0,44.0,0
3385,123,99,3.7,5,0,24,19.0,1
2296,19,128,2.9,39,37,0,124.0,0
3944,34,127,2.9,56,22,0,87.0,0
1054,56,56,6.5,55,0,0,,0
3314,21,56,6.5,35,35,0,29.0,1
1544,107,666,0.5,54,0,0,569.0,0
2989,11,61,6.0,41,45,0,38.0,0
2343,130,157,2.3,14,0,0,38.0,0
4036,30,56,6.5,2,26,0,22.0,1
4129,93,71,5.1,57,0,22,14.0,1
3667,114,81,4.5,3,0,33,,0
4987,87,131,2.8,19,0,0,63.0,0
3321,76,56,6.5,10,0,20,6.0,1
3381,125,102,3.6,2,0,23,24.0,1
3732,65,56,6.5,45,0,9,26.0,1
4194,27,116,3.1,14,29,0,,0
4626,25,56,6.5,19,31,0,32.0,0
3195,58,56,6.5,45,0,2,11.0,1
3360,85,72,5.1,7,0,13,10.0,1
2233,53,56,6.5,3,3,0,21.0,1
3804,1,61,6.0,1,55,0,,0
1922,3,56,6.5,52,53,0,45.0,0
3321,75,56,6.5,23,0,19,,0
1144,25,203,1.8,13,31,0,181.0,0
2851,34,56,6.5,38,22,0,17.0,1
1600,4,78,4.7,44,52,0,,0
1772,116,164,2.2,10,0,0,,0
2925,94,56,6.5,35,0,38,20.0,1
3421,41,56,6.5,31,15,0,,0
4047,31,107,3.4,33,25,0,67.0,0
2379,153,220,1.7,24,0,0,,0
1736,20,56,6.5,13,36,0,,0
1782,45,79,4.6,34,11,0,37.0,0
4622,51,56,6.5,53,5,0,,0
4535,92,65,5.6,19,0,27,8.0,1
1997,123,92,4.0,20,0,31,29.0,1
3214,22,56,6.5,3,34,0,6.0,1
1343,6,62,5.9,19,50,0,71.0,0
4220,40,56,6.5,47,16,0,12.0,1
3789,5,95,3.8,31,51,0,76.0,0
4852,57,209,1.7,19,0,0,131.0,0
2308,57,56,6.5,42,0,1,21.0,1
2377,37,56,6.5,27,19,0,,0
4332,92,134,2.7,11,0,0,,0
4778,272,237,1.5,47,0,35,18.0,1
2812,19,56,6.5,40,37,0,,0
2672,97,78,4.7,11,0,19,8.0,1
2730,60,112,3.3,17,0,0,42.0,0
3219,34,82,4.5,34,22,0,41.0,0
1189,24,56,6.5,50,32,0,6.0,1
4805,176,134,2.7,9,0,42,22.0,1
3882,209,303,1.2,39,0,0,86.0,0
3160,90,98,3.7,42,0,0,4.0,1
1494,17,56,6.5,23,39,0,,0
3749,16,59,6.2,8,40,0,56.0,0
3493,63,370,1.0,13,0,0,,0
4771,285,186,2.0,34,0,99,2.0,1
1432,24,150,2.4,42,32,0,121.0,0
2190,28,119,3.1,59,28,0,97.0,0
1680,6,56,6.5,17,50,0,75.0,0
1305,109,76,4.8,48,0,33,,0
1993,75,84,4.3,44,0,0,9.0,1
2552,181,139,2.6,38,0,42,,0
4636,27,301,1.2,15,29,0,275.0,0
2401,112,220,1.7,31,0,0,115.0,0
4254,10,56,6.5,47,46,0,2.0,1
1205,43,107,3.4,48,13,0,60.0,0
2776,101,162,2.3,3,0,0,,0
2866,18,147,2.5,45,38,0,,0
3487,53,56,6.5,50,3,0,22.0,1
1768,774,730,0.5,35,0,44,10.0,1
1192,46,56,6.5,36,10,0,2.0,1
4007,88,56,6.5,5,0,32,13.0,1
3995,51,108,3.4,26,5,0,,0
2678,281,489,0.7,26,0,0,,0
4329,77,56,6.5,52,0,21,28.0,1
1011,44,72,5.1,24,12,0,26.0,1
1940,14,213,1.7,6,42,0,198.0,0
4256,30,88,4.1,7,26,0,48.0,0
4881,33,68,5.4,52,23,0,65.0,0
3817,120,141,2.6,28,0,0,,0
1214,115,111,3.3,45,0,4,2.0,1
4773,310,205,1.8,14,0,105,,0
1673,8,252,1.4,39,48,0,,0
1784,150,115,3.2,21,0,35,22.0,1
3856,5,113,3.2,11,51,0,96.0,0
1717,17,106,3.4,12,39,0,71.0,0
3506,165,133,2.7,50,0,32,21.0,1
3387,101,94,3.9,57,0,7,10.0,1
2387,158,89,4.1,50,0,69,26.0,1
1710,237,234,1.6,34,0,3,,0
1320,441,302,1.2,35,0,139,,0
2655,26,56,6.5,52,30,0,28.0,1
4838,22,90,4.1,7,34,0,,0
3287,24,56,6.5,53,32,0,29.0,1
1014,80,70,5.2,23,0,10,,0
1876,7,124,2.9,1,49,0,,0
2189,53,153,2.4,20,3,0,109.0,0
2377,13,82,4.5,32,43,0,70.0,0
4528,1,56,6.5,34,55,0,55.0,0
4392,41,56,6.5,54,15,0,7.0,1
4336,27,184,2.0,50,29,0,160.0,0
1169,77,56,6.5,20,0,21,,0
4582,186,232,1.6,14,0,0,42.0,0
4521,76,136,2.7,5,0,0,57.0,0
1725,337,257,1.4,24,0,80,15.0,1
4928,39,76,4.8,21,17,0,,0
1690,49,56,6.5,12,7,0,,0
4963,59,127,2.9,2,0,0,83.0,0
1077,279,249,1.5,10,0,30,8.0,1
1738,276,188,1.9,13,0,88,1.0,1
1207,46,56,6.5,31,10,0,5.0,1
1914,7,96,3.8,46,49,0,78.0,0
3920,43,58,6.3,24,13,0,7.0,1
3078,79,56,6.5,56,0,23,,0
1193,44,193,1.9,26,12,0,156.0,0
3207,61,56,6.5,33,0,5,26.0,1
1099,30,56,6.5,41,26,0,,0
2527,1,56,6.5,24,55,0,51.0,0
3250,57,56,6.5,1,0,1,7.0,1
3055,117,101,3.6,9,0,16,20.0,1
4951,164,227,1.6,31,0,0,45.0,0
1708,125,77,4.7,59,0,48,,0
4553,27,56,6.5,57,29,0,,0
4615,147,176,2.1,24,0,0,8.0,1
3350,234,346,1.1,43,0,0,,0
1007,34,56,6.5,26,22,0,27.0,1
2697,53,61,6.0,39,3,0,23.0,1
2795,90,135,2.7,54,0,0,60.0,0
1803,265,329,1.1,53,0,0,62.0,0
4243,25,59,6.2,22,31,0,,0
1152,51,56,6.5,33,5,0,,0
4353,50,149,2.4,32,6,0,90.0,0
2824,163,170,2.1,33,0,0,14.0,1
2416,160,90,4.1,9,0,70,14.0,1
4374,18,57,6.4,15,38,0,41.0,0
4271,159,199,1.8,22,0,0,,0
4216,81,137,2.7,16,0,0,38.0,0
4086,52,56,6.5,35,4,0,5.0,1
2705,16,93,3.9,25,40,0,72.0,0
2333,57,56,6.5,35,0,1,21.0,1
1396,53,155,2.4,25,3,0,108.0,0
3026,74,72,5.1,46,0,2,11.0,1
4823,102,63,5.8,37,0,39,,0
2529,92,87,4.2,49,0,5,,0
4566,35,92,4.0,59,21,0,65.0,0
1689,246,184,2.0,53,0,62,16.0,1
2067,80,144,2.5,10,0,0,70.0,0
4330,21,79,4.6,16,35,0,45.0,0
4252,71,165,2.2,18,0,0,,0
2335,121,124,2.9,45,0,0,13.0,1
2077,49,63,5.8,50,7,0,,0
2720,108,81,4.5,29,0,27,18.0,1
1651,79,79,4.6,17,0,0,,0
1348,89,134,2.7,58,0,0,34.0,0
2407,2,67,5.4,4,54,0,68.0,0
2210,39,65,5.6,4,17,0,,0
3368,44,434,0.8,53,12,0,,0
2375,296,190,1.9,15,0,106,29.0,1
4876,31,56,6.5,4,25,0,38.0,0
4731,37,142,2.6,13,19,0,111.0,0
1455,97,98,3.7,50,0,0,7.0,1
1292,38,123,3.0,53,18,0,,0
1158,15,100,3.6,56,41,0,,0
2502,320,233,1.6,6,0,87,,0
1024,78,118,3.1,5,0,0,40.0,0
1817,27,85,4.3,55,29,0,,0
3279,297,207,1.8,33,0,90,27.0,1
2644,78,108,3.4,6,0,0,13.0,1
3608,100,99,3.7,34,0,1,5.0,1
2543,11,115,3.2,5,45,0,134.0,0
3525,114,83,4.4,48,0,31,,0
4677,70,90,4.1,58,0,0,31.0,0
2656,25,56,6.5,36,31,0,,0
3906,49,56,6.5,13,7,0,20.0,1
1418,3,56,6.5,28,53,0,,0
1369,96,56,6.5,7,0,40,11.0,1
2515,41,56,6.5,57,15,0,6.0,1
4084,82,78,4.7,9,0,4,,0
2812,25,97,3.8,26,31,0,68.0,0
2096,18,72,5.1,33,38,0,69.0,0
3199,1,56,6.5,55,55,0,47.0,0
3479,15,317,1.2,23,41,0,312.0,0
4616,151,214,1.7,37,0,0,66.0,0
1256,152,128,2.9,56,0,24,14.0,1
1327,618,414,0.9,26,0,204,14.0,1
1253,17,56,6.5,52,39,0,,0
3818,247,407,0.9,11,0,0,,0
2933,95,56,6.5,49,0,39,,0
1653,43,108,3.4,13,13,0,70.0,0
2712,5,56,6.5,52,51,0,44.0,0
1121,80,91,4.0,27,0,0,,0
1032,68,122,3.0,2,0,0,58.0,0
2283,19,79,4.6,16,37,0,41.0,0
3597,26,159,2.3,51,30,0,152.0,0
2176,98,97,3.8,29,0,1,6.0,1
4886,49,59,6.2,20,7,0,,0
2268,21,57,6.4,32,35,0,,0
2164,96,172,2.1,23,0,0,85.0,0
1630,48,56,6.5,9,8,0,8.0,1
3536,103,187,2.0,32,0,0,79.0,0
3932,210,239,1.5,4,0,0,22.0,1
3982,112,56,6.5,50,0,56,3.0,1
2816,237,222,1.6,42,0,15,3.0,1
1229,643,467,0.8,47,0,176,28.0,1
1200,137,110,3.3,45,0,27,,0
3917,157,145,2.5,48,0,12,10.0,1
1554,96,206,1.8,10,0,0,138.0,0
2189,18,72,5.1,4,38,0,,0
4106,49,104,3.5,48,7,0,65.0,0
2012,89,56,6.5,56,0,33,,0
2628,121,100,3.6,11,0,21,24.0,1
1950,7,134,2.7,2,49,0,,0
1817,187,136,2.7,28,0,51,14.0,1
1845,272,211,1.7,12,0,61,21.0,1
1229,91,56,6.5,40,0,35,13.0,1
3337,54,58,6.3,21,2,0,2.0,1
1920,49,410,0.9,45,7,0,360.0,0
3473,29,79,4.6,34,27,0,71.0,0
2627,60,105,3.5,56,0,0,27.0,1
4762,71,85,4.3,34,0,0,10.0,1
4933,1,56,6.5,36,55,0,52.0,0
1758,268,329,1.1,50,0,0,46.0,0
1998,88,59,6.2,54,0,29,10.0,1
2700,66,56,6.5,3,0,10,1.0,1
2774,44,62,5.9,39,12,0,,0
4817,64,56,6.5,6,0,8,,0
4835,62,56,6.5,1,0,6,,0
1065,62,56,6.5,41,0,6,19.0,1
1852,159,147,2.5,12,0,12,8.0,1
4105,63,56,6.5,39,0,7,23.0,1
3002,20,183,2.0,1,36,0,169.0,0
3279,252,275,1.3,20,0,0,46.0,0
1926,189,168,2.2,36,0,21,3.0,1
1665,74,75,4.9,38,0,0,,0
4403,48,100,3.6,48,8,0,40.0,0
4037,38,56,6.5,47,18,0,35.0,0
2945,10,80,4.6,3,46,0,,0
4759,2,56,6.5,50,54,0,77.0,0
2150,1,156,2.3,51,55,0,,0
1124,858,705,0.5,45,0,153,,0
2886,56,134,2.7,20,0,0,,0
1367,19,56,6.5,46,37,0,,0
2102,30,67,5.4,46,26,0,,0
3057,36,99,3.7,8,20,0,,0
4619,4,96,3.8,11,52,0,,0
4239,11,56,6.5,44,45,0,40.0,0
1921,54,109,3.3,56,2,0,89.0,0
1136,45,56,6.5,1,11,0,5.0,1
1180,81,56,6.5,30,0,25,19.0,1
4792,52,150,2.4,41,4,0,,0
2477,9,56,6.5,52,47,0,,0
4064,112,138,2.6,14,0,0,28.0,1
3133,29,56,6.5,20,27,0,16.0,1
1719,431,369,1.0,46,0,62,20.0,1
1213,35,56,6.5,30,21,0,2.0,1
4380,5,75,4.9,45,51,0,61.0,0
2190,108,117,3.1,12,0,0,,0
2340,24,57,6.4,12,32,0,26.0,1
1051,82,100,3.6,52,0,0,7.0,1
3243,10,142,2.6,39,46,0,108.0,0
2731,18,194,1.9,2,38,0,154.0,0
1712,255,169,2.2,23,0,86,8.0,1
3253,26,78,4.7,58,30,0,,0
1681,31,80,4.6,11,25,0,42.0,0
2266,151,589,0.6,48,0,0,468.0,0
4289,45,192,1.9,13,11,0,,0
4778,8,56,6.5,18,48,0,,0
4423,78,97,3.8,19,0,0,25.0,1
1586,65,68,5.4,27,0,0,,0
4250,96,80,4.6,11,0,16,11.0,1
2410,36,56,6.5,53,20,0,37.0,0
2932,4,64,5.7,30,52,0,61.0,0
1363,38,383,1.0,1,18,0,350.0,0
2932,76,143,2.6,13,0,0,,0
3679,19,56,6.5,59,37,0,27.0,1
1376,2,238,1.5,8,54,0,229.0,0
4644,100,215,1.7,22,0,0,133.0,0
3327,3,67,5.4,20,53,0,,0
2683,198,159,2.3,14,0,39,6.0,1
2097,41,56,6.5,14,15,0,30.0,1
1726,88,61,6.0,16,0,27,,0
1499,180,298,1.2,19,0,0,115.0,0
2513,68,72,5.1,39,0,0,10.0,1
2120,8,56,6.5,29,48,0,25.0,1
2974,45,85,4.3,38,11,0,26.0,1
2058,12,84,4.3,9,44,0,,0
1589,110,234,1.6,50,0,0,,0
2524,119,91,4.0,6,0,28,,0
1847,23,64,5.7,26,33,0,55.0,0
4357,256,207,1.8,49,0,49,27.0,1
2106,42,99,3.7,36,14,0,,0
1928,4,56,6.5,20,52,0,,0
4112,49,226,1.6,41,7,0,193.0,0
4009,71,105,3.5,25,0,0,15.0,1
3545,94,90,4.1,8,0,4,8.0,1
3661,37,103,3.5,47,19,0,54.0,0
4760,11,56,6.5,40,45,0,,0
2799,95,59,6.2,27,0,36,12.0,1
1595,6,90,4.1,21,50,0,,0
4970,31,77,4.7,11,25,0,72.0,0
3260,244,249,1.5,19,0,0,11.0,1
2271,52,107,3.4,13,4,0,34.0,0
4648,119,178,2.1,58,0,0,55.0,0
1596,77,90,4.1,47,0,0,12.0,1
3168,262,209,1.7,5,0,53,,0
3929,8,123,3.0,26,48,0,,0
3503,120,90,4.1,7,0,30,4.0,1
3945,130,89,4.1,13,0,41,29.0,1
1424,3,56,6.5,48,53,0,,0
3484,15,135,2.7,24,41,0,,0
1714,9,87,4.2,48,47,0,90.0,0
3447,25,60,6.1,24,31,0,57.0,0
2672,173,218,1.7,34,0,0,48.0,0
3288,33,56,6.5,39,23,0,,0
2631,79,64,5.7,4,0,15,27.0,1
2902,225,204,1.8,20,0,21,25.0,1
4878,122,115,3.2,13,0,7,,0
4519,45,86,4.2,57,11,0,26.0,1
3979,130,110,3.3,55,0,20,,0
2686,86,103,3.5,53,0,0,12.0,1
1430,67,56,6.5,30,0,11,,0
3736,18,68,5.4,37,38,0,16.0,1
1694,137,328,1.1,23,0,0,,0
1118,19,56,6.5,44,37,0,,0
4933,6,69,5.3,13,50,0,57.0,0
2929,5,58,6.3,41,51,0,58.0,0
2598,90,83,4.4,48,0,7,,0
3811,54,56,6.5,38,2,0,,0
3910,30,132,2.8,58,26,0,100.0,0
2643,53,105,3.5,55,3,0,,0
3585,156,167,2.2,45,0,0,,0
3735,22,56,6.5,14,34,0,,0
4558,52,68,5.4,36,4,0,6.0,1
1489,90,75,4.9,57,0,15,1.0,1
3461,24,129,2.8,56,32,0,112.0,0
4201,27,56,6.5,41,29,0,13.0,1
1540,181,187,2.0,5,0,0,,0
2461,202,232,1.6,11,0,0,,0
4231,17,56,6.5,16,39,0,51.0,0
4179,69,60,6.1,12,0,9,14.0,1
2266,46,58,6.3,17,10,0,16.0,1
2274,301,730,0.5,31,0,0,435.0,0
4237,5,63,5.8,8,51,0,,0
4348,335,344,1.1,12,0,0,9.0,1
1282,47,56,6.5,8,9,0,,0
2523,33,56,6.5,13,23,0,21.0,1
3775,8,56,6.5,55,48,0,,0
2057,4,56,6.5,23,52,0,,0
4862,31,72,5.1,5,25,0,32.0,0
1755,10,56,6.5,8,46,0,29.0,1
1845,16,56,6.5,3,40,0,82.0,0
4238,50,227,1.6,43,6,0,162.0,0
4140,230,239,1.5,5,0,0,18.0,1
2652,188,192,1.9,48,0,0,18.0,1
1072,192,136,2.7,42,0,56,17.0,1
2324,71,96,3.8,42,0,0,37.0,0
3878,64,60,6.1,25,0,4,23.0,1
3030,63,56,6.5,32,0,7,21.0,1
2031,42,120,3.0,16,14,0,,0
2926,70,56,6.5,11,0,14,25.0,1
4869,43,56,6.5,24,13,0,8.0,1
2547,107,226,1.6,41,0,0,111.0,0
3835,44,411,0.9,24,12,0,352.0,0
4775,153,123,3.0,54,0,30,,0
1924,259,218,1.7,39,0,41,,0
4447,14,73,5.0,46,42,0,,0
1182,15,56,6.5,46,41,0,60.0,0
2291,37,146,2.5,22,19,0,112.0,0
3131,46,141,2.6,18,10,0,67.0,0
3581,106,95,3.8,17,0,11,,0
4821,25,74,4.9,1,31,0,44.0,0
3966,208,194,1.9,12,0,14,19.0,1
3223,55,56,6.5,23,1,0,21.0,1
1300,16,56,6.5,8,40,0,10.0,1
2049,12,56,6.5,33,44,0,53.0,0
4180,99,96,3.8,12,0,3,1.0,1
4438,32,56,6.5,17,24,0,,0
1106,57,56,6.5,30,0,1,27.0,1
1795,12,56,6.5,39,44,0,35.0,0
3486,82,73,5.0,43,0,9,5.0,1
1743,61,56,6.5,13,0,5,,0
2608,80,96,3.8,21,0,0,37.0,0
4268,5,244,1.5,57,51,0,253.0,0
1001,23,100,3.6,9,33,0,70.0,0
3665,293,308,1.2,55,0,0,2.0,1
1539,75,261,1.4,28,0,0,195.0,0
3380,26,167,2.2,7,30,0,125.0,0
4534,103,95,3.8,18,0,8,27.0,1
1180,130,91,4.0,50,0,39,22.0,1
3701,213,165,2.2,42,0,48,7.0,1
3666,63,65,5.6,59,0,0,,0
1173,70,56,6.5,33,0,14,23.0,1
4814,157,133,2.7,46,0,24,20.0,1
1380,24,56,6.5,23,32,0,29.0,1
3381,2,56,6.5,53,54,0,30.0,1
3370,105,90,4.1,1,0,15,5.0,1
2993,83,83,4.4,55,0,0,,0
3548,25,56,6.5,39,31,0,29.0,1
2509,49,102,3.6,58,7,0,,0
2221,144,194,1.9,19,0,0,61.0,0
2939,64,56,6.5,19,0,8,20.0,1
1546,40,249,1.5,4,16,0,211.0,0
3991,17,56,6.5,7,39,0,,0
1938,568,489,0.7,29,0,79,,0
1275,126,64,5.7,48,0,62,15.0,1
2648,104,101,3.6,39,0,3,21.0,1
1055,36,56,6.5,11,20,0,15.0,1
4179,18,85,4.3,29,38,0,78.0,0
3050,10,108,3.4,8,46,0,87.0,0
1835,39,84,4.3,45,17,0,58.0,0
4978,38,57,6.4,9,18,0,23.0,1
3109,7,56,6.5,5,49,0,58.0,0
4944,124,222,1.6,31,0,0,104.0,0
2596,109,92,4.0,10,0,17,22.0,1
2502,34,308,1.2,43,22,0,273.0,0
2721,11,59,6.2,24,45,0,25.0,1
3936,36,63,5.8,17,20,0,,0
2052,184,172,2.1,47,0,12,5.0,1
1421,25,56,6.5,11,31,0,1.0,1
4411,15,56,6.5,34,41,0,46.0,0
4582,20,216,1.7,24,36,0,229.0,0
2786,56,56,6.5,8,0,0,24.0,1
2879,46,56,6.5,57,10,0,31.0,0
4670,21,401,0.9,44,35,0,,0
4861,36,56,6.5,39,20,0,26.0,1
2493,55,104,3.5,24,1,0,50.0,0
2832,74,95,3.8,2,0,0,,0
1211,74,56,6.5,8,0,18,6.0,1
1109,45,72,5.1,31,11,0,,0
3878,154,128,2.9,47,0,26,27.0,1
3684,118,119,3.1,44,0,0,2.0,1
3469,230,185,2.0,35,0,45,16.0,1
2391,15,66,5.5,58,41,0,64.0,0
2713,80,159,2.3,4,0,0,90.0,0
2384,73,56,6.5,12,0,17,20.0,1
3438,93,56,6.5,55,0,37,25.0,1
2943,70,56,6.5,39,0,14,,0
2022,50,56,6.5,16,6,0,,0
4313,178,201,1.8,22,0,0,21.0,1
4435,32,56,6.5,17,24,0,,0
2124,153,112,3.3,25,0,41,28.0,1
2453,79,72,5.1,51,0,7,,0
4480,108,82,4.5,58,0,26,22.0,1
1461,47,267,1.4,15,9,0,225.0,0
4326,65,63,5.8,20,0,2,28.0,1
3844,22,146,2.5,31,34,0,,0
1834,114,92,4.0,50,0,22,4.0,1
1358,22,79,4.6,5,34,0,,0
1220,466,566,0.6,30,0,0,96.0,0
1335,38,56,6.5,54,18,0,,0
4540,143,252,1.4,59,0,0,99.0,0
4221,161,152,2.4,54,0,9,17.0,1
1852,63,61,6.0,27,0,2,,0
2109,139,331,1.1,46,0,0,194.0,0
4208,4,56,6.5,14,52,0,46.0,0
1342,66,59,6.2,46,0,7,,0
1895,78,56,6.5,17,0,22,25.0,1
3760,95,125,2.9,30,0,0,36.0,0
1881,20,56,6.5,46,36,0,,0
4053,63,127,2.9,4,0,0,,0
3527,61,77,4.7,42,0,0,2.0,1
2315,53,61,6.0,4,3,0,2.0,1
4310,50,122,3.0,3,6,0,,0
3019,42,72,5.1,7,14,0,53.0,0
2284,7,56,6.5,52,49,0,,0
1217,548,730,0.5,39,0,0,141.0,0
1003,11,60,6.1,35,45,0,,0
1535,1,56,6.5,13,55,0,71.0,0
1362,31,56,6.5,36,25,0,,0
2805,9,56,6.5,51,47,0,49.0,0
3778,237,174,2.1,36,0,63,28.0,1
2547,91,116,3.1,47,0,0,22.0,1
2617,29,123,3.0,28,27,0,107.0,0
3859,9,66,5.5,58,47,0,70.0,0
3184,26,71,5.1,52,30,0,30.0,1
4649,113,66,5.5,32,0,47,,0
2522,78,84,4.3,44,0,0,16.0,1
1165,61,175,2.1,14,0,0,,0
4167,21,117,3.1,36,35,0,97.0,0
3636,159,134,2.7,35,0,25,15.0,1
3872,80,134,2.7,59,0,0,46.0,0
3222,137,182,2.0,38,0,0,40.0,0
1950,127,113,3.2,47,0,14,12.0,1
4287,165,119,3.1,5,0,46,,0
1897,201,233,1.6,6,0,0,24.0,1
2404,68,56,6.5,12,0,12,28.0,1
4576,55,56,6.5,39,1,0,,0
1367,22,56,6.5,52,34,0,3.0,1
4941,104,104,3.5,43,0,0,5.0,1
1237,42,56,6.5,57,14,0,,0
1338,32,130,2.8,49,24,0,,0
4310,98,82,4.5,12,0,16,12.0,1
3193,199,223,1.6,8,0,0,16.0,1
4435,32,56,6.5,45,24,0,36.0,0
1065,101,76,4.8,18,0,25,21.0,1
1473,101,220,1.7,51,0,0,106.0,0
3232,300,272,1.3,18,0,28,17.0,1
2267,16,56,6.5,10,40,0,6.0,1
2087,74,104,3.5,6,0,0,22.0,1
2751,84,113,3.2,5,0,0,,0
4567,42,121,3.0,45,14,0,,0
1666,64,72,5.1,23,0,0,8.0,1
3550,290,250,1.5,25,0,40,20.0,1
2332,4,56,6.5,7,52,0,38.0,0
2466,76,64,5.7,43,0,12,2.0,1
2011,127,128,2.9,57,0,0,,0
1629,165,129,2.8,45,0,36,23.0,1
4612,356,265,1.4,5,0,91,,0
2913,27,234,1.6,31,29,0,,0
3926,55,71,5.1,19,1,0,,0
3119,72,254,1.4,51,0,0,,0
3804,8,56,6.5,36,48,0,20.0,1
1222,11,189,1.9,44,45,0,171.0,0
4297,571,383,1.0,50,0,188,3.0,1
2805,236,237,1.5,35,0,0,,0
1579,89,97,3.8,43,0,0,18.0,1
4626,44,69,5.3,57,12,0,15.0,1
4440,62,56,6.5,9,0,6,,0
2564,157,115,3.2,24,0,42,23.0,1
3616,19,56,6.5,18,37,0,,0
3677,31,56,6.5,44,25,0,,0
1998,54,56,6.5,9,2,0,,0
2568,9,62,5.9,53,47,0,27.0,1
4348,57,88,4.1,56,0,0,12.0,1
4496,68,112,3.3,38,0,0,,0
3416,58,56,6.5,34,0,2,,0
3176,3,211,1.7,33,53,0,,0
4482,108,76,4.8,4,0,32,,0
2537,20,56,6.5,20,36,0,17.0,1
1831,45,107,3.4,23,11,0,42.0,0
4762,155,433,0.8,50,0,0,,0
2661,30,117,3.1,36,26,0,85.0,0
2397,49,67,5.4,26,7,0,3.0,1
1746,1,56,6.5,43,55,0,,0
3997,73,75,4.9,1,0,0,,0
1073,39,108,3.4,39,17,0,99.0,0
3633,55,66,5.5,43,1,0,,0
2437,28,56,6.5,32,28,0,26.0,1
3176,79,56,6.5,48,0,23,1.0,1
3526,272,288,1.3,51,0,0,27.0,1
2506,184,283,1.3,28,0,0,118.0,0
3287,35,56,6.5,24,21,0,30.0,1
4228,247,154,2.4,13,0,93,16.0,1
3188,79,56,6.5,33,0,23,19.0,1
4815,406,276,1.3,12,0,130,,0
3346,22,109,3.3,33,34,0,84.0,0
4112,103,192,1.9,14,0,0,74.0,0
1970,21,56,6.5,13,35,0,25.0,1
4799,162,154,2.4,48,0,8,16.0,1
1344,39,89,4.1,57,17,0,,0
4062,97,177,2.1,37,0,0,72.0,0
4769,144,187,2.0,27,0,0,32.0,0
1844,61,94,3.9,4,0,0,,0
2421,2,56,6.5,4,54,0,51.0,0
1040,131,167,2.2,40,0,0,29.0,1
4522,17,85,4.3,57,39,0,,0
2461,26,56,6.5,47,30,0,,0
1773,57,56,6.5,16,0,1,,0
3605,21,56,6.5,39,35,0,,0
1204,16,59,6.2,40,40,0,54.0,0
1896,255,217,1.7,18,0,38,9.0,1
4579,147,103,3.5,16,0,44,29.0,1
1796,91,58,6.3,47,0,33,29.0,1
2741,77,171,2.1,31,0,0,,0
4019,25,56,6.5,26,31,0,21.0,1
3938,29,97,3.8,23,27,0,37.0,0
1409,45,77,4.7,52,11,0,,0
4257,30,167,2.2,56,26,0,114.0,0
1854,50,56,6.5,58,6,0,,0
4202,76,56,6.5,56,0,20,,0
3875,119,56,6.5,48,0,63,16.0,1
2933,97,73,5.0,48,0,24,21.0,1
1609,65,237,1.5,58,0,0,,0
3326,15,60,6.1,2,41,0,57.0,0
3749,38,59,6.2,57,18,0,24.0,1
2801,24,180,2.0,38,32,0,160.0,0
3051,253,211,1.7,11,0,42,7.0,1
1038,77,83,4.4,5,0,0,,0
3672,210,155,2.4,47,0,55,8.0,1
2481,52,56,6.5,14,4,0,18.0,1
1855,243,271,1.3,16,0,0,25.0,1
1545,220,502,0.7,48,0,0,263.0,0
2239,173,136,2.7,41,0,37,8.0,1
1119,35,56,6.5,51,21,0,,0
1280,109,57,6.4,37,0,52,2.0,1
3995,103,146,2.5,21,0,0,26.0,1
3318,50,64,5.7,8,6,0,14.0,1
4851,152,249,1.5,14,0,0,104.0,0
2152,79,144,2.5,9,0,0,46.0,0
2897,35,56,6.5,12,21,0,,0
1375,139,92,4.0,15,0,47,,0
3952,49,56,6.5,25,7,0,11.0,1
1314,87,77,4.7,21,0,10,23.0,1
3189,56,57,6.4,46,0,0,,0
2128,88,230,1.6,34,0,0,,0
2013,320,489,0.7,26,0,0,157.0,0
1798,70,56,6.5,54,0,14,,0
1727,71,56,6.5,4,0,15,,0
1503,14,73,5.0,25,42,0,45.0,0
1052,48,56,6.5,40,8,0,7.0,1
1958,119,93,3.9,32,0,26,,0
1243,100,163,2.2,29,0,0,,0
3441,283,297,1.2,22,0,0,44.0,0
1617,82,105,3.5,34,0,0,3.0,1
2194,35,77,4.7,19,21,0,35.0,0
4217,13,56,6.5,50,43,0,40.0,0
4650,43,91,4.0,6,13,0,72.0,0
2338,73,95,3.8,20,0,0,,0
2355,159,150,2.4,16,0,9,3.0,1
1866,17,56,6.5,33,39,0,44.0,0
1363,77,63,5.8,9,0,14,,0
3805,19,56,6.5,22,37,0,27.0,1
3326,108,56,6.5,34,0,52,4.0,1
1085,7,56,6.5,47,49,0,20.0,1
3506,18,56,6.5,19,38,0,39.0,0
2837,134,117,3.1,56,0,17,18.0,1
2200,21,59,6.2,41,35,0,21.0,1
3710,39,58,6.3,41,17,0,36.0,0
3443,87,56,6.5,37,0,31,7.0,1
3844,48,56,6.5,4,8,0,24.0,1
3264,163,300,1.2,5,0,0,131.0,0
3647,24,56,6.5,12,32,0,,0
1570,74,64,5.7,33,0,10,6.0,1
4380,50,56,6.5,51,6,0,31.0,0
4395,186,195,1.9,59,0,0,6.0,1
1356,60,100,3.6,9,0,0,,0
2726,34,56,6.5,44,22,0,24.0,1
2564,62,65,5.6,56,0,0,2.0,1
3050,123,344,1.1,29,0,0,208.0,0
2886,127,84,4.3,30,0,43,18.0,1
1088,15,77,4.7,29,41,0,46.0,0
2390,45,56,6.5,45,11,0,41.0,0
4492,38,56,6.5,52,18,0,,0
3110,29,79,4.6,17,27,0,28.0,1
3326,116,116,3.1,35,0,0,16.0,1
1758,301,216,1.7,13,0,85,13.0,1
1432,19,56,6.5,46,37,0,21.0,1
2109,11,56,6.5,36,45,0,37.0,0
2756,49,56,6.5,4,7,0,16.0,1
3019,69,89,4.1,1,0,0,15.0,1
4954,124,80,4.6,38,0,44,17.0,1
3124,84,81,4.5,43,0,3,8.0,1
2666,160,124,2.9,27,0,36,5.0,1
2645,79,56,6.5,28,0,23,20.0,1
3453,220,190,1.9,25,0,30,,0
1368,127,127,2.9,24,0,0,,0
3292,90,69,5.3,2,0,21,8.0,1
4619,231,323,1.1,23,0,0,97.0,0
3441,113,312,1.2,51,0,0,201.0,0
2143,196,189,1.9,22,0,7,10.0,1
3824,13,56,6.5,18,43,0,29.0,1
1823,316,318,1.1,56,0,0,4.0,1
2974,152,170,2.1,52,0,0,,0
3962,284,448,0.8,54,0,0,,0
2863,383,242,1.5,16,0,141,24.0,1
1032,213,318,1.1,32,0,0,90.0,0
3963,28,181,2.0,3,28,0,136.0,0
1802,154,264,1.4,1,0,0,100.0,0
1378,100,443,0.8,34,0,0,330.0,0
4102,4,107,3.4,45,52,0,,0
2490,55,56,6.5,26,1,0,,0
2457,25,70,5.2,46,31,0,,0
2142,65,122,3.0,40,0,0,,0
4885,68,95,3.8,46,0,0,36.0,0
2101,70,56,6.5,6,0,14,20.0,1
1777,54,56,6.5,44,2,0,13.0,1
1322,7,56,6.5,36,49,0,36.0,0
3934,105,171,2.1,9,0,0,63.0,0
3209,163,318,1.1,7,0,0,,0
4122,11,187,2.0,31,45,0,178.0,0
1987,205,209,1.7,33,0,0,,0
4538,60,84,4.3,54,0,0,22.0,1
2830,34,56,6.5,4,22,0,,0
1217,28,62,5.9,6,28,0,43.0,0
4779,66,73,5.0,11,0,0,20.0,1
4467,37,60,6.1,40,19,0,26.0,1
3969,45,94,3.9,13,11,0,3.0,1
4014,15,128,2.9,9,41,0,109.0,0
3882,272,178,2.1,51,0,94,24.0,1
3137,53,72,5.1,18,3,0,41.0,0
1888,52,56,6.5,26,4,0,8.0,1
1129,57,61,6.0,23,0,0,1.0,1
1011,40,93,3.9,23,16,0,,0
1826,230,239,1.5,51,0,0,,0
2404,1,57,6.4,5,55,0,44.0,0
1031,81,135,2.7,10,0,0,31.0,0
3098,170,113,3.2,47,0,57,24.0,1
1379,117,93,3.9,40,0,24,,0
4429,2,189,1.9,19,54,0,179.0,0
1266,7,56,6.5,8,49,0,31.0,0
2823,30,56,6.5,15,26,0,7.0,1
4579,85,89,4.1,19,0,0,,0
2471,23,56,6.5,4,33,0,,0
2964,52,135,2.7,35,4,0,80.0,0
2486,25,56,6.5,37,31,0,7.0,1
1053,1,107,3.4,12,55,0,83.0,0
1517,101,83,4.4,31,0,18,7.0,1
2817,152,106,3.4,16,0,46,15.0,1
3055,10,62,5.9,40,46,0,27.0,1
4975,128,68,5.4,21,0,60,11.0,1
2317,84,97,3.8,55,0,0,9.0,1
3695,152,105,3.5,20,0,47,,0
4600,140,89,4.1,58,0,51,5.0,1
4942,397,352,1.0,50,0,45,17.0,1
2362,53,56,6.5,22,3,0,17.0,1
3428,51,85,4.3,44,5,0,24.0,1
4458,62,56,6.5,5,0,6,,0
2448,143,121,3.0,8,0,22,7.0,1
2904,8,56,6.5,8,48,0,72.0,0
4784,35,72,5.1,33,21,0,35.0,0
4892,42,66,5.5,27,14,0,12.0,1
1621,88,112,3.3,30,0,0,24.0,1
1888,1,57,6.4,28,55,0,,0
4424,74,56,6.5,40,0,18,,0
3655,37,283,1.3,51,19,0,,0
2247,124,113,3.2,18,0,11,,0
3501,110,57,6.4,59,0,53,,0
3800,66,73,5.0,58,0,0,15.0,1
3365,77,335,1.1,52,0,0,,0
2332,55,74,4.9,10,1,0,,0
1954,23,56,6.5,40,33,0,3.0,1
2372,19,56,6.5,13,37,0,15.0,1
4837,18,58,6.3,37,38,0,64.0,0
2636,12,56,6.5,43,44,0,43.0,0
4792,43,56,6.5,55,13,0,,0
2777,14,56,6.5,40,42,0,,0
1893,64,56,6.5,51,0,8,29.0,1
4410,103,144,2.5,23,0,0,,0
3398,33,66,5.5,55,23,0,30.0,1
4922,52,76,4.8,57,4,0,5.0,1
3710,77,248,1.5,19,0,0,180.0,0
3033,68,253,1.4,54,0,0,,0
3990,52,71,5.1,23,4,0,29.0,1
2698,20,56,6.5,41,36,0,15.0,1
2293,27,56,6.5,16,29,0,33.0,0
2600,40,156,2.3,12,16,0,134.0,0
2392,58,76,4.8,36,0,0,28.0,1
1992,46,66,5.5,4,10,0,24.0,1
3096,75,56,6.5,12,0,19,27.0,1
2699,1,56,6.5,27,55,0,23.0,1
1640,125,116,3.1,14,0,9,26.0,1
2875,54,56,6.5,16,2,0,,0
3581,80,199,1.8,53,0,0,114.0,0
1930,73,58,6.3,29,0,15,26.0,1
4074,55,79,4.6,58,1,0,22.0,1
2419,48,56,6.5,12,8,0,,0
3794,27,89,4.1,53,29,0,58.0,0
3468,25,69,5.3,15,31,0,24.0,1
4897,92,86,4.2,1,0,6,,0
3892,53,292,1.2,28,3,0,,0
4851,66,103,3.5,8,0,0,26.0,1
2793,25,56,6.5,32,31,0,46.0,0
2917,71,56,6.5,56,0,15,24.0,1
4411,41,144,2.5,25,15,0,,0
2728,289,254,1.4,35,0,35,,0
4513,151,112,3.3,12,0,39,6.0,1
1315,211,156,2.3,6,0,55,,0
2064,165,146,2.5,31,0,19,26.0,1
3978,376,280,1.3,59,0,96,7.0,1
2239,36,56,6.5,58,20,0,15.0,1
1243,27,153,2.4,9,29,0,,0
4173,209,197,1.9,52,0,12,,0
1473,23,56,6.5,25,33,0,50.0,0
2802,50,56,6.5,54,6,0,8.0,1
3227,24,56,6.5,20,32,0,9.0,1
3227,82,56,6.5,38,0,26,27.0,1
3922,51,61,6.0,15,5,0,,0
2341,97,109,3.3,54,0,0,8.0,1
3750,282,179,2.0,36,0,103,,0
4854,205,213,1.7,26,0,0,32.0,0
3117,8,56,6.5,37,48,0,55.0,0
1551,19,56,6.5,49,37,0,63.0,0
4080,192,257,1.4,41,0,0,104.0,0
4697,151,151,2.4,11,0,0,27.0,1
2477,2,96,3.8,27,54,0,79.0,0
1144,106,131,2.8,39,0,0,,0
2686,86,87,4.2,21,0,0,9.0,1
3873,180,136,2.7,53,0,44,,0
4806,18,68,5.4,6,38,0,45.0,0
1079,81,111,3.3,11,0,0,,0
2586,67,56,6.5,46,0,11,,0
3872,17,56,6.5,31,39,0,,0
3645,48,56,6.5,56,8,0,,0
2679,25,66,5.5,11,31,0,,0
1172,50,56,6.5,51,6,0,12.0,1
1188,96,58,6.3,45,0,38,29.0,1
3827,24,56,6.5,8,32,0,14.0,1
4272,60,139,2.6,19,0,0,,0
1005,68,84,4.3,32,0,0,44.0,0
4971,16,56,6.5,26,40,0,36.0,0
1613,60,56,6.5,46,0,4,,0
4536,37,117,3.1,37,19,0,87.0,0
4961,66,58,6.3,43,0,8,,0
2783,11,56,6.5,53,45,0,,0
4273,36,84,4.3,34,20,0,59.0,0
4815,142,118,3.1,47,0,24,,0
3210,85,56,6.5,16,0,29,13.0,1
2070,38,139,2.6,33,18,0,96.0,0
3644,18,56,6.5,35,38,0,42.0,0
1116,93,88,4.1,10,0,5,7.0,1
4346,5,87,4.2,36,51,0,66.0,0
3330,4,59,6.2,23,52,0,,0
1138,33,56,6.5,55,23,0,23.0,1
1325,93,71,5.1,48,0,22,,0
4258,292,330,1.1,41,0,0,49.0,0
1552,20,56,6.5,4,36,0,14.0,1
1682,480,348,1.0,19,0,132,,0
3075,17,73,5.0,19,39,0,,0
1574,40,92,4.0,42,16,0,,0
2858,76,56,6.5,42,0,20,15.0,1
3536,62,56,6.5,14,0,6,,0
2452,54,60,6.1,33,2,0,22.0,1
4351,41,56,6.5,48,15,0,,0
4428,111,76,4.8,54,0,35,,0
1716,81,65,5.6,52,0,16,13.0,1
1447,362,395,0.9,37,0,0,23.0,1
4406,88,56,6.5,46,0,32,15.0,1
1456,30,97,3.8,18,26,0,,0
4366,171,109,3.3,8,0,62,12.0,1
3018,28,56,6.5,10,28,0,14.0,1
4193,76,155,2.4,31,0,0,,0
2580,92,65,5.6,35,0,27,27.0,1
4900,64,56,6.5,55,0,8,7.0,1
3513,91,152,2.4,25,0,0,,0
2194,54,56,6.5,25,2,0,,0
2524,7,56,6.5,40,49,0,49.0,0
2730,70,156,2.3,47,0,0,51.0,0
2883,83,68,5.4,46,0,15,9.0,1
4023,133,187,2.0,3,0,0,,0
2449,113,237,1.5,15,0,0,117.0,0
2832,10,56,6.5,32,46,0,39.0,0
3606,21,169,2.2,21,35,0,151.0,0
1938,107,56,6.5,58,0,51,,0
1121,532,537,0.7,33,0,0,21.0,1
1662,57,56,6.5,39,0,1,25.0,1
4359,69,204,1.8,27,0,0,146.0,0
2097,208,176,2.1,14,0,32,,0
3425,141,115,3.2,36,0,26,19.0,1
3405,86,56,6.5,46,0,30,17.0,1
4768,5,79,4.6,41,51,0,71.0,0
4749,83,56,6.5,10,0,27,12.0,1
2100,172,107,3.4,24,0,65,13.0,1
3830,156,119,3.1,10,0,37,,0
2947,44,100,3.6,31,12,0,,0
2548,23,56,6.5,39,33,0,64.0,0
2314,21,56,6.5,47,35,0,35.0,0
3177,73,56,6.5,58,0,17,,0
4132,82,113,3.2,28,0,0,44.0,0
4904,91,113,3.2,4,0,0,46.0,0
3472,81,78,4.7,50,0,3,24.0,1
3655,171,149,2.4,48,0,22,,0
1477,6,56,6.5,19,50,0,24.0,1
3645,11,146,2.5,40,45,0,,0
2539,210,131,2.8,16,0,79,2.0,1
1948,21,121,3.0,32,35,0,118.0,0
3669,36,77,4.7,6,20,0,44.0,0
3519,267,389,0.9,51,0,0,128.0,0
2037,18,133,2.7,10,38,0,110.0,0
1656,6,56,6.5,59,50,0,,0
4213,43,109,3.3,45,13,0,61.0,0
1743,190,164,2.2,16,0,26,18.0,1
4558,17,56,6.5,2,39,0,40.0,0
2064,141,215,1.7,8,0,0,87.0,0
1829,134,122,3.0,41,0,12,22.0,1
1819,50,56,6.5,39,6,0,3.0,1
1282,48,114,3.2,5,8,0,85.0,0
3388,63,65,5.6,30,0,0,19.0,1
1039,1,138,2.6,8,55,0,,0
1034,156,191,1.9,29,0,0,,0
4545,91,105,3.5,3,0,0,35.0,0
1094,253,341,1.1,13,0,0,71.0,0
4770,41,78,4.7,52,15,0,17.0,1
2712,123,148,2.5,27,0,0,23.0,1
4774,197,171,2.1,51,0,26,,0
1010,66,83,4.4,12,0,0,9.0,1
3810,43,167,2.2,51,13,0,117.0,0
1249,59,56,6.5,40,0,3,11.0,1
3639,36,64,5.7,51,20,0,17.0,1
4461,10,56,6.5,6,46,0,34.0,0
1865,106,109,3.3,39,0,0,9.0,1
1380,111,116,3.1,49,0,0,11.0,1
4880,282,231,1.6,15,0,51,24.0,1
4743,169,169,2.2,46,0,0,12.0,1
2044,17,71,5.1,47,39,0,56.0,0
1860,39,56,6.5,59,17,0,,0
2866,74,127,2.9,8,0,0,71.0,0
3872,136,218,1.7,40,0,0,86.0,0
2271,91,164,2.2,59,0,0,51.0,0
2015,207,214,1.7,52,0,0,9.0,1
3948,21,75,4.9,24,35,0,77.0,0
3459,25,61,6.0,32,31,0,30.0,1
3526,105,56,6.5,31,0,49,,0
1625,121,86,4.2,38,0,35,,0
1458,40,84,4.3,55,16,0,,0
1250,153,106,3.4,3,0,47,,0
3380,95,81,4.5,48,0,14,11.0,1
3410,124,80,4.6,35,0,44,5.0,1
2861,11,56,6.5,13,45,0,48.0,0
3970,34,191,1.9,59,22,0,,0
3909,9,95,3.8,58,47,0,93.0,0
4764,12,78,4.7,47,44,0,65.0,0
1559,18,56,6.5,42,38,0,,0
2490,34,56,6.5,41,22,0,7.0,1
3509,283,256,1.4,58,0,27,,0
1057,45,140,2.6,15,11,0,120.0,0
2160,47,56,6.5,26,9,0,5.0,1
4382,148,165,2.2,12,0,0,,0
3348,4,188,1.9,25,52,0,169.0,0
4227,133,99,3.7,28,0,34,,0
1155,154,323,1.1,19,0,0,170.0,0
3221,56,107,3.4,9,0,0,25.0,1
3968,8,56,6.5,35,48,0,52.0,0
3329,124,120,3.0,45,0,4,23.0,1
3810,14,109,3.3,36,42,0,,0
4389,79,56,6.5,32,0,23,28.0,1
4267,133,142,2.6,3,0,0,46.0,0
1194,59,56,6.5,5,0,3,18.0,1
4489,227,198,1.8,52,0,29,28.0,1
4988,43,56,6.5,41,13,0,8.0,1
4024,41,56,6.5,18,15,0,39.0,0
2765,84,82,4.5,42,0,2,11.0,1
1929,7,127,2.9,56,49,0,145.0,0
1555,87,102,3.6,51,0,0,,0
4403,95,56,6.5,15,0,39,18.0,1
2752,44,60,6.1,25,12,0,16.0,1
4348,65,56,6.5,18,0,9,18.0,1
2425,57,75,4.9,7,0,0,24.0,1
1035,203,212,1.7,22,0,0,6.0,1
3629,24,89,4.1,24,32,0,94.0,0
1467,3,179,2.0,35,53,0,180.0,0
1692,66,288,1.3,22,0,0,225.0,0
1766,60,56,6.5,27,0,4,,0
3195,4,77,4.7,2,52,0,41.0,0
4551,24,511,0.7,11,32,0,505.0,0
2246,359,285,1.3,58,0,74,16.0,1
2491,40,56,6.5,47,16,0,27.0,1
4698,1,122,3.0,26,55,0,143.0,0
1126,76,90,4.1,7,0,0,,0
2629,39,174,2.1,19,17,0,,0
2282,75,56,6.5,37,0,19,3.0,1
3771,15,56,6.5,19,41,0,,0
1519,25,56,6.5,10,31,0,,0
1255,26,56,6.5,47,30,0,9.0,1
1815,173,172,2.1,31,0,1,28.0,1
1406,11,56,6.5,1,45,0,25.0,1
4701,77,56,6.5,17,0,21,17.0,1
2536,28,56,6.5,10,28,0,17.0,1
1001,71,201,1.8,36,0,0,,0
4657,241,248,1.5,21,0,0,,0
1292,91,69,5.3,17,0,22,15.0,1
3809,24,70,5.2,42,32,0,65.0,0
4165,52,129,2.8,44,4,0,81.0,0
3098,121,292,1.2,43,0,0,,0
4243,163,124,2.9,3,0,39,,0
4223,18,56,6.5,51,38,0,39.0,0
1159,56,56,6.5,50,0,0,,0
3231,11,56,6.5,22,45,0,56.0,0
2841,5,95,3.8,30,51,0,,0
2215,28,56,6.5,50,28,0,44.0,0
2181,9,105,3.5,36,47,0,113.0,0
1165,6,57,6.4,5,50,0,,0
4190,30,56,6.5,3,26,0,14.0,1
2661,9,56,6.5,1,47,0,53.0,0
1845,151,314,1.2,17,0,0,160.0,0
4766,139,183,2.0,49,0,0,18.0,1
1898,338,359,1.0,54,0,0,,0
2432,222,138,2.6,52,0,84,11.0,1
3092,30,63,5.8,22,26,0,30.0,1
4261,66,259,1.4,27,0,0,193.0,0
3182,111,87,4.2,33,0,24,5.0,1
4920,49,107,3.4,21,7,0,71.0,0
3024,26,86,4.2,1,30,0,34.0,0
2178,14,56,6.5,4,42,0,57.0,0
2765,274,324,1.1,41,0,0,,0
4301,70,133,2.7,6,0,0,77.0,0
3070,133,117,3.1,28,0,16,21.0,1
4231,99,85,4.3,12,0,14,25.0,1
1513,25,102,3.6,45,31,0,,0
2226,37,56,6.5,52,19,0,2.0,1
3721,108,147,2.5,58,0,0,45.0,0
1947,4,56,6.5,23,52,0,36.0,0
4260,94,104,3.5,43,0,0,23.0,1
3043,102,141,2.6,12,0,0,67.0,0
2134,36,76,4.8,42,20,0,36.0,0
4453,35,121,3.0,48,21,0,,0
3849,55,56,6.5,58,1,0,18.0,1
2798,14,56,6.5,49,42,0,,0
1265,44,108,3.4,45,12,0,,0
1472,140,154,2.4,33,0,0,,0
1641,13,56,6.5,21,43,0,18.0,1
4824,136,136,2.7,55,0,0,21.0,1
2949,39,58,6.3,41,17,0,21.0,1
2104,44,77,4.7,57,12,0,,0
2180,59,56,6.5,58,0,3,10.0,1
3257,33,56,6.5,40,23,0,15.0,1
4309,212,194,1.9,27,0,18,15.0,1
1315,37,92,4.0,50,19,0,18.0,1
3064,26,66,5.5,32,30,0,,0
1183,115,82,4.5,1,0,33,,0
3542,212,133,2.7,32,0,79,7.0,1
3645,91,128,2.9,3,0,0,38.0,0
1946,57,84,4.3,33,0,0,,0
4992,70,215,1.7,1,0,0,,0
4539,6,195,1.9,24,50,0,194.0,0
1783,211,125,2.9,19,0,86,,0
1152,70,94,3.9,18,0,0,,0
2294,107,152,2.4,32,0,0,,0
2636,136,115,3.2,44,0,21,22.0,1
3126,82,210,1.7,6,0,0,109.0,0
4512,180,184,2.0,17,0,0,25.0,1
2806,48,56,6.5,12,8,0,19.0,1
2207,39,56,6.5,34,17,0,39.0,0
3641,94,56,6.5,36,0,38,,0
2572,15,196,1.9,39,41,0,191.0,0
2663,14,56,6.5,2,42,0,32.0,0
3112,54,123,3.0,20,2,0,33.0,0
4360,150,120,3.0,20,0,30,28.0,1
3178,61,228,1.6,56,0,0,,0
2328,57,103,3.5,47,0,0,,0
2941,85,56,6.5,39,0,29,15.0,1
1693,34,56,6.5,55,22,0,14.0,1
3196,71,56,6.5,57,0,15,28.0,1
3157,7,58,6.3,51,49,0,,0
1104,69,77,4.7,32,0,0,,0
4098,53,56,6.5,3,3,0,28.0,1
3435,98,291,1.3,26,0,0,167.0,0
3162,34,56,6.5,41,22,0,25.0,1
2250,160,264,1.4,12,0,0,,0
3176,303,232,1.6,50,0,71,,0
3819,249,184,2.0,3,0,65,10.0,1
3486,71,56,6.5,28,0,15,19.0,1
2559,43,118,3.1,9,13,0,87.0,0
2133,7,56,6.5,26,49,0,,0
3716,176,186,2.0,6,0,0,29.0,1
4605,24,84,4.3,5,32,0,,0
4222,54,64,5.7,9,2,0,,0
3260,32,56,6.5,55,24,0,,0
3893,16,56,6.5,46,40,0,42.0,0
3567,6,56,6.5,34,50,0,,0
2849,230,219,1.7,28,0,11,12.0,1
4151,34,65,5.6,26,22,0,3.0,1
1482,63,78,4.7,57,0,0,18.0,1
4159,225,152,2.4,59,0,73,,0
3618,451,381,1.0,54,0,70,22.0,1
4161,369,259,1.4,35,0,110,17.0,1
4846,100,56,6.5,1,0,44,1.0,1
4352,17,56,6.5,4,39,0,40.0,0
2532,651,594,0.6,59,0,57,3.0,1
3149,16,552,0.7,13,40,0,558.0,0
4756,112,104,3.5,40,0,8,3.0,1
3265,10,56,6.5,53,46,0,31.0,0
2279,253,194,1.9,21,0,59,24.0,1
3713,7,82,4.5,18,49,0,,0
2181,100,82,4.5,20,0,18,,0
1193,10,184,2.0,4,46,0,171.0,0
1379,168,117,3.1,32,0,51,1.0,1
1234,16,56,6.5,27,40,0,,0
3100,72,69,5.3,25,0,3,1.0,1
3760,76,152,2.4,7,0,0,,0
1678,79,135,2.7,45,0,0,,0
1619,17,111,3.3,30,39,0,81.0,0
3954,76,189,1.9,23,0,0,,0
2998,25,67,5.4,29,31,0,20.0,1
3699,47,103,3.5,57,9,0,44.0,0
2663,1,56,6.5,57,55,0,28.0,1
4554,16,62,5.9,21,40,0,39.0,0
3225,212,165,2.2,33,0,47,16.0,1
3103,80,65,5.6,18,0,15,3.0,1
1423,25,61,6.0,27,31,0,35.0,0
2902,43,56,6.5,14,13,0,5.0,1
4983,303,200,1.8,40,0,103,,0
1176,35,139,2.6,54,21,0,,0
4359,181,174,2.1,31,0,7,4.0,1
3641,44,56,6.5,42,12,0,14.0,1
4444,59,79,4.6,8,0,0,,0
3476,34,71,5.1,3,22,0,,0
1212,52,71,5.1,35,4,0,5.0,1
4535,48,56,6.5,38,8,0,5.0,1
4398,32,68,5.4,11,24,0,25.0,1
3948,90,177,2.1,36,0,0,,0
3431,76,56,6.5,52,0,20,10.0,1
1171,537,373,1.0,48,0,164,,0
3216,9,132,2.8,43,47,0,,0
2632,107,87,4.2,52,0,20,,0
3782,181,185,2.0,34,0,0,1.0,1
1340,6,56,6.5,23,50,0,,0
2218,28,56,6.5,5,28,0,36.0,0
1969,3,81,4.5,30,53,0,,0
4964,4,268,1.4,37,52,0,,0
4018,122,86,4.2,16,0,36,6.0,1
1149,71,129,2.8,14,0,0,52.0,0
1400,48,56,6.5,7,8,0,,0
4313,141,132,2.8,53,0,9,,0
2624,63,344,1.1,33,0,0,257.0,0
1872,175,199,1.8,2,0,0,,0
3011,65,84,4.3,46,0,0,25.0,1
1689,160,154,2.4,5,0,6,,0
2747,156,142,2.6,45,0,14,1.0,1
3013,160,134,2.7,45,0,26,24.0,1
1158,14,219,1.7,39,42,0,170.0,0
3956,275,217,1.7,15,0,58,25.0,1
3098,58,81,4.5,42,0,0,37.0,0
2783,115,150,2.4,2,0,0,81.0,0
4872,64,66,5.5,24,0,0,9.0,1
3920,68,56,6.5,29,0,12,27.0,1
1019,16,72,5.1,29,40,0,57.0,0
3223,57,84,4.3,21,0,0,47.0,0
1973,38,56,6.5,25,18,0,27.0,1
3939,172,179,2.0,22,0,0,27.0,1
1071,50,56,6.5,19,6,0,4.0,1
4015,626,730,0.5,13,0,0,99.0,0
3789,336,299,1.2,38,0,37,15.0,1
3011,16,73,5.0,57,40,0,59.0,0
3377,95,90,4.1,33,0,5,10.0,1
4704,96,114,3.2,33,0,0,17.0,1
1999,23,56,6.5,56,33,0,,0
2677,43,105,3.5,12,13,0,39.0,0
1061,53,80,4.6,46,3,0,44.0,0
3226,118,83,4.4,23,0,35,2.0,1
2741,61,104,3.5,59,0,0,43.0,0
4198,8,56,6.5,29,48,0,,0
2733,54,92,4.0,29,2,0,27.0,1
4169,148,102,3.6,43,0,46,22.0,1
1126,57,99,3.7,1,0,0,53.0,0
4664,89,75,4.9,24,0,14,,0
4476,155,223,1.6,5,0,0,71.0,0
3556,10,67,5.4,57,46,0,,0
4814,36,107,3.4,35,20,0,63.0,0
2883,118,254,1.4,45,0,0,137.0,0
2829,58,84,4.3,5,0,0,37.0,0
2166,50,106,3.4,13,6,0,64.0,0
4619,89,83,4.4,32,0,6,,0
3787,211,242,1.5,55,0,0,28.0,1
1008,82,73,5.0,42,0,9,2.0,1
3795,271,251,1.5,27,0,20,17.0,1
3786,75,82,4.5,24,0,0,16.0,1
2338,83,56,6.5,3,0,27,16.0,1
2260,76,155,2.4,1,0,0,68.0,0
4409,74,70,5.2,29,0,4,19.0,1
2845,165,147,2.5,45,0,18,17.0,1
1144,14,56,6.5,22,42,0,,0
3641,38,90,4.1,5,18,0,41.0,0
4587,86,62,5.9,43,0,24,7.0,1
3040,56,56,6.5,21,0,0,19.0,1
2007,10,57,6.4,59,46,0,16.0,1
2619,78,56,6.5,12,0,22,3.0,1
2548,52,86,4.2,28,4,0,25.0,1
2994,5,56,6.5,11,51,0,37.0,0
1626,82,115,3.2,15,0,0,1.0,1
2322,10,268,1.4,38,46,0,249.0,0
1475,118,112,3.3,35,0,6,26.0,1
3311,42,171,2.1,48,14,0,106.0,0
3794,233,216,1.7,45,0,17,,0
1403,148,242,1.5,16,0,0,,0
1122,462,401,0.9,37,0,61,2.0,1
2233,42,60,6.1,15,14,0,,0
1198,11,56,6.5,32,45,0,,0
4388,158,168,2.2,58,0,0,6.0,1
1555,40,158,2.3,59,16,0,,0
2504,114,167,2.2,16,0,0,52.0,0
2202,444,408,0.9,33,0,36,24.0,1
4513,31,90,4.1,40,25,0,41.0,0
4530,162,126,2.9,57,0,36,12.0,1
4967,7,56,6.5,20,49,0,48.0,0
2140,750,496,0.7,37,0,254,12.0,1
3806,55,68,5.4,39,1,0,34.0,0
2437,34,70,5.2,32,22,0,22.0,1
2890,29,68,5.4,10,27,0,47.0,0
4564,46,56,6.5,16,10,0,2.0,1
4411,37,56,6.5,5,19,0,45.0,0
1612,50,59,6.2,20,6,0,10.0,1
4593,21,56,6.5,56,35,0,64.0,0
4805,7,56,6.5,27,49,0,61.0,0
1401,292,428,0.9,43,0,0,123.0,0
3427,160,162,2.3,54,0,0,13.0,1
1280,224,188,1.9,50,0,36,22.0,1
4551,99,230,1.6,59,0,0,,0
2638,68,390,0.9,20,0,0,313.0,0
1161,2,56,6.5,13,54,0,,0
1043,3,56,6.5,19,53,0,55.0,0
3293,65,56,6.5,44,0,9,,0
2502,6,61,6.0,50,50,0,70.0,0
3523,52,70,5.2,15,4,0,24.0,1
2625,61,62,5.9,38,0,0,16.0,1
3923,19,107,3.4,27,37,0,87.0,0
4267,97,92,4.0,42,0,5,,0
4242,22,56,6.5,17,34,0,,0
2939,3,56,6.5,10,53,0,45.0,0
2351,1,56,6.5,36,55,0,,0
2793,22,58,6.3,40,34,0,21.0,1
3161,103,73,5.0,5,0,30,17.0,1
3545,51,56,6.5,51,5,0,18.0,1
4226,8,60,6.1,50,48,0,52.0,0
2825,41,56,6.5,48,15,0,47.0,0
1822,34,81,4.5,27,22,0,61.0,0
4235,39,56,6.5,59,17,0,14.0,1
1468,46,56,6.5,54,10,0,,0
2991,38,56,6.5,28,18,0,13.0,1
3262,27,79,4.6,4,29,0,42.0,0
3666,63,56,6.5,7,0,7,27.0,1
3887,47,185,2.0,8,9,0,,0
3116,50,124,2.9,15,6,0,49.0,0
2127,37,85,4.3,41,19,0,17.0,1
1320,41,56,6.5,29,15,0,27.0,1
2917,114,122,3.0,39,0,0,,0
4668,186,156,2.3,9,0,30,,0
1939,78,100,3.6,20,0,0,,0
3346,142,324,1.1,1,0,0,219.0,0
4145,34,130,2.8,7,22,0,99.0,0
2473,178,186,2.0,34,0,0,33.0,0
3324,14,100,3.6,47,42,0,,0
1444,217,154,2.4,10,0,63,28.0,1
1140,31,56,6.5,59,25,0,,0
4179,132,62,5.9,41,0,70,14.0,1
1881,98,119,3.1,48,0,0,20.0,1
2525,65,118,3.1,6,0,0,71.0,0
2051,59,135,2.7,25,0,0,,0
1157,315,217,1.7,12,0,98,26.0,1
4153,100,56,6.5,40,0,44,27.0,1
2129,44,56,6.5,41,12,0,1.0,1
2665,125,108,3.4,39,0,17,4.0,1
1825,52,56,6.5,14,4,0,15.0,1
2234,1014,730,0.5,11,0,284,,0
2017,38,135,2.7,12,18,0,111.0,0
3068,90,84,4.3,19,0,6,8.0,1
2369,40,59,6.2,42,16,0,,0
2197,34,61,6.0,28,22,0,28.0,1
3264,113,92,4.0,53,0,21,,0
1850,43,98,3.7,19,13,0,84.0,0
3584,19,62,5.9,29,37,0,36.0,0
1488,43,72,5.1,45,13,0,,0
3360,304,263,1.4,35,0,41,8.0,1
3707,129,272,1.3,23,0,0,,0
4065,19,110,3.3,16,37,0,,0
3821,68,56,6.5,54,0,12,,0
4857,103,138,2.6,37,0,0,49.0,0
3736,301,312,1.2,21,0,0,,0
1977,24,269,1.4,59,32,0,235.0,0
4987,143,161,2.3,40,0,0,41.0,0
1870,416,280,1.3,1,0,136,23.0,1
1161,31,93,3.9,46,25,0,,0
2417,59,148,2.5,52,0,0,,0
1288,30,56,6.5,37,26,0,2.0,1
4698,23,113,3.2,25,33,0,73.0,0
1950,119,260,1.4,16,0,0,,0
4986,31,56,6.5,33,25,0,18.0,1
4265,6,56,6.5,25,50,0,2.0,1
4118,108,97,3.8,22,0,11,29.0,1
3736,20,75,4.9,3,36,0,43.0,0
2986,41,151,2.4,3,15,0,112.0,0
1029,77,62,5.9,11,0,15,,0
2510,150,355,1.0,43,0,0,,0
1210,1,56,6.5,52,55,0,,0
1468,45,245,1.5,5,11,0,195.0,0
3362,51,56,6.5,44,5,0,,0
3805,93,56,6.5,25,0,37,21.0,1
2515,57,108,3.4,38,0,0,57.0,0
4021,41,73,5.0,53,15,0,16.0,1
3334,5,56,6.5,16,51,0,,0
1276,56,56,6.5,32,0,0,2.0,1
2296,41,89,4.1,29,15,0,71.0,0
4069,29,196,1.9,6,27,0,164.0,0
3996,11,143,2.6,22,45,0,160.0,0
1434,95,94,3.9,9,0,1,3.0,1
1407,100,132,2.8,10,0,0,,0
3276,48,88,4.1,55,8,0,2.0,1
4304,94,56,6.5,14,0,38,19.0,1
3657,19,56,6.5,47,37,0,,0
2710,29,76,4.8,39,27,0,,0
4859,67,79,4.6,20,0,0,14.0,1
3319,125,177,2.1,5,0,0,36.0,0
1825,7,164,2.2,7,49,0,136.0,0
4120,22,146,2.5,40,34,0,,0
2449,57,71,5.1,54,0,0,,0
1395,27,56,6.5,56,29,0,,0
4752,38,125,2.9,14,18,0,,0
4001,76,137,2.7,57,0,0,52.0,0
2595,13,56,6.5,15,43,0,44.0,0
4863,48,56,6.5,17,8,0,15.0,1
1780,40,56,6.5,20,16,0,9.0,1
2313,160,98,3.7,16,0,62,3.0,1
3492,32,56,6.5,41,24,0,,0
1922,37,87,4.2,21,19,0,,0
3277,37,76,4.8,11,19,0,35.0,0
2108,47,79,4.6,4,9,0,,0
1500,36,56,6.5,25,20,0,22.0,1
2858,3,56,6.5,2,53,0,,0
4312,32,56,6.5,2,24,0,34.0,0
4853,78,122,3.0,27,0,0,67.0,0
2642,99,142,2.6,31,0,0,35.0,0
1229,4,56,6.5,47,52,0,60.0,0
1245,76,303,1.2,8,0,0,211.0,0
1100,97,69,5.3,48,0,28,,0
3856,298,306,1.2,8,0,0,10.0,1
4049,25,56,6.5,5,31,0,13.0,1
4691,76,56,6.5,22,0,20,,0
4000,9,124,2.9,43,47,0,,0
2693,152,109,3.3,5,0,43,20.0,1
2068,101,92,4.0,40,0,9,,0
1073,71,56,6.5,48,0,15,,0
1256,97,87,4.2,6,0,10,7.0,1
2126,51,59,6.2,38,5,0,5.0,1
2115,43,70,5.2,7,13,0,23.0,1
4829,2,176,2.1,18,54,0,181.0,0
2260,101,104,3.5,25,0,0,7.0,1
3770,33,146,2.5,3,23,0,,0
2629,97,74,4.9,25,0,23,25.0,1
1083,20,68,5.4,58,36,0,,0
1947,31,56,6.5,21,25,0,20.0,1
1531,106,66,5.5,31,0,40,12.0,1
2046,12,56,6.5,46,44,0,,0
1862,50,56,6.5,49,6,0,15.0,1
2631,29,84,4.3,42,27,0,49.0,0
3931,25,141,2.6,16,31,0,96.0,0
1857,12,72,5.1,52,44,0,,0
1973,82,118,3.1,22,0,0,46.0,0
3821,53,56,6.5,51,3,0,5.0,1
4232,35,86,4.2,29,21,0,49.0,0
3055,38,56,6.5,12,18,0,,0
4390,19,56,6.5,54,37,0,25.0,1
2659,99,77,4.7,46,0,22,5.0,1
2155,199,249,1.5,43,0,0,54.0,0
4980,30,121,3.0,1,26,0,103.0,0
4618,19,91,4.0,26,37,0,65.0,0
3140,24,88,4.1,10,32,0,71.0,0
4032,36,56,6.5,25,20,0,42.0,0
1929,39,58,6.3,25,17,0,21.0,1
3359,8,126,2.9,43,48,0,130.0,0
2674,81,56,6.5,4,0,25,5.0,1
3341,41,144,2.5,18,15,0,,0
3780,18,65,5.6,43,38,0,71.0,0
2452,21,174,2.1,8,35,0,,0
1597,114,194,1.9,7,0,0,,0
1441,37,56,6.5,17,19,0,7.0,1
3677,35,56,6.5,6,21,0,19.0,1
2697,42,56,6.5,42,14,0,2.0,1
1621,38,56,6.5,44,18,0,28.0,1
3890,2,56,6.5,21,54,0,,0
2115,196,634,0.6,2,0,0,425.0,0
3422,108,146,2.5,13,0,0,,0
4783,292,417,0.9,32,0,0,105.0,0
3711,277,174,2.1,13,0,103,27.0,1
1585,5,56,6.5,29,51,0,77.0,0
1462,59,66,5.5,5,0,0,4.0,1
2342,134,144,2.5,54,0,0,9.0,1
1620,142,127,2.9,26,0,15,,0
2510,83,56,6.5,38,0,27,3.0,1
1916,32,56,6.5,32,24,0,20.0,1
4299,1076,730,0.5,48,0,346,24.0,1
1931,85,80,4.6,18,0,5,9.0,1
2777,30,69,5.3,17,26,0,50.0,0
3863,60,98,3.7,20,0,0,38.0,0
2875,74,74,4.9,15,0,0,,0
4830,126,99,3.7,15,0,27,,0
4468,112,252,1.4,47,0,0,,0
1001,40,81,4.5,4,16,0,27.0,1
2646,23,56,6.5,9,33,0,19.0,1
4482,100,79,4.6,44,0,21,27.0,1
1774,63,62,5.9,46,0,1,9.0,1
4176,77,281,1.3,33,0,0,,0
2241,322,229,1.6,59,0,93,3.0,1
1989,98,98,3.7,10,0,0,18.0,1
3322,22,56,6.5,47,34,0,37.0,0
1935,19,56,6.5,43,37,0,,0
3068,7,91,4.0,1,49,0,,0
2337,84,117,3.1,40,0,0,,0
1409,26,66,5.5,53,30,0,,0
4529,76,61,6.0,9,0,15,17.0,1
1803,27,56,6.5,22,29,0,29.0,1
1299,137,88,4.1,26,0,49,,0
3044,15,56,6.5,35,41,0,,0
4071,13,56,6.5,33,43,0,39.0,0
4903,9,56,6.5,10,47,0,,0
3074,288,236,1.5,38,0,52,,0
3695,26,56,6.5,59,30,0,,0
2881,109,103,3.5,19,0,6,29.0,1
2408,97,107,3.4,4,0,0,24.0,1
3686,340,254,1.4,19,0,86,3.0,1
2814,159,247,1.5,7,0,0,88.0,0
1072,42,85,4.3,12,14,0,50.0,0
2054,56,61,6.0,27,0,0,,0
2414,50,56,6.5,32,6,0,6.0,1
4080,26,74,4.9,27,30,0,9.0,1
1198,50,63,5.8,57,6,0,18.0,1
3523,155,140,2.6,21,0,15,,0
3428,80,125,2.9,54,0,0,,0
3529,154,144,2.5,5,0,10,24.0,1
3484,321,246,1.5,19,0,75,29.0,1
4955,320,399,0.9,51,0,0,,0
3191,100,99,3.7,52,0,1,3.0,1
1713,15,216,1.7,53,41,0,,0
4479,6,67,5.4,7,50,0,82.0,0
4401,106,232,1.6,14,0,0,150.0,0
3221,322,210,1.7,9,0,112,26.0,1
4996,205,201,1.8,37,0,4,28.0,1
4800,10,97,3.8,50,46,0,66.0,0
1232,8,56,6.5,9,48,0,,0
2821,53,56,6.5,5,3,0,,0
2458,36,87,4.2,54,20,0,,0
4794,426,306,1.2,48,0,120,24.0,1
4572,6,70,5.2,9,50,0,,0
4742,198,168,2.2,52,0,30,13.0,1
2565,87,176,2.1,43,0,0,112.0,0
4361,81,71,5.1,30,0,10,29.0,1
2755,144,258,1.4,14,0,0,105.0,0
4059,2,56,6.5,3,54,0,56.0,0
3322,1,56,6.5,52,55,0,3.0,1
2435,40,56,6.5,24,16,0,,0
1005,36,56,6.5,28,20,0,10.0,1
4216,93,117,3.1,39,0,0,4.0,1
4172,156,113,3.2,55,0,43,25.0,1
1602,121,123,3.0,11,0,0,9.0,1
4946,56,145,2.5,17,0,0,83.0,0
3211,76,56,6.5,18,0,20,29.0,1
4584,10,56,6.5,51,46,0,,0
4215,145,123,3.0,17,0,22,17.0,1
4523,75,56,6.5,25,0,19,4.0,1
2070,11,56,6.5,41,45,0,63.0,0
1022,96,195,1.9,14,0,0,91.0,0
3783,226,274,1.3,21,0,0,,0
4266,144,312,1.2,11,0,0,159.0,0
4517,137,104,3.5,47,0,33,4.0,1
4156,120,148,2.5,27,0,0,,0
3391,278,269,1.4,4,0,9,25.0,1
2934,4,56,6.5,51,52,0,62.0,0
1578,58,218,1.7,41,0,0,164.0,0
3514,113,112,3.3,34,0,1,5.0,1
2322,229,186,2.0,40,0,43,8.0,1
4975,23,104,3.5,7,33,0,79.0,0
2394,208,253,1.4,18,0,0,36.0,0
4681,31,107,3.4,19,25,0,,0
1993,47,56,6.5,18,9,0,7.0,1
1171,34,287,1.3,15,22,0,256.0,0
2255,103,56,6.5,11,0,47,26.0,1
1485,337,245,1.5,12,0,92,,0
4609,18,83,4.4,35,38,0,67.0,0
1706,115,230,1.6,36,0,0,111.0,0
2183,84,223,1.6,53,0,0,,0
4903,104,126,2.9,50,0,0,,0
1042,178,135,2.7,12,0,43,10.0,1
2135,1,126,2.9,16,55,0,115.0,0
1746,39,56,6.5,28,17,0,22.0,1
2481,42,98,3.7,44,14,0,,0
4529,39,56,6.5,39,17,0,,0
4901,147,103,3.5,44,0,44,,0
4312,28,56,6.5,36,28,0,28.0,1
2418,16,56,6.5,59,40,0,,0
3165,100,325,1.1,30,0,0,190.0,0
2485,213,211,1.7,16,0,2,,0
1478,115,89,4.1,16,0,26,20.0,1
4208,45,104,3.5,49,11,0,,0
4631,57,73,5.0,20,0,0,25.0,1
3949,166,142,2.6,9,0,24,24.0,1
1240,24,56,6.5,46,32,0,22.0,1
4637,253,199,1.8,5,0,54,25.0,1
3877,32,73,5.0,31,24,0,7.0,1
4198,58,64,5.7,18,0,0,10.0,1
1632,2,91,4.0,44,54,0,97.0,0
3997,68,56,6.5,22,0,12,6.0,1
4554,11,117,3.1,39,45,0,104.0,0
4425,25,58,6.3,2,31,0,,0
1234,128,130,2.8,58,0,0,18.0,1
3615,61,238,1.5,50,0,0,179.0,0
1337,30,56,6.5,58,26,0,34.0,0
1598,62,81,4.5,3,0,0,29.0,1
3461,173,130,2.8,47,0,43,29.0,1
4202,114,63,5.8,28,0,51,,0
1895,51,130,2.8,11,5,0,,0
4838,156,140,2.6,10,0,16,4.0,1
4132,252,214,1.7,20,0,38,10.0,1
4982,43,56,6.5,31,13,0,15.0,1
4812,79,56,6.5,53,0,23,2.0,1
1490,46,70,5.2,51,10,0,,0
2282,33,56,6.5,45,23,0,,0
4470,163,141,2.6,48,0,22,1.0,1
1962,43,56,6.5,52,13,0,,0
4740,32,581,0.6,55,24,0,552.0,0
2310,322,253,1.4,22,0,69,,0
2222,115,90,4.1,18,0,25,4.0,1
4398,223,180,2.0,12,0,43,6.0,1
1566,76,56,6.5,15,0,20,12.0,1
1970,210,677,0.5,55,0,0,451.0,0
3031,88,56,6.5,34,0,32,,0
3139,85,81,4.5,45,0,4,17.0,1
1891,26,56,6.5,28,30,0,37.0,0
3275,72,132,2.8,44,0,0,27.0,1
4181,76,56,6.5,15,0,20,5.0,1
4943,80,97,3.8,35,0,0,,0
3328,78,58,6.3,17,0,20,,0
3000,25,56,6.5,38,31,0,10.0,1
3998,47,56,6.5,11,9,0,12.0,1
4959,122,107,3.4,26,0,15,,0
2585,35,56,6.5,29,21,0,7.0,1
3597,83,56,6.5,52,0,27,,0
3875,197,153,2.4,25,0,44,16.0,1
4156,213,721,0.5,4,0,0,,0
3739,143,131,2.8,27,0,12,10.0,1
2363,38,56,6.5,42,18,0,,0
2993,84,67,5.4,22,0,17,,0
2221,79,92,4.0,24,0,0,,0
4147,72,68,5.4,53,0,4,18.0,1
1976,266,185,2.0,19,0,81,18.0,1
2196,120,107,3.4,41,0,13,23.0,1
4296,76,186,2.0,27,0,0,114.0,0
1611,42,69,5.3,19,14,0,,0
1623,316,259,1.4,47,0,57,19.0,1
3066,69,78,4.7,41,0,0,9.0,1
1767,71,56,6.5,13,0,15,,0
2668,650,513,0.7,31,0,137,21.0,1
3284,21,56,6.5,2,35,0,36.0,0
2449,71,56,6.5,27,0,15,5.0,1
3681,40,56,6.5,8,16,0,6.0,1
1092,934,669,0.5,12,0,265,,0
2892,258,382,1.0,29,0,0,128.0,0
2007,4,297,1.2,29,52,0,,0
4613,52,69,5.3,22,4,0,27.0,1
4904,698,626,0.6,30,0,72,18.0,1
4659,55,120,3.0,9,1,0,64.0,0
2796,98,196,1.9,5,0,0,,0
2829,131,103,3.5,36,0,28,9.0,1
2162,21,86,4.2,13,35,0,44.0,0
4411,20,73,5.0,47,36,0,42.0,0
4356,88,76,4.8,2,0,12,,0
2805,147,146,2.5,33,0,1,26.0,1
2753,91,120,3.0,4,0,0,,0
1481,14,87,4.2,56,42,0,68.0,0
3633,384,301,1.2,10,0,83,,0
4930,57,56,6.5,57,0,1,,0
1760,87,135,2.7,33,0,0,70.0,0
4691,149,159,2.3,2,0,0,21.0,1
4304,203,225,1.6,12,0,0,42.0,0
4304,118,85,4.3,16,0,33,15.0,1
4032,34,106,3.4,35,22,0,65.0,0
3825,292,198,1.8,56,0,94,,0
3086,247,296,1.2,59,0,0,35.0,0
4131,18,70,5.2,9,38,0,57.0,0
3655,26,111,3.3,3,30,0,88.0,0
1225,368,344,1.1,28,0,24,14.0,1
3966,50,56,6.5,52,6,0,12.0,1
4680,8,56,6.5,16,48,0,,0
3527,339,290,1.3,40,0,49,4.0,1
3453,167,215,1.7,19,0,0,,0
4029,117,136,2.7,11,0,0,,0
4444,87,62,5.9,38,0,25,26.0,1
3390,29,56,6.5,46,27,0,29.0,1
3770,50,56,6.5,31,6,0,10.0,1
3454,466,310,1.2,1,0,156,22.0,1
3837,32,56,6.5,44,24,0,29.0,1
4005,140,97,3.8,55,0,43,15.0,1
2757,79,56,6.5,30,0,23,3.0,1
4346,146,176,2.1,21,0,0,40.0,0
2045,38,58,6.3,15,18,0,18.0,1
1638,67,83,4.4,16,0,0,29.0,1
3432,21,56,6.5,4,35,0,,0
1673,41,56,6.5,24,15,0,19.0,1
2915,12,90,4.1,40,44,0,59.0,0
1025,14,56,6.5,23,42,0,42.0,0
4587,333,484,0.8,17,0,0,,0
2711,68,56,6.5,58,0,12,16.0,1
2580,20,56,6.5,54,36,0,,0
2291,71,91,4.0,35,0,0,,0
3139,85,67,5.4,56,0,18,20.0,1
2316,27,56,6.5,26,29,0,28.0,1
1386,25,56,6.5,35,31,0,17.0,1
4739,32,56,6.5,15,24,0,50.0,0
2756,44,71,5.1,15,12,0,,0
1979,554,429,0.9,27,0,125,25.0,1
2153,48,95,3.8,8,8,0,54.0,0
1951,53,231,1.6,53,3,0,183.0,0
1484,100,135,2.7,15,0,0,,0
4885,209,219,1.7,53,0,0,26.0,1
1110,6,56,6.5,8,50,0,,0
4811,24,70,5.2,51,32,0,29.0,1
4499,190,256,1.4,4,0,0,68.0,0
4305,24,56,6.5,1,32,0,42.0,0
2937,276,368,1.0,25,0,0,,0
3760,245,295,1.2,35,0,0,71.0,0
3084,4,61,6.0,8,52,0,,0
1565,50,60,6.1,49,6,0,2.0,1
4864,63,56,6.5,17,0,7,,0
1894,14,56,6.5,28,42,0,21.0,1
2128,22,56,6.5,6,34,0,,0
3386,100,126,2.9,43,0,0,46.0,0
2213,50,56,6.5,6,6,0,14.0,1
1664,155,145,2.5,55,0,10,,0
2715,22,148,2.5,1,34,0,104.0,0
2776,56,56,6.5,3,0,0,,0
3238,230,311,1.2,52,0,0,,0
3958,95,135,2.7,9,0,0,34.0,0
2837,239,163,2.2,15,0,76,11.0,1
3103,55,56,6.5,40,1,0,,0
2137,29,148,2.5,20,27,0,115.0,0
4097,268,221,1.7,16,0,47,29.0,1
1109,71,83,4.4,10,0,0,34.0,0
4007,362,446,0.8,14,0,0,87.0,0
4987,60,93,3.9,55,0,0,60.0,0
3498,72,224,1.6,16,0,0,164.0,0
1152,110,113,3.2,15,0,0,17.0,1
1788,112,143,2.6,41,0,0,,0
3721,31,56,6.5,26,25,0,15.0,1
2011,113,121,3.0,10,0,0,5.0,1
2524,13,56,6.5,40,43,0,45.0,0
4685,87,56,6.5,12,0,31,4.0,1
3519,369,363,1.0,37,0,6,17.0,1
4432,64,75,4.9,14,0,0,4.0,1
4608,71,56,6.5,25,0,15,,0
1192,22,67,5.4,30,34,0,36.0,0
1924,59,56,6.5,53,0,3,,0
3847,312,283,1.3,30,0,29,29.0,1
1767,65,56,6.5,59,0,9,,0
2390,68,137,2.7,35,0,0,90.0,0
1896,137,266,1.4,15,0,0,120.0,0
2186,113,60,6.1,31,0,53,10.0,1
3999,54,137,2.7,38,2,0,,0
1271,28,56,6.5,51,28,0,43.0,0
1543,613,636,0.6,18,0,0,5.0,1
2262,159,190,1.9,7,0,0,,0
4460,13,77,4.7,3,43,0,,0
2033,31,56,6.5,5,25,0,17.0,1
4029,33,82,4.5,25,23,0,51.0,0
4946,36,68,5.4,16,20,0,,0
1327,453,429,0.9,15,0,24,,0
2614,61,56,6.5,20,0,5,3.0,1
2811,3,100,3.6,41,53,0,,0
1344,53,88,4.1,22,3,0,,0
3443,103,81,4.5,35,0,22,,0
3137,36,82,4.5,27,20,0,44.0,0
3499,34,82,4.5,12,22,0,51.0,0
4518,146,180,2.0,33,0,0,6.0,1
4481,234,146,2.5,24,0,88,27.0,1
1443,96,125,2.9,26,0,0,12.0,1
2865,24,56,6.5,52,32,0,16.0,1
4823,30,114,3.2,38,26,0,71.0,0
1572,33,56,6.5,34,23,0,15.0,1
3446,120,150,2.4,13,0,0,38.0,0
3052,281,292,1.2,28,0,0,9.0,1
1671,63,56,6.5,20,0,7,19.0,1
2119,54,73,5.0,8,2,0,10.0,1
1917,1,56,6.5,50,55,0,52.0,0
3837,134,241,1.5,54,0,0,129.0,0
4595,93,97,3.8,16,0,0,8.0,1
3879,73,358,1.0,34,0,0,287.0,0
3890,168,125,2.9,56,0,43,,0
4415,20,109,3.3,32,36,0,77.0,0
1746,54,95,3.8,48,2,0,,0
3668,55,173,2.1,30,1,0,123.0,0
4560,6,56,6.5,35,50,0,39.0,0
2231,33,96,3.8,16,23,0,,0
1527,100,85,4.3,48,0,15,20.0,1
2984,198,160,2.3,9,0,38,8.0,1
3354,66,77,4.7,54,0,0,,0
4798,61,56,6.5,31,0,5,28.0,1
3011,57,90,4.1,19,0,0,34.0,0
2567,26,56,6.5,43,30,0,3.0,1
2650,53,56,6.5,34,3,0,8.0,1
4709,223,161,2.3,16,0,62,1.0,1
3996,54,143,2.6,24,2,0,96.0,0
3275,167,130,2.8,16,0,37,19.0,1
2252,52,255,1.4,15,4,0,181.0,0
1386,85,56,6.5,31,0,29,22.0,1
4442,2,56,6.5,52,54,0,69.0,0
4980,103,85,4.3,56,0,18,21.0,1
4419,31,68,5.4,7,25,0,,0
3873,12,56,6.5,44,44,0,23.0,1
4628,19,84,4.3,15,37,0,53.0,0
1023,3,56,6.5,2,53,0,30.0,1
4084,73,56,6.5,39,0,17,3.0,1
3967,34,63,5.8,52,22,0,21.0,1
3564,19,56,6.5,22,37,0,37.0,0
2616,150,108,3.4,24,0,42,18.0,1
1177,22,56,6.5,25,34,0,,0
1459,239,219,1.7,12,0,20,,0
1374,7,324,1.1,52,49,0,288.0,0
4760,119,155,2.4,51,0,0,34.0,0
3449,7,56,6.5,14,49,0,,0
1288,235,300,1.2,34,0,0,,0
2209,289,317,1.2,46,0,0,46.0,0
3974,95,91,4.0,20,0,4,24.0,1
3550,126,259,1.4,14,0,0,133.0,0
2185,4,57,6.4,18,52,0,32.0,0
3909,61,56,6.5,35,0,5,,0
3028,65,56,6.5,17,0,9,19.0,1
4935,458,359,1.0,48,0,99,,0
2481,67,56,6.5,45,0,11,19.0,1
3078,32,89,4.1,23,24,0,42.0,0
3914,140,92,4.0,22,0,48,1.0,1
2102,9,59,6.2,49,47,0,40.0,0
4354,82,63,5.8,31,0,19,13.0,1
1186,100,95,3.8,29,0,5,4.0,1
3586,40,57,6.4,25,16,0,,0
4446,60,56,6.5,32,0,4,6.0,1
1384,95,106,3.4,31,0,0,,0
2099,194,212,1.7,6,0,0,7.0,1
3755,240,180,2.0,37,0,60,25.0,1
3454,44,56,6.5,17,12,0,,0
2789,6,56,6.5,47,50,0,62.0,0
3913,28,71,5.1,31,28,0,29.0,1
1819,85,315,1.2,58,0,0,,0
1952,191,150,2.4,21,0,41,22.0,1
1598,34,158,2.3,2,22,0,138.0,0
3002,221,183,2.0,7,0,38,,0
3170,105,126,2.9,27,0,0,23.0,1
2491,143,99,3.7,22,0,44,,0
4262,52,152,2.4,4,4,0,,0
1254,35,58,6.3,27,21,0,,0
3259,12,56,6.5,51,44,0,,0
4804,193,160,2.3,45,0,33,,0
3892,156,242,1.5,32,0,0,67.0,0
1283,65,56,6.5,21,0,9,25.0,1
3327,178,173,2.1,35,0,5,23.0,1
3813,190,345,1.1,9,0,0,,0
4349,106,89,4.1,28,0,17,14.0,1
3517,15,56,6.5,54,41,0,38.0,0
4239,149,99,3.7,10,0,50,,0
4274,12,57,6.4,50,44,0,,0
2927,54,56,6.5,23,2,0,9.0,1
4167,110,127,2.9,24,0,0,,0
3775,23,56,6.5,57,33,0,12.0,1
4851,117,56,6.5,48,0,61,,0
3992,40,91,4.0,4,16,0,,0
1615,33,88,4.1,17,23,0,,0
4732,108,118,3.1,48,0,0,9.0,1
4455,348,403,0.9,24,0,0,26.0,1
2858,124,97,3.8,58,0,27,29.0,1
3726,18,145,2.5,1,38,0,121.0,0
2132,72,56,6.5,37,0,16,,0
3877,95,166,2.2,2,0,0,43.0,0
4409,20,59,6.2,40,36,0,15.0,1
2081,137,95,3.8,48,0,42,14.0,1
1957,17,82,4.5,53,39,0,30.0,1
2221,148,205,1.8,6,0,0,,0
2955,66,56,6.5,14,0,10,,0
2708,129,56,6.5,55,0,73,11.0,1
1639,69,75,4.9,36,0,0,,0
3382,96,130,2.8,21,0,0,,0
2520,121,101,3.6,25,0,20,3.0,1
4052,52,241,1.5,54,4,0,,0
1782,155,127,2.9,8,0,28,13.0,1
2341,30,57,6.4,52,26,0,46.0,0
2189,101,56,6.5,27,0,45,,0
2010,67,74,4.9,14,0,0,,0
3623,21,204,1.8,4,35,0,195.0,0
1619,2,65,5.6,46,54,0,93.0,0
4452,48,92,4.0,8,8,0,,0
4699,43,126,2.9,27,13,0,86.0,0
2779,75,56,6.5,19,0,19,16.0,1
2367,108,148,2.5,30,0,0,,0
2734,291,333,1.1,28,0,0,30.0,1
3952,57,78,4.7,27,0,0,,0
1714,61,56,6.5,37,0,5,11.0,1
2999,79,85,4.3,44,0,0,27.0,1
1966,67,56,6.5,3,0,11,24.0,1
4992,118,117,3.1,49,0,1,28.0,1
3637,116,129,2.8,28,0,0,,0
4475,460,343,1.1,19,0,117,4.0,1
3587,74,77,4.7,38,0,0,19.0,1
2840,33,124,2.9,27,23,0,83.0,0
4301,18,56,6.5,54,38,0,44.0,0
3849,115,67,5.4,23,0,48,16.0,1
1505,33,56,6.5,19,23,0,23.0,1
1200,47,77,4.7,57,9,0,23.0,1
3031,66,70,5.2,13,0,0,,0
4067,106,114,3.2,58,0,0,,0
2043,34,56,6.5,30,22,0,3.0,1
4178,69,96,3.8,41,0,0,,0
3803,2,68,5.4,50,54,0,,0
2893,60,69,5.3,46,0,0,20.0,1
4806,91,95,3.8,8,0,0,8.0,1
1468,38,92,4.0,29,18,0,34.0,0
3069,182,165,2.2,43,0,17,26.0,1
4276,29,81,4.5,50,27,0,29.0,1
2963,71,68,5.4,50,0,3,,0
4118,20,77,4.7,47,36,0,,0
1024,42,56,6.5,6,14,0,2.0,1
2173,42,67,5.4,56,14,0,3.0,1
4685,85,457,0.8,17,0,0,364.0,0
2340,54,56,6.5,29,2,0,13.0,1
4763,12,72,5.1,56,44,0,48.0,0
4190,13,66,5.5,40,43,0,,0
4219,22,73,5.0,52,34,0,71.0,0
3015,41,69,5.3,48,15,0,,0
1207,7,112,3.3,54,49,0,,0
2012,11,56,6.5,2,45,0,30.0,1
3067,121,206,1.8,33,0,0,,0
1616,227,149,2.4,59,0,78,20.0,1
4689,58,56,6.5,45,0,2,,0
1357,19,56,6.5,39,37,0,,0
3732,18,56,6.5,55,38,0,28.0,1
3084,94,74,4.9,51,0,20,16.0,1
1142,584,709,0.5,35,0,0,,0
3891,73,139,2.6,31,0,0,84.0,0
4208,11,56,6.5,12,45,0,,0
3660,17,56,6.5,31,39,0,18.0,1
3219,51,86,4.2,26,5,0,47.0,0
2678,95,110,3.3,44,0,0,3.0,1
3603,63,56,6.5,32,0,7,17.0,1
4703,32,80,4.6,49,24,0,,0
1629,21,56,6.5,49,35,0,40.0,0
1853,49,56,6.5,50,7,0,,0
1395,71,110,3.3,58,0,0,45.0,0
3970,199,167,2.2,3,0,32,,0
1914,74,176,2.1,20,0,0,111.0,0
4310,109,142,2.6,56,0,0,15.0,1
3200,104,60,6.1,53,0,44,,0
1201,62,159,2.3,47,0,0,103.0,0
3018,16,115,3.2,2,40,0,,0
1760,83,100,3.6,39,0,0,16.0,1
4007,37,56,6.5,56,19,0,29.0,1
3923,73,60,6.1,45,0,13,,0
3955,42,95,3.8,13,14,0,,0
4121,876,633,0.6,29,0,243,13.0,1
1764,85,114,3.2,51,0,0,28.0,1
4911,26,56,6.5,6,30,0,24.0,1
3186,36,56,6.5,42,20,0,3.0,1
4942,79,60,6.1,8,0,19,12.0,1
3386,706,513,0.7,26,0,193,7.0,1
4350,37,65,5.6,54,19,0,18.0,1
4159,164,185,2.0,10,0,0,,0
3702,94,66,5.5,38,0,28,7.0,1
4646,67,110,3.3,56,0,0,,0
3707,12,169,2.2,44,44,0,177.0,0
2368,64,56,6.5,1,0,8,8.0,1
4319,20,56,6.5,2,36,0,,0
1973,327,339,1.1,43,0,0,19.0,1
4593,153,197,1.9,35,0,0,55.0,0
4695,140,169,2.2,55,0,0,15.0,1
3289,5,168,2.2,1,51,0,,0
3492,28,130,2.8,4,28,0,98.0,0
3524,398,452,0.8,3,0,0,49.0,0
3421,6,93,3.9,24,50,0,75.0,0
2584,239,142,2.6,55,0,97,3.0,1
3096,35,56,6.5,17,21,0,12.0,1
2017,24,56,6.5,27,32,0,6.0,1
4403,10,56,6.5,25,46,0,47.0,0
2568,237,249,1.5,59,0,0,1.0,1
2622,64,56,6.5,20,0,8,1.0,1
1845,49,65,5.6,39,7,0,11.0,1
4350,7,56,6.5,44,49,0,43.0,0
3032,62,56,6.5,54,0,6,,0
1180,75,60,6.1,51,0,15,10.0,1
1292,131,272,1.3,30,0,0,152.0,0
1789,55,123,3.0,6,1,0,50.0,0
2244,60,56,6.5,7,0,4,14.0,1
2507,87,211,1.7,27,0,0,,0
1641,85,91,4.0,5,0,0,,0
1915,45,92,4.0,26,11,0,,0
4076,36,56,6.5,36,20,0,15.0,1
1474,37,56,6.5,11,19,0,13.0,1
4842,9,56,6.5,54,47,0,,0
4921,40,93,3.9,42,16,0,,0
2740,91,95,3.8,56,0,0,5.0,1
2493,399,309,1.2,23,0,90,12.0,1
2228,14,122,3.0,3,42,0,,0
2803,72,56,6.5,50,0,16,24.0,1
2439,23,111,3.3,15,33,0,90.0,0
1441,26,56,6.5,58,30,0,53.0,0
1581,38,56,6.5,44,18,0,,0
4111,42,56,6.5,53,14,0,33.0,0
3404,82,56,6.5,25,0,26,27.0,1
2157,51,56,6.5,16,5,0,2.0,1
4646,116,105,3.5,59,0,11,13.0,1
4992,98,56,6.5,32,0,42,18.0,1
2114,136,119,3.1,26,0,17,16.0,1
1196,660,538,0.7,5,0,122,28.0,1
2272,26,56,6.5,10,30,0,,0
3386,18,71,5.1,11,38,0,,0
2329,12,56,6.5,33,44,0,,0
4495,44,70,5.2,28,12,0,,0
2536,80,150,2.4,57,0,0,67.0,0
3733,249,160,2.3,16,0,89,29.0,1
3888,103,95,3.8,44,0,8,3.0,1
1934,173,183,2.0,2,0,0,28.0,1
2161,207,690,0.5,29,0,0,514.0,0
1624,402,354,1.0,44,0,48,20.0,1
2770,42,59,6.2,2,14,0,,0
3352,15,56,6.5,22,41,0,28.0,1
4085,12,65,5.6,11,44,0,64.0,0
3093,89,56,6.5,35,0,33,,0
2575,89,129,2.8,32,0,0,46.0,0
4032,98,56,6.5,37,0,42,14.0,1
3161,60,84,4.3,47,0,0,,0
2170,231,175,2.1,5,0,56,18.0,1
3289,105,83,4.4,27,0,22,28.0,1
2552,52,56,6.5,51,4,0,15.0,1
2233,304,230,1.6,12,0,74,,0
3989,88,56,6.5,8,0,32,,0
1231,8,69,5.3,3,48,0,,0
2393,42,87,4.2,32,14,0,33.0,0
3504,31,91,4.0,22,25,0,57.0,0
1192,8,104,3.5,28,48,0,104.0,0
1069,105,146,2.5,26,0,0,45.0,0
4365,155,87,4.2,45,0,68,,0
3917,95,67,5.4,21,0,28,14.0,1
3918,37,64,5.7,11,19,0,,0
3940,84,56,6.5,27,0,28,,0
3192,107,169,2.2,43,0,0,76.0,0
1584,24,56,6.5,7,32,0,,0
1124,64,177,2.1,38,0,0,99.0,0
4850,59,91,4.0,43,0,0,48.0,0
4892,59,59,6.2,9,0,0,8.0,1
3423,39,147,2.5,47,17,0,109.0,0
4217,77,56,6.5,48,0,21,19.0,1
2900,80,149,2.4,59,0,0,82.0,0
4309,181,106,3.4,34,0,75,25.0,1
1740,108,56,6.5,59,0,52,20.0,1
2158,44,137,2.7,43,12,0,113.0,0
2442,62,139,2.6,26,0,0,75.0,0
1171,229,227,1.6,6,0,2,15.0,1
3886,244,194,1.9,12,0,50,6.0,1
1294,95,133,2.7,58,0,0,,0
1522,60,56,6.5,58,0,4,17.0,1
4196,452,638,0.6,37,0,0,172.0,0
3313,97,56,6.5,57,0,41,14.0,1
4199,213,192,1.9,50,0,21,22.0,1
4425,165,127,2.9,44,0,38,,0
4927,3,56,6.5,40,53,0,23.0,1
4147,42,81,4.5,55,14,0,62.0,0
3440,137,84,4.3,1,0,53,13.0,1
4029,140,255,1.4,35,0,0,142.0,0
3405,47,56,6.5,4,9,0,14.0,1
2645,53,72,5.1,40,3,0,,0
3783,4,56,6.5,50,52,0,,0
3055,215,360,1.0,8,0,0,152.0,0
1687,5,56,6.5,2,51,0,,0
1020,158,116,3.1,12,0,42,25.0,1
1207,33,83,4.4,51,23,0,48.0,0
3144,23,83,4.4,8,33,0,,0
1856,250,172,2.1,59,0,78,6.0,1
1754,373,342,1.1,41,0,31,,0
3662,86,110,3.3,31,0,0,,0
1261,70,152,2.4,21,0,0,,0
4130,115,117,3.1,31,0,0,5.0,1
3582,111,203,1.8,32,0,0,94.0,0
4400,83,62,5.9,20,0,21,19.0,1
1611,61,212,1.7,47,0,0,165.0,0
4530,328,218,1.7,19,0,110,28.0,1
3677,53,214,1.7,47,3,0,,0
3443,44,56,6.5,30,12,0,,0
1738,81,78,4.7,51,0,3,15.0,1
1184,84,109,3.3,9,0,0,14.0,1
1668,52,56,6.5,20,4,0,25.0,1
3772,69,322,1.1,18,0,0,271.0,0
3370,72,89,4.1,48,0,0,,0
4644,70,112,3.3,13,0,0,,0
1764,20,56,6.5,30,36,0,,0
2596,53,56,6.5,47,3,0,,0
2397,50,56,6.5,29,6,0,10.0,1
1215,67,107,3.4,52,0,0,,0
4101,110,154,2.4,51,0,0,35.0,0
2278,101,102,3.6,30,0,0,21.0,1
4354,16,118,3.1,47,40,0,100.0,0
4548,29,68,5.4,5,27,0,,0
2403,191,133,2.7,4,0,58,,0
1541,46,294,1.2,50,10,0,253.0,0
1867,153,158,2.3,46,0,0,,0
2206,43,172,2.1,59,13,0,118.0,0
4222,41,113,3.2,31,15,0,54.0,0
2316,29,56,6.5,42,27,0,29.0,1
3969,61,56,6.5,33,0,5,,0
1753,63,129,2.8,49,0,0,,0
1931,73,89,4.1,1,0,0,24.0,1
3267,6,127,2.9,19,50,0,143.0,0
4646,308,344,1.1,15,0,0,,0
1932,120,160,2.3,2,0,0,59.0,0
3482,346,246,1.5,4,0,100,1.0,1
1835,68,97,3.8,3,0,0,,0
3396,5,56,6.5,23,51,0,66.0,0
4563,116,85,4.3,40,0,31,29.0,1
2741,56,56,6.5,43,0,0,19.0,1
1363,118,313,1.2,53,0,0,205.0,0
4774,66,169,2.2,6,0,0,124.0,0
1492,201,136,2.7,30,0,65,18.0,1
2316,51,241,1.5,23,5,0,174.0,0
4680,23,56,6.5,41,33,0,30.0,1
1626,98,144,2.5,49,0,0,43.0,0
4582,26,56,6.5,15,30,0,49.0,0
1542,81,89,4.1,45,0,0,3.0,1
2741,76,70,5.2,47,0,6,2.0,1
2176,21,152,2.4,50,35,0,163.0,0
1456,5,108,3.4,17,51,0,106.0,0
2176,326,264,1.4,9,0,62,,0
1360,40,56,6.5,2,16,0,22.0,1
1685,67,158,2.3,50,0,0,,0
4032,139,102,3.6,53,0,37,,0
1285,74,56,6.5,41,0,18,26.0,1
1403,29,56,6.5,29,27,0,17.0,1
3326,111,79,4.6,51,0,32,10.0,1
1126,76,219,1.7,42,0,0,159.0,0
1384,90,130,2.8,46,0,0,56.0,0
3190,18,56,6.5,31,38,0,35.0,0
4092,86,80,4.6,32,0,6,,0
3333,477,452,0.8,56,0,25,4.0,1
1254,142,98,3.7,58,0,44,16.0,1
3570,37,69,5.3,1,19,0,,0
1113,174,133,2.7,30,0,41,2.0,1
4289,143,165,2.2,28,0,0,10.0,1
4997,7,62,5.9,26,49,0,53.0,0
3696,29,134,2.7,18,27,0,111.0,0
3628,58,69,5.3,56,0,0,,0
4630,96,160,2.3,1,0,0,,0
2262,23,103,3.5,41,33,0,,0
2697,162,132,2.8,52,0,30,,0
1544,61,56,6.5,48,0,5,,0
2505,12,56,6.5,19,44,0,43.0,0
4961,125,191,1.9,35,0,0,74.0,0
1064,57,84,4.3,33,0,0,27.0,1
2202,5,113,3.2,8,51,0,,0
1462,68,70,5.2,52,0,0,7.0,1
3462,27,184,2.0,49,29,0,,0
3426,4,56,6.5,27,52,0,28.0,1
1311,92,80,4.6,37,0,12,,0
4275,170,168,2.2,42,0,2,14.0,1
4526,116,230,1.6,8,0,0,145.0,0
4116,94,59,6.2,56,0,35,15.0,1
1544,193,431,0.8,58,0,0,231.0,0
4177,162,115,3.2,44,0,47,29.0,1
1991,41,56,6.5,48,15,0,2.0,1
2586,162,120,3.0,32,0,42,25.0,1
2526,22,66,5.5,19,34,0,,0
4716,182,127,2.9,30,0,55,,0
2317,66,86,4.2,36,0,0,19.0,1
2668,45,95,3.8,10,11,0,36.0,0
1055,10,56,6.5,36,46,0,72.0,0
1848,267,198,1.8,16,0,69,22.0,1
1966,44,56,6.5,3,12,0,,0
3648,29,56,6.5,22,27,0,,0
2944,8,120,3.0,51,48,0,128.0,0
3498,310,324,1.1,22,0,0,23.0,1
2331,30,67,5.4,21,26,0,14.0,1
4363,81,157,2.3,30,0,0,79.0,0
2399,286,212,1.7,27,0,74,15.0,1
4547,245,172,2.1,2,0,73,,0
3710,64,70,5.2,8,0,0,16.0,1
1903,97,56,6.5,43,0,41,6.0,1
3974,73,56,6.5,23,0,17,2.0,1
4902,17,72,5.1,39,39,0,,0
3580,50,231,1.6,38,6,0,168.0,0
4820,71,56,6.5,41,0,15,9.0,1
2634,48,157,2.3,36,8,0,,0
2000,17,56,6.5,14,39,0,,0
3920,15,97,3.8,53,41,0,72.0,0
4689,163,158,2.3,31,0,5,,0
4449,86,56,6.5,57,0,30,,0
2841,135,103,3.5,47,0,32,21.0,1
4575,47,64,5.7,51,9,0,,0
3972,266,158,2.3,19,0,108,26.0,1
4899,43,108,3.4,30,13,0,,0
1299,41,94,3.9,16,15,0,57.0,0
1216,224,313,1.2,12,0,0,82.0,0
3817,203,152,2.4,24,0,51,,0
1107,18,56,6.5,42,38,0,,0
3408,87,84,4.3,38,0,3,20.0,1
3401,28,84,4.3,32,28,0,40.0,0
2166,122,95,3.8,50,0,27,,0
1742,801,678,0.5,19,0,123,26.0,1
2958,89,121,3.0,40,0,0,31.0,0
2447,51,56,6.5,47,5,0,,0
2198,77,58,6.3,5,0,19,,0
2227,43,56,6.5,45,13,0,,0
1499,44,69,5.3,46,12,0,2.0,1
1307,84,56,6.5,47,0,28,13.0,1
4927,34,56,6.5,2,22,0,,0
2669,92,56,6.5,51,0,36,17.0,1
2733,146,122,3.0,32,0,24,21.0,1
2199,45,90,4.1,27,11,0,16.0,1
4769,37,114,3.2,2,19,0,,0
3148,5,82,4.5,37,51,0,76.0,0
4289,48,56,6.5,37,8,0,11.0,1
2666,131,135,2.7,57,0,0,10.0,1
3399,179,418,0.9,22,0,0,228.0,0
3221,17,124,2.9,34,39,0,88.0,0
3193,131,64,5.7,27,0,67,,0
4255,1,56,6.5,17,55,0,33.0,0
2883,4,56,6.5,39,52,0,,0
2440,167,129,2.8,23,0,38,,0
1144,49,212,1.7,10,7,0,,0
4871,105,110,3.3,22,0,0,28.0,1
1075,16,170,2.1,15,40,0,,0
1868,25,158,2.3,50,31,0,,0
3772,39,134,2.7,40,17,0,99.0,0
1385,53,56,6.5,36,3,0,18.0,1
2177,51,103,3.5,43,5,0,51.0,0
3214,5,56,6.5,39,51,0,49.0,0
1446,62,91,4.0,16,0,0,30.0,1
1400,144,117,3.1,56,0,27,,0
3163,241,344,1.1,55,0,0,116.0,0
2123,53,56,6.5,28,3,0,31.0,0
3081,55,132,2.8,35,1,0,92.0,0
4602,59,294,1.2,56,0,0,248.0,0
4901,60,165,2.2,32,0,0,,0
3463,127,175,2.1,52,0,0,56.0,0
3865,207,144,2.5,47,0,63,,0
1597,349,254,1.4,24,0,95,23.0,1
2521,3,56,6.5,21,53,0,50.0,0
1812,69,56,6.5,41,0,13,16.0,1
3790,90,89,4.1,19,0,1,,0
2973,12,56,6.5,32,44,0,62.0,0
1377,205,240,1.5,46,0,0,,0
3129,72,239,1.5,34,0,0,162.0,0
1882,56,63,5.8,52,0,0,28.0,1
2879,13,66,5.5,18,43,0,10.0,1
3816,22,84,4.3,11,34,0,56.0,0
4560,114,93,3.9,11,0,21,24.0,1
4393,29,99,3.7,18,27,0,91.0,0
4239,97,140,2.6,1,0,0,65.0,0
3199,52,78,4.7,40,4,0,4.0,1
3791,198,191,1.9,1,0,7,,0
4635,55,128,2.9,24,1,0,69.0,0
1001,16,56,6.5,41,40,0,,0
2724,244,261,1.4,22,0,0,21.0,1
2946,37,56,6.5,7,19,0,,0
2729,56,83,4.4,54,0,0,7.0,1
4414,21,195,1.9,17,35,0,168.0,0
2953,10,56,6.5,49,46,0,74.0,0
1957,41,115,3.2,12,15,0,70.0,0
4871,121,139,2.6,1,0,0,8.0,1
2794,46,56,6.5,3,10,0,16.0,1
3614,124,84,4.3,47,0,40,,0
1794,29,79,4.6,30,27,0,40.0,0
4275,56,57,6.4,23,0,0,25.0,1
4079,74,567,0.6,59,0,0,496.0,0
4859,35,56,6.5,8,21,0,20.0,1
2715,180,201,1.8,44,0,0,13.0,1
2529,60,65,5.6,17,0,0,7.0,1
2296,62,56,6.5,6,0,6,,0
4692,116,97,3.8,56,0,19,11.0,1
3336,178,151,2.4,12,0,27,16.0,1
1310,211,187,2.0,21,0,24,,0
3250,394,314,1.2,11,0,80,19.0,1
3376,672,730,0.5,2,0,0,92.0,0
3145,118,109,3.3,20,0,9,11.0,1
1363,12,56,6.5,48,44,0,,0
3040,52,129,2.8,20,4,0,84.0,0
2514,47,72,5.1,31,9,0,,0
2935,49,188,1.9,36,7,0,117.0,0
2882,56,56,6.5,24,0,0,,0
2102,593,598,0.6,22,0,0,,0
1319,5,178,2.1,9,51,0,175.0,0
4159,49,56,6.5,58,7,0,,0
1356,8,56,6.5,49,48,0,16.0,1
4440,24,172,2.1,17,32,0,133.0,0
1167,251,230,1.6,34,0,21,3.0,1
3233,14,56,6.5,53,42,0,,0
1594,206,159,2.3,11,0,47,14.0,1
2012,54,56,6.5,6,2,0,9.0,1
4094,80,83,4.4,59,0,0,,0
1614,291,219,1.7,51,0,72,9.0,1
3398,3,57,6.4,49,53,0,,0
4421,22,56,6.5,23,34,0,63.0,0
2542,14,101,3.6,48,42,0,67.0,0
3490,69,56,6.5,49,0,13,19.0,1
4180,59,148,2.5,55,0,0,,0
1826,102,56,6.5,57,0,46,,0
4441,68,56,6.5,47,0,12,20.0,1
3818,71,56,6.5,45,0,15,,0
4557,126,103,3.5,49,0,23,23.0,1
1111,40,79,4.6,40,16,0,,0
3333,81,56,6.5,26,0,25,,0
3811,2,105,3.5,9,54,0,86.0,0
3441,158,204,1.8,8,0,0,25.0,1
2121,16,75,4.9,49,40,0,58.0,0
3572,83,111,3.3,52,0,0,,0
1166,33,112,3.3,46,23,0,79.0,0
2612,24,56,6.5,26,32,0,,0
3495,613,466,0.8,52,0,147,16.0,1
2304,60,61,6.0,12,0,0,5.0,1
3216,48,152,2.4,33,8,0,104.0,0
3273,11,166,2.2,45,45,0,,0
2959,41,80,4.6,7,15,0,,0
4389,193,146,2.5,55,0,47,,0
1039,9,109,3.3,16,47,0,105.0,0
1487,38,56,6.5,26,18,0,6.0,1
2441,57,69,5.3,25,0,0,15.0,1
3382,51,56,6.5,56,5,0,26.0,1
2538,47,62,5.9,35,9,0,18.0,1
1435,15,56,6.5,43,41,0,56.0,0
3298,351,221,1.7,29,0,130,2.0,1
4885,335,324,1.1,50,0,11,29.0,1
4925,107,196,1.9,42,0,0,76.0,0
2121,247,248,1.5,28,0,0,13.0,1
1324,20,68,5.4,16,36,0,49.0,0
4880,82,56,6.5,19,0,26,,0
1469,60,56,6.5,40,0,4,6.0,1
4899,131,150,2.4,6,0,0,,0
4740,44,107,3.4,27,12,0,,0
3951,52,84,4.3,3,4,0,28.0,1
4937,302,253,1.4,34,0,49,22.0,1
3563,139,124,2.9,17,0,15,8.0,1
3549,28,56,6.5,32,28,0,21.0,1
4059,18,56,6.5,24,38,0,24.0,1
4352,148,155,2.4,35,0,0,9.0,1
2275,223,207,1.8,35,0,16,3.0,1
3481,136,139,2.6,32,0,0,18.0,1
4326,97,410,0.9,53,0,0,301.0,0
2430,278,332,1.1,15,0,0,43.0,0
1408,138,128,2.9,37,0,10,3.0,1
4937,67,56,6.5,25,0,11,,0
2349,9,56,6.5,21,47,0,37.0,0
2121,98,66,5.5,14,0,32,2.0,1
4220,161,164,2.2,23,0,0,31.0,0
3155,208,388,0.9,55,0,0,201.0,0
1349,214,125,2.9,7,0,89,28.0,1
3170,276,229,1.6,5,0,47,,0
4383,113,73,5.0,14,0,40,,0
1258,173,148,2.5,19,0,25,,0
2614,228,173,2.1,43,0,55,,0
3452,84,56,6.5,7,0,28,24.0,1
4282,109,64,5.7,8,0,45,3.0,1
3002,3,192,1.9,4,53,0,175.0,0
1176,23,112,3.3,6,33,0,95.0,0
2837,35,56,6.5,37,21,0,,0
3429,65,56,6.5,10,0,9,15.0,1
4958,18,67,5.4,50,38,0,39.0,0
4917,25,85,4.3,49,31,0,25.0,1
2603,66,56,6.5,14,0,10,9.0,1
1286,173,100,3.6,13,0,73,,0
3349,140,134,2.7,38,0,6,10.0,1
2994,124,153,2.4,48,0,0,21.0,1
1939,56,56,6.5,42,0,0,12.0,1
4372,29,56,6.5,54,27,0,35.0,0
1458,50,70,5.2,7,6,0,12.0,1
1944,130,142,2.6,21,0,0,,0
1771,228,133,2.7,33,0,95,18.0,1
4708,201,131,2.8,11,0,70,2.0,1
2743,30,66,5.5,6,26,0,40.0,0
3488,22,69,5.3,36,34,0,49.0,0
3359,46,56,6.5,11,10,0,12.0,1
3213,44,166,2.2,55,12,0,91.0,0
3309,35,56,6.5,34,21,0,39.0,0
4921,265,177,2.1,30,0,88,11.0,1
3548,25,106,3.4,9,31,0,90.0,0
2752,105,86,4.2,7,0,19,17.0,1
3967,72,56,6.5,46,0,16,3.0,1
3995,33,56,6.5,37,23,0,9.0,1
4878,40,56,6.5,18,16,0,28.0,1
1110,81,69,5.3,49,0,12,26.0,1
2096,16,56,6.5,29,40,0,5.0,1
3212,37,76,4.8,21,19,0,,0
2633,250,188,1.9,14,0,62,20.0,1
2441,212,141,2.6,16,0,71,28.0,1
3430,75,60,6.1,26,0,15,10.0,1
4111,80,93,3.9,53,0,0,,0
4319,5,57,6.4,31,51,0,,0
2191,84,101,3.6,59,0,0,17.0,1
4876,235,308,1.2,51,0,0,,0
2661,270,195,1.9,57,0,75,22.0,1
1987,146,136,2.7,11,0,10,,0
4121,55,60,6.1,32,1,0,1.0,1
2519,162,164,2.2,26,0,0,11.0,1
1778,89,56,6.5,33,0,33,,0
4789,25,73,5.0,37,31,0,22.0,1
4898,197,143,2.6,11,0,54,,0
4993,222,162,2.3,20,0,60,,0
4003,105,153,2.4,13,0,0,43.0,0
4835,90,113,3.2,34,0,0,25.0,1
4591,133,76,4.8,33,0,57,13.0,1
3843,17,138,2.6,58,39,0,,0
4795,59,56,6.5,43,0,3,,0
3619,59,56,6.5,4,0,3,14.0,1
3815,96,94,3.9,54,0,2,1.0,1
3392,145,103,3.5,8,0,42,,0
4337,51,56,6.5,58,5,0,24.0,1
1574,74,129,2.8,50,0,0,63.0,0
4260,123,167,2.2,11,0,0,17.0,1
2013,112,84,4.3,2,0,28,17.0,1
2354,20,601,0.6,22,36,0,593.0,0
1153,71,56,6.5,4,0,15,,0
2686,63,67,5.4,42,0,0,,0
2982,62,65,5.6,25,0,0,10.0,1
2682,78,84,4.3,52,0,0,9.0,1
4217,22,69,5.3,44,34,0,34.0,0
2201,23,56,6.5,50,33,0,,0
1146,22,58,6.3,15,34,0,26.0,1
2766,67,83,4.4,12,0,0,1.0,1
3791,64,240,1.5,33,0,0,175.0,0
1270,173,524,0.7,32,0,0,365.0,0
1015,232,262,1.4,6,0,0,18.0,1
3963,32,56,6.5,43,24,0,35.0,0
4583,28,56,6.5,1,28,0,17.0,1
1146,19,79,4.6,38,37,0,75.0,0
4018,362,375,1.0,40,0,0,,0
3502,144,78,4.7,38,0,66,7.0,1
4474,72,56,6.5,20,0,16,4.0,1
4415,86,60,6.1,44,0,26,,0
4870,200,164,2.2,50,0,36,8.0,1
2711,182,156,2.3,5,0,26,24.0,1
2031,69,76,4.8,37,0,0,38.0,0
1049,32,155,2.4,40,24,0,,0
2724,79,56,6.5,51,0,23,,0
4671,137,97,3.8,2,0,40,,0
3951,10,179,2.0,14,46,0,161.0,0
1012,5,56,6.5,17,51,0,38.0,0
2225,95,56,6.5,50,0,39,,0
1658,14,56,6.5,18,42,0,10.0,1
1433,299,321,1.1,17,0,0,,0
4478,105,56,6.5,40,0,49,17.0,1
2976,56,109,3.3,31,0,0,32.0,0
4945,49,145,2.5,56,7,0,,0
4936,430,301,1.2,42,0,129,,0
3205,84,79,4.6,31,0,5,22.0,1
1989,41,58,6.3,36,15,0,12.0,1
3972,28,103,3.5,19,28,0,,0
4556,278,251,1.5,32,0,27,15.0,1
3620,17,78,4.7,17,39,0,61.0,0
4618,20,56,6.5,24,36,0,60.0,0
4464,19,56,6.5,45,37,0,24.0,1
2991,25,56,6.5,40,31,0,,0
2391,163,179,2.0,4,0,0,3.0,1
2816,69,69,5.3,5,0,0,17.0,1
1376,13,56,6.5,52,43,0,14.0,1
4177,2,56,6.5,53,54,0,,0
1831,126,96,3.8,47,0,30,,0
3418,5,74,4.9,59,51,0,,0
3157,28,72,5.1,52,28,0,35.0,0
4062,376,264,1.4,41,0,112,,0
2828,407,308,1.2,1,0,99,18.0,1
3341,28,56,6.5,26,28,0,,0
2287,118,116,3.1,42,0,2,20.0,1
3378,58,56,6.5,3,0,2,6.0,1
3471,4,73,5.0,23,52,0,87.0,0
3326,59,115,3.2,13,0,0,61.0,0
3271,75,75,4.9,22,0,0,,0
3220,172,108,3.4,31,0,64,4.0,1
4200,187,154,2.4,8,0,33,12.0,1
4055,140,113,3.2,30,0,27,,0
1245,54,56,6.5,46,2,0,10.0,1
3568,56,56,6.5,12,0,0,31.0,0
3343,73,56,6.5,22,0,17,1.0,1
3203,2,56,6.5,43,54,0,61.0,0
1608,525,432,0.8,15,0,93,24.0,1
1351,21,56,6.5,30,35,0,17.0,1
4719,66,56,6.5,24,0,10,4.0,1
1292,41,116,3.1,49,15,0,68.0,0
4793,87,82,4.5,25,0,5,4.0,1
4526,57,76,4.8,53,0,0,6.0,1
4345,328,277,1.3,58,0,51,29.0,1
4183,180,139,2.6,2,0,41,19.0,1
1715,43,58,6.3,1,13,0,,0
4523,2,64,5.7,20,54,0,51.0,0
1076,55,60,6.1,45,1,0,,0
2610,178,181,2.0,44,0,0,,0
1079,45,70,5.2,26,11,0,,0
4627,27,56,6.5,8,29,0,,0
4149,40,86,4.2,19,16,0,22.0,1
1911,78,56,6.5,31,0,22,22.0,1
1435,444,516,0.7,15,0,0,55.0,0
4764,52,56,6.5,42,4,0,9.0,1
4797,80,79,4.6,52,0,1,22.0,1
4857,43,110,3.3,2,13,0,64.0,0
4260,70,71,5.1,2,0,0,23.0,1
2816,3,71,5.1,50,53,0,,0
1034,182,126,2.9,58,0,56,,0
1582,456,305,1.2,29,0,151,19.0,1
1211,165,166,2.2,33,0,0,21.0,1
1282,56,293,1.2,10,0,0,255.0,0
3780,41,56,6.5,48,15,0,21.0,1
3185,32,116,3.1,46,24,0,66.0,0
1586,91,101,3.6,58,0,0,15.0,1
3963,151,119,3.1,21,0,32,,0
2696,297,270,1.4,21,0,27,28.0,1
2770,100,75,4.9,43,0,25,15.0,1
1484,67,65,5.6,13,0,2,16.0,1
3805,33,137,2.7,51,23,0,86.0,0
4276,65,56,6.5,16,0,9,,0
4407,77,74,4.9,19,0,3,24.0,1
4978,45,80,4.6,24,11,0,,0
3500,77,56,6.5,58,0,21,26.0,1
3533,117,209,1.7,23,0,0,70.0,0
1834,5,56,6.5,4,51,0,38.0,0
3746,74,80,4.6,31,0,0,21.0,1
3047,39,113,3.2,8,17,0,60.0,0
2460,104,265,1.4,42,0,0,155.0,0
3469,34,89,4.1,25,22,0,,0
2161,83,190,1.9,54,0,0,91.0,0
1005,186,157,2.3,23,0,29,10.0,1
4284,42,99,3.7,11,14,0,46.0,0
4166,4,56,6.5,28,52,0,40.0,0
3977,69,56,6.5,45,0,13,14.0,1
3608,21,98,3.7,23,35,0,,0
4838,13,58,6.3,45,43,0,29.0,1
2823,173,187,2.0,53,0,0,20.0,1
1284,193,163,2.2,45,0,30,26.0,1
1377,105,77,4.7,43,0,28,,0
3549,20,56,6.5,48,36,0,9.0,1
3496,173,135,2.7,47,0,38,27.0,1
3464,88,56,6.5,36,0,32,,0
1741,18,56,6.5,34,38,0,18.0,1
1784,49,56,6.5,48,7,0,1.0,1
4169,18,80,4.6,11,38,0,55.0,0
1560,35,229,1.6,49,21,0,196.0,0
4727,94,89,4.1,8,0,5,20.0,1
3182,37,63,5.8,34,19,0,21.0,1
2763,73,56,6.5,8,0,17,18.0,1
3828,111,140,2.6,57,0,0,12.0,1
2747,24,56,6.5,52,32,0,,0
3435,97,98,3.7,17,0,0,,0
2342,44,67,5.4,22,12,0,18.0,1
2220,126,176,2.1,8,0,0,42.0,0
1975,76,79,4.6,1,0,0,11.0,1
1123,104,85,4.3,14,0,19,2.0,1
4400,15,132,2.8,5,41,0,113.0,0
3794,490,485,0.8,27,0,5,,0
2867,4,183,2.0,48,52,0,183.0,0
1077,106,83,4.4,49,0,23,8.0,1
2806,7,90,4.1,23,49,0,91.0,0
3948,22,59,6.2,54,34,0,,0
4881,32,56,6.5,12,24,0,,0
4345,95,57,6.4,52,0,38,1.0,1
2863,33,56,6.5,30,23,0,,0
3183,69,151,2.4,8,0,0,100.0,0
4544,7,56,6.5,40,49,0,33.0,0
4395,207,261,1.4,2,0,0,40.0,0
1370,72,164,2.2,5,0,0,94.0,0
1153,72,91,4.0,13,0,0,17.0,1
2610,55,90,4.1,17,1,0,19.0,1
3885,98,57,6.4,35,0,41,15.0,1
1416,72,111,3.3,15,0,0,37.0,0
2045,269,214,1.7,12,0,55,6.0,1
1255,19,56,6.5,35,37,0,28.0,1
1988,37,56,6.5,42,19,0,,0
2604,233,157,2.3,48,0,76,,0
2664,42,116,3.1,51,14,0,61.0,0
1853,50,56,6.5,3,6,0,9.0,1
1034,69,56,6.5,10,0,13,11.0,1
2207,40,56,6.5,2,16,0,,0
2246,64,56,6.5,15,0,8,8.0,1
2149,90,69,5.3,55,0,21,11.0,1
4906,58,72,5.1,7,0,0,5.0,1
4714,110,56,6.5,20,0,54,12.0,1
4270,31,56,6.5,8,25,0,,0
3176,62,74,4.9,47,0,0,5.0,1
1809,74,102,3.6,26,0,0,13.0,1
4641,20,69,5.3,58,36,0,69.0,0
4927,109,227,1.6,8,0,0,118.0,0
4059,172,135,2.7,30,0,37,24.0,1
2252,17,56,6.5,45,39,0,41.0,0
3269,165,136,2.7,20,0,29,23.0,1
3783,111,146,2.5,54,0,0,66.0,0
1863,74,63,5.8,54,0,11,,0
2620,17,56,6.5,31,39,0,15.0,1
4823,95,90,4.1,29,0,5,7.0,1
4519,44,89,4.1,53,12,0,62.0,0
3511,42,56,6.5,30,14,0,25.0,1
2283,26,56,6.5,31,30,0,24.0,1
2530,18,83,4.4,4,38,0,87.0,0
2040,9,74,4.9,29,47,0,45.0,0
1588,37,64,5.7,44,19,0,21.0,1
1354,29,84,4.3,30,27,0,81.0,0
3983,9,56,6.5,57,47,0,,0
2441,80,63,5.8,22,0,17,2.0,1
1439,2,137,2.7,55,54,0,89.0,0
1522,1,68,5.4,32,55,0,63.0,0
1995,19,56,6.5,12,37,0,,0
4032,18,61,6.0,30,38,0,,0
2319,20,56,6.5,5,36,0,54.0,0
1652,73,111,3.3,2,0,0,17.0,1
1663,175,116,3.1,59,0,59,15.0,1
4171,54,56,6.5,6,2,0,18.0,1
4361,34,165,2.2,43,22,0,,0
2159,2,56,6.5,43,54,0,61.0,0
4318,195,313,1.2,35,0,0,111.0,0
3257,30,86,4.2,10,26,0,,0
1902,3,56,6.5,16,53,0,,0
1317,13,56,6.5,48,43,0,,0
2008,40,118,3.1,22,16,0,80.0,0
2581,29,65,5.6,51,27,0,,0
4285,85,83,4.4,14,0,2,2.0,1
2222,246,327,1.1,40,0,0,71.0,0
1126,7,56,6.5,16,49,0,25.0,1
2405,43,94,3.9,48,13,0,40.0,0
3060,369,280,1.3,39,0,89,,0
3433,70,111,3.3,1,0,0,38.0,0
3795,58,56,6.5,16,0,2,24.0,1
4841,171,134,2.7,20,0,37,15.0,1
2052,57,56,6.5,32,0,1,,0
1858,201,277,1.3,2,0,0,70.0,0
1487,61,56,6.5,59,0,5,,0
4409,849,730,0.5,59,0,119,,0
2977,372,291,1.3,59,0,81,6.0,1
4585,4,56,6.5,22,52,0,33.0,0
2978,109,91,4.0,5,0,18,24.0,1
3996,170,164,2.2,2,0,6,,0
1707,42,168,2.2,49,14,0,,0
1316,50,128,2.9,39,6,0,92.0,0
3733,289,245,1.5,44,0,44,20.0,1
4399,34,81,4.5,41,22,0,36.0,0
1611,113,67,5.4,32,0,46,21.0,1
1570,44,68,5.4,57,12,0,13.0,1
1303,218,178,2.1,11,0,40,,0
2928,136,120,3.0,26,0,16,16.0,1
3449,57,113,3.2,51,0,0,,0
2329,225,170,2.1,31,0,55,21.0,1
2877,100,56,6.5,15,0,44,28.0,1
1748,92,115,3.2,12,0,0,23.0,1
4274,118,107,3.4,54,0,11,29.0,1
4226,418,342,1.1,26,0,76,,0
1415,68,56,6.5,47,0,12,,0
4393,357,312,1.2,49,0,45,,0
3625,25,95,3.8,11,31,0,34.0,0
1221,145,133,2.7,49,0,12,,0
4861,166,344,1.1,22,0,0,,0
4413,69,140,2.6,28,0,0,48.0,0
3199,35,124,2.9,22,21,0,95.0,0
4930,60,109,3.3,21,0,0,22.0,1
3762,16,61,6.0,44,40,0,21.0,1
4980,88,87,4.2,54,0,1,14.0,1
2913,13,56,6.5,10,43,0,23.0,1
1730,102,86,4.2,53,0,16,17.0,1
3190,36,56,6.5,38,20,0,,0
2007,117,126,2.9,25,0,0,,0
3415,30,81,4.5,39,26,0,40.0,0
1432,76,68,5.4,14,0,8,11.0,1
1656,86,107,3.4,48,0,0,,0
4366,2,56,6.5,35,54,0,,0
1712,57,421,0.9,9,0,0,379.0,0
2110,122,82,4.5,38,0,40,3.0,1
3051,20,80,4.6,37,36,0,43.0,0
1440,15,56,6.5,4,41,0,45.0,0
2550,16,91,4.0,15,40,0,,0
2194,152,273,1.3,29,0,0,112.0,0
1891,148,206,1.8,10,0,0,48.0,0
4998,8,178,2.1,33,48,0,158.0,0
4333,78,139,2.6,7,0,0,,0
4033,47,67,5.4,53,9,0,15.0,1
4904,47,56,6.5,17,9,0,8.0,1
2365,18,76,4.8,4,38,0,52.0,0
2053,96,74,4.9,10,0,22,,0
3873,165,208,1.8,1,0,0,48.0,0
1085,92,115,3.2,42,0,0,23.0,1
2760,411,326,1.1,20,0,85,17.0,1
4639,351,234,1.6,7,0,117,2.0,1
1708,3,62,5.9,9,53,0,57.0,0
3467,8,56,6.5,32,48,0,,0
1301,251,272,1.3,28,0,0,33.0,0
4017,211,267,1.4,28,0,0,62.0,0
4456,21,56,6.5,2,35,0,,0
4316,416,301,1.2,4,0,115,21.0,1
2419,14,122,3.0,17,42,0,91.0,0
2904,69,102,3.6,6,0,0,45.0,0
4650,172,327,1.1,8,0,0,,0
3172,268,263,1.4,46,0,5,,0
3057,60,151,2.4,12,0,0,85.0,0
4584,40,131,2.8,19,16,0,94.0,0
3041,171,147,2.5,59,0,24,22.0,1
4346,23,65,5.6,29,33,0,35.0,0
4921,42,86,4.2,32,14,0,,0
1748,36,56,6.5,28,20,0,,0
2395,17,68,5.4,5,39,0,53.0,0
4678,118,67,5.4,43,0,51,,0
1182,102,56,6.5,49,0,46,,0
1688,33,100,3.6,12,23,0,,0
4254,26,69,5.3,5,30,0,11.0,1
4285,49,134,2.7,33,7,0,97.0,0
2859,9,56,6.5,53,47,0,16.0,1
1808,16,82,4.5,31,40,0,59.0,0
4254,6,100,3.6,25,50,0,51.0,0
4017,17,70,5.2,7,39,0,,0
1457,9,78,4.7,39,47,0,62.0,0
1718,45,56,6.5,25,11,0,26.0,1
2604,152,119,3.1,29,0,33,,0
2905,122,151,2.4,11,0,0,29.0,1
3730,147,133,2.7,21,0,14,14.0,1
2516,177,206,1.8,56,0,0,,0
3512,90,105,3.5,23,0,0,39.0,0
2105,152,132,2.8,6,0,20,,0
1312,79,101,3.6,38,0,0,36.0,0
2839,231,156,2.3,23,0,75,24.0,1
1817,8,56,6.5,10,48,0,,0
4012,74,56,6.5,35,0,18,1.0,1
4975,31,320,1.1,59,25,0,311.0,0
3743,44,56,6.5,5,12,0,12.0,1
1621,22,80,4.6,18,34,0,85.0,0
4034,100,229,1.6,21,0,0,,0
2240,43,83,4.4,15,13,0,30.0,1
1115,23,65,5.6,12,33,0,68.0,0
2433,43,99,3.7,40,13,0,37.0,0
2644,14,67,5.4,7,42,0,58.0,0
4350,83,92,4.0,28,0,0,1.0,1
4624,71,56,6.5,35,0,15,,0
1086,302,218,1.7,7,0,84,,0
4164,25,281,1.3,18,31,0,,0
2248,102,80,4.6,48,0,22,15.0,1
4386,82,56,6.5,20,0,26,,0
3302,38,59,6.2,26,18,0,19.0,1
4061,29,77,4.7,34,27,0,,0
4345,90,134,2.7,39,0,0,62.0,0
3374,31,56,6.5,37,25,0,,0
3271,92,56,6.5,14,0,36,25.0,1
2000,135,135,2.7,15,0,0,8.0,1
2734,70,190,1.9,16,0,0,121.0,0
4963,60,56,6.5,57,0,4,16.0,1
1135,17,56,6.5,23,39,0,59.0,0
2649,765,730,0.5,34,0,35,7.0,1
2465,153,168,2.2,20,0,0,,0
4028,3,72,5.1,19,53,0,,0
1361,59,180,2.0,10,0,0,,0
4344,23,81,4.5,50,33,0,56.0,0
2842,91,180,2.0,34,0,0,,0
4488,76,102,3.6,40,0,0,37.0,0
4869,85,96,3.8,38,0,0,,0
1577,89,82,4.5,51,0,7,,0
2211,37,56,6.5,8,19,0,7.0,1
4757,313,424,0.9,51,0,0,117.0,0
4043,45,56,6.5,21,11,0,4.0,1
2301,91,56,6.5,1,0,35,23.0,1
4103,10,75,4.9,45,46,0,59.0,0
4056,71,56,6.5,49,0,15,2.0,1
3456,80,86,4.2,42,0,0,28.0,1
3800,45,156,2.3,18,11,0,109.0,0
1135,266,199,1.8,59,0,67,27.0,1
3016,2,172,2.1,55,54,0,168.0,0
2086,21,70,5.2,49,35,0,23.0,1
4612,36,93,3.9,23,20,0,57.0,0
1208,14,124,2.9,16,42,0,,0
3087,35,56,6.5,47,21,0,52.0,0
2708,120,142,2.6,42,0,0,36.0,0
1513,58,56,6.5,25,0,2,13.0,1
2791,415,460,0.8,5,0,0,40.0,0
2840,26,65,5.6,11,30,0,58.0,0
4046,83,77,4.7,43,0,6,26.0,1
2263,47,56,6.5,46,9,0,15.0,1
1752,82,56,6.5,6,0,26,,0
3590,148,555,0.7,47,0,0,393.0,0
3627,34,191,1.9,14,22,0,,0
4305,19,56,6.5,44,37,0,40.0,0
3393,223,299,1.2,26,0,0,75.0,0
2416,38,233,1.6,27,18,0,,0
1990,28,71,5.1,55,28,0,10.0,1
2033,93,115,3.2,14,0,0,2.0,1
1050,21,88,4.1,56,35,0,60.0,0
4781,529,436,0.8,43,0,93,1.0,1
2195,26,56,6.5,29,30,0,28.0,1
4097,179,101,3.6,18,0,78,9.0,1
4274,33,63,5.8,18,23,0,36.0,0
2358,66,56,6.5,14,0,10,11.0,1
4704,626,519,0.7,57,0,107,11.0,1
4539,25,56,6.5,54,31,0,10.0,1
1973,10,107,3.4,7,46,0,89.0,0
1747,23,56,6.5,28,33,0,27.0,1
2019,71,65,5.6,5,0,6,3.0,1
2010,109,126,2.9,49,0,0,,0
1916,32,56,6.5,40,24,0,36.0,0
1619,2,143,2.6,49,54,0,,0
2626,43,72,5.1,15,13,0,36.0,0
3077,75,227,1.6,49,0,0,155.0,0
1710,174,267,1.4,34,0,0,87.0,0
1228,14,56,6.5,5,42,0,49.0,0
2678,49,95,3.8,52,7,0,,0
3639,91,104,3.5,4,0,0,24.0,1
4194,118,147,2.5,17,0,0,33.0,0
1234,80,91,4.0,1,0,0,35.0,0
4514,8,104,3.5,10,48,0,92.0,0
4155,47,74,4.9,34,9,0,36.0,0
3672,82,98,3.7,50,0,0,28.0,1
1869,241,254,1.4,33,0,0,27.0,1
3387,228,150,2.4,42,0,78,4.0,1
1837,78,157,2.3,27,0,0,73.0,0
3923,225,160,2.3,24,0,65,9.0,1
2523,53,79,4.6,51,3,0,,0
3663,58,116,3.1,56,0,0,,0
1659,59,56,6.5,53,0,3,6.0,1
4268,228,248,1.5,43,0,0,16.0,1
4892,66,56,6.5,28,0,10,,0
4274,98,83,4.4,19,0,15,23.0,1
2153,260,224,1.6,54,0,36,,0
4741,41,56,6.5,2,15,0,,0
3695,55,123,3.0,59,1,0,103.0,0
3855,45,56,6.5,1,11,0,23.0,1
2913,53,67,5.4,45,3,0,,0
2671,168,191,1.9,25,0,0,24.0,1
4728,96,105,3.5,3,0,0,,0
2766,50,56,6.5,7,6,0,7.0,1
2122,48,56,6.5,25,8,0,,0
2053,182,196,1.9,15,0,0,6.0,1
3432,131,128,2.9,52,0,3,,0
1196,220,364,1.0,57,0,0,147.0,0
1063,199,345,1.1,4,0,0,155.0,0
4535,63,68,5.4,2,0,0,16.0,1
3083,11,666,0.5,6,45,0,627.0,0
3638,28,91,4.0,57,28,0,,0
3038,17,56,6.5,35,39,0,22.0,1
3736,74,56,6.5,34,0,18,8.0,1
3128,8,56,6.5,21,48,0,19.0,1
4788,443,325,1.1,55,0,118,5.0,1
3583,294,322,1.1,59,0,0,,0
1618,63,56,6.5,22,0,7,6.0,1
1751,22,75,4.9,52,34,0,59.0,0
4715,34,97,3.8,41,22,0,51.0,0
3798,46,56,6.5,29,10,0,31.0,0
4563,1,56,6.5,49,55,0,45.0,0
1378,89,76,4.8,14,0,13,15.0,1
2645,53,69,5.3,46,3,0,1.0,1
1588,24,65,5.6,42,32,0,,0
4517,71,107,3.4,49,0,0,,0
2532,15,282,1.3,7,41,0,273.0,0
2672,21,70,5.2,5,35,0,39.0,0
3841,75,103,3.5,15,0,0,4.0,1
1814,55,161,2.3,52,1,0,107.0,0
2935,70,140,2.6,48,0,0,,0
2257,54,56,6.5,14,2,0,4.0,1
2188,81,97,3.8,37,0,0,4.0,1
1106,172,139,2.6,35,0,33,23.0,1
1453,36,56,6.5,49,20,0,2.0,1
2290,289,247,1.5,57,0,42,11.0,1
2921,253,282,1.3,28,0,0,,0
2658,44,56,6.5,37,12,0,4.0,1
2618,59,105,3.5,26,0,0,,0
2814,43,150,2.4,6,13,0,104.0,0
4246,72,58,6.3,48,0,14,10.0,1
3877,154,132,2.8,47,0,22,22.0,1
1331,90,102,3.6,8,0,0,17.0,1
2574,52,56,6.5,10,4,0,27.0,1
3437,7,129,2.8,46,49,0,,0
2002,43,56,6.5,22,13,0,1.0,1
2443,12,190,1.9,10,44,0,158.0,0
1445,76,56,6.5,19,0,20,6.0,1
3363,31,79,4.6,32,25,0,53.0,0
2645,200,269,1.4,14,0,0,,0
4049,64,133,2.7,24,0,0,,0
4406,16,56,6.5,18,40,0,,0
3851,68,56,6.5,55,0,12,4.0,1
2612,13,56,6.5,54,43,0,60.0,0
2351,14,123,3.0,27,42,0,73.0,0
3008,171,119,3.1,18,0,52,3.0,1
2367,48,56,6.5,4,8,0,,0
2182,72,56,6.5,29,0,16,,0
1679,33,112,3.3,31,23,0,81.0,0
4131,42,77,4.7,3,14,0,,0
3444,192,505,0.7,17,0,0,,0
4932,38,92,4.0,3,18,0,43.0,0
1479,303,384,1.0,7,0,0,72.0,0
3794,1,56,6.5,31,55,0,,0
3596,51,56,6.5,27,5,0,7.0,1
2274,23,56,6.5,38,33,0,46.0,0
3108,13,233,1.6,3,43,0,,0
1657,466,366,1.0,13,0,100,12.0,1
1985,39,56,6.5,18,17,0,,0
1401,44,62,5.9,22,12,0,8.0,1
2953,42,56,6.5,45,14,0,11.0,1
1309,123,56,6.5,12,0,67,19.0,1
2401,247,159,2.3,39,0,88,20.0,1
2310,136,107,3.4,50,0,29,19.0,1
2614,36,90,4.1,55,20,0,31.0,0
4748,48,56,6.5,19,8,0,,0
4411,466,334,1.1,46,0,132,,0
3907,24,60,6.1,30,32,0,,0
4651,55,137,2.7,54,1,0,,0
4015,77,56,6.5,53,0,21,,0
1953,14,77,4.7,44,42,0,92.0,0
1895,73,113,3.2,31,0,0,17.0,1
2233,30,116,3.1,17,26,0,,0
4423,158,101,3.6,28,0,57,,0
3996,3,133,2.7,41,53,0,125.0,0
2622,67,56,6.5,4,0,11,6.0,1
1061,144,105,3.5,5,0,39,,0
4150,4,98,3.7,35,52,0,93.0,0
4819,28,108,3.4,7,28,0,,0
1262,73,95,3.8,16,0,0,15.0,1
1879,51,56,6.5,26,5,0,3.0,1
2182,17,56,6.5,20,39,0,,0
1254,62,56,6.5,4,0,6,,0
1863,81,173,2.1,32,0,0,,0
1039,84,174,2.1,9,0,0,,0
2613,42,176,2.1,3,14,0,113.0,0
3386,42,115,3.2,53,14,0,94.0,0
4761,33,56,6.5,51,23,0,8.0,1
4047,8,56,6.5,32,48,0,42.0,0
3127,112,103,3.5,45,0,9,14.0,1
4976,111,100,3.6,50,0,11,8.0,1
1192,5,75,4.9,54,51,0,56.0,0
1024,39,120,3.0,56,17,0,,0
2671,113,90,4.1,53,0,23,12.0,1
4366,18,99,3.7,2,38,0,,0
4231,1,56,6.5,28,55,0,,0
1775,247,197,1.9,5,0,50,18.0,1
1652,6,63,5.8,14,50,0,42.0,0
2730,89,56,6.5,45,0,33,,0
2217,48,56,6.5,10,8,0,,0
3924,62,68,5.4,44,0,0,21.0,1
1923,121,199,1.8,32,0,0,79.0,0
3563,10,87,4.2,38,46,0,75.0,0
2302,53,77,4.7,47,3,0,27.0,1
2313,86,56,6.5,28,0,30,,0
2974,77,168,2.2,1,0,0,119.0,0
4910,28,56,6.5,3,28,0,19.0,1
3653,93,83,4.4,39,0,10,26.0,1
4257,360,294,1.2,25,0,66,,0
3376,35,135,2.7,30,21,0,86.0,0
2298,69,56,6.5,56,0,13,1.0,1
2672,63,56,6.5,36,0,7,,0
2558,65,85,4.3,38,0,0,46.0,0
2738,23,56,6.5,58,33,0,,0
1524,145,151,2.4,30,0,0,11.0,1
2500,55,93,3.9,15,1,0,37.0,0
4998,136,102,3.6,31,0,34,,0
4399,23,56,6.5,43,33,0,,0
1365,217,362,1.0,25,0,0,140.0,0
2810,264,730,0.5,23,0,0,462.0,0
2028,33,72,5.1,46,23,0,20.0,1
2007,58,119,3.1,26,0,0,,0
1474,65,97,3.8,59,0,0,,0
2446,57,73,5.0,50,0,0,5.0,1
4447,17,56,6.5,22,39,0,48.0,0
2933,77,56,6.5,16,0,21,,0
2173,26,56,6.5,56,30,0,,0
4477,27,124,2.9,17,29,0,80.0,0
3820,8,59,6.2,27,48,0,49.0,0
1445,48,56,6.5,17,8,0,29.0,1
2459,104,128,2.9,17,0,0,,0
4919,133,87,4.2,20,0,46,17.0,1
4494,266,264,1.4,2,0,2,26.0,1
1793,26,121,3.0,55,30,0,92.0,0
3164,58,56,6.5,36,0,2,25.0,1
4663,12,56,6.5,23,44,0,16.0,1
4196,84,56,6.5,28,0,28,,0
4511,60,56,6.5,26,0,4,1.0,1
1395,159,191,1.9,43,0,0,44.0,0
2840,85,89,4.1,50,0,0,3.0,1
2675,289,222,1.6,45,0,67,10.0,1
4423,5,56,6.5,51,51,0,32.0,0
3436,102,194,1.9,12,0,0,100.0,0
1611,169,160,2.3,17,0,9,20.0,1
2627,8,56,6.5,41,48,0,72.0,0
4573,98,259,1.4,28,0,0,,0
4707,141,97,3.8,11,0,44,19.0,1
3806,59,123,3.0,38,0,0,71.0,0
1434,7,56,6.5,45,49,0,34.0,0
2259,134,249,1.5,11,0,0,,0
4587,49,56,6.5,15,7,0,,0
3406,152,175,2.1,26,0,0,20.0,1
4942,78,173,2.1,29,0,0,75.0,0
4676,27,56,6.5,26,29,0,31.0,0
1978,400,439,0.8,23,0,0,52.0,0
1792,13,108,3.4,11,43,0,,0
2762,144,151,2.4,4,0,0,,0
3711,44,56,6.5,52,12,0,27.0,1
2207,559,489,0.7,10,0,70,,0
1274,33,56,6.5,42,23,0,23.0,1
4862,106,204,1.8,40,0,0,88.0,0
3910,95,56,6.5,33,0,39,,0
2618,44,56,6.5,59,12,0,,0
1607,170,169,2.2,55,0,1,12.0,1
4276,216,204,1.8,4,0,12,,0
3093,81,56,6.5,36,0,25,,0
2681,148,215,1.7,8,0,0,,0
2212,18,207,1.8,22,38,0,,0
1582,25,56,6.5,21,31,0,31.0,0
4116,369,323,1.1,30,0,46,1.0,1
3775,79,56,6.5,57,0,23,1.0,1
3680,22,56,6.5,30,34,0,,0
1429,191,132,2.8,16,0,59,14.0,1
4088,88,56,6.5,46,0,32,6.0,1
4470,57,111,3.3,2,0,0,26.0,1
3376,14,109,3.3,23,42,0,93.0,0
4873,13,77,4.7,34,43,0,59.0,0
4682,69,175,2.1,30,0,0,102.0,0
4975,83,74,4.9,28,0,9,24.0,1
2073,102,108,3.4,5,0,0,2.0,1
2398,141,225,1.6,35,0,0,78.0,0
1650,14,169,2.2,9,42,0,134.0,0
2879,88,168,2.2,54,0,0,67.0,0
3729,14,56,6.5,38,42,0,35.0,0
1605,70,136,2.7,46,0,0,,0
4284,60,56,6.5,19,0,4,26.0,1
2020,62,56,6.5,41,0,6,,0
1938,109,84,4.3,7,0,25,21.0,1
3082,63,56,6.5,53,0,7,,0
1058,109,169,2.2,26,0,0,,0
4070,213,172,2.1,14,0,41,27.0,1
3699,20,56,6.5,32,36,0,32.0,0
4016,60,56,6.5,39,0,4,29.0,1
1523,42,56,6.5,30,14,0,33.0,0
1539,65,62,5.9,10,0,3,20.0,1
3780,88,129,2.8,2,0,0,,0
4757,55,74,4.9,38,1,0,15.0,1
3924,97,56,6.5,5,0,41,20.0,1
4879,333,254,1.4,6,0,79,12.0,1
1866,19,56,6.5,59,37,0,32.0,0
3844,91,242,1.5,28,0,0,146.0,0
3423,88,58,6.3,15,0,30,15.0,1
2151,14,84,4.3,29,42,0,66.0,0
4570,8,59,6.2,30,48,0,42.0,0
4727,229,309,1.2,44,0,0,41.0,0
4839,45,56,6.5,56,11,0,10.0,1
3861,4,90,4.1,44,52,0,101.0,0
4291,113,137,2.7,31,0,0,7.0,1
3240,80,56,6.5,31,0,24,24.0,1
3844,32,56,6.5,35,24,0,,0
4123,57,79,4.6,26,0,0,21.0,1
4623,49,56,6.5,56,7,0,8.0,1
3565,28,56,6.5,9,28,0,28.0,1
4866,39,68,5.4,53,17,0,31.0,0
4236,197,151,2.4,48,0,46,22.0,1
3965,104,68,5.4,53,0,36,5.0,1
4334,177,213,1.7,7,0,0,45.0,0
1384,1,56,6.5,13,55,0,,0
3636,38,56,6.5,20,18,0,21.0,1
4247,462,420,0.9,51,0,42,,0
2458,3,56,6.5,28,53,0,43.0,0
2259,18,56,6.5,47,38,0,,0
3189,80,56,6.5,30,0,24,4.0,1
3382,120,212,1.7,51,0,0,,0
1766,57,68,5.4,41,0,0,,0
2931,99,73,5.0,27,0,26,17.0,1
4760,10,79,4.6,58,46,0,,0
3472,123,202,1.8,49,0,0,94.0,0
1707,21,77,4.7,30,35,0,,0
2265,1,587,0.6,41,55,0,,0
4819,146,100,3.6,24,0,46,5.0,1
1106,200,210,1.7,30,0,0,2.0,1
1724,107,171,2.1,1,0,0,,0
2921,85,87,4.2,24,0,0,1.0,1
3934,49,56,6.5,20,7,0,4.0,1
3035,90,117,3.1,54,0,0,,0
1596,83,135,2.7,8,0,0,28.0,1
1445,7,56,6.5,17,49,0,,0
2336,128,102,3.6,31,0,26,,0
4213,284,242,1.5,4,0,42,11.0,1
1833,72,471,0.8,34,0,0,398.0,0
1074,88,178,2.1,33,0,0,111.0,0
2700,318,399,0.9,29,0,0,,0
3637,31,56,6.5,52,25,0,,0
3478,215,157,2.3,19,0,58,11.0,1
2212,61,262,1.4,14,0,0,,0
1339,5,56,6.5,25,51,0,29.0,1
1226,62,61,6.0,1,0,1,1.0,1
4354,576,361,1.0,59,0,215,,0
1688,16,56,6.5,22,40,0,,0
4515,15,56,6.5,46,41,0,,0
2477,276,305,1.2,4,0,0,41.0,0
3630,137,234,1.6,52,0,0,80.0,0
4500,31,127,2.9,35,25,0,87.0,0
1256,75,86,4.2,50,0,0,,0
2804,43,63,5.8,52,13,0,21.0,1
2317,42,112,3.3,55,14,0,,0
4472,74,318,1.1,39,0,0,242.0,0
1997,84,108,3.4,33,0,0,,0
1355,712,509,0.7,16,0,203,17.0,1
4493,13,56,6.5,58,43,0,27.0,1
3176,48,88,4.1,45,8,0,,0
1896,63,66,5.5,35,0,0,7.0,1
2618,11,56,6.5,12,45,0,54.0,0
2525,73,79,4.6,36,0,0,,0
4954,173,125,2.9,51,0,48,13.0,1
3717,146,136,2.7,46,0,10,12.0,1
2484,712,510,0.7,54,0,202,28.0,1
4078,66,130,2.8,7,0,0,69.0,0
2386,284,225,1.6,4,0,59,,0
4731,16,94,3.9,12,40,0,64.0,0
4115,419,344,1.1,7,0,75,,0
1968,14,613,0.6,46,42,0,,0
1524,24,137,2.7,15,32,0,98.0,0
1806,9,56,6.5,6,47,0,,0
2555,59,58,6.3,17,0,1,19.0,1
1984,10,112,3.3,17,46,0,,0
4076,166,129,2.8,44,0,37,3.0,1
4183,87,157,2.3,4,0,0,,0
3611,73,130,2.8,7,0,0,72.0,0
2905,106,90,4.1,36,0,16,4.0,1
1408,56,56,6.5,7,0,0,12.0,1
3955,133,124,2.9,38,0,9,12.0,1
1985,515,397,0.9,36,0,118,15.0,1
2463,28,203,1.8,42,28,0,,0
4541,177,138,2.6,56,0,39,23.0,1
2408,246,205,1.8,33,0,41,,0
2607,54,66,5.5,23,2,0,33.0,0
1483,11,59,6.2,28,45,0,47.0,0
3224,55,56,6.5,28,1,0,7.0,1
4010,17,81,4.5,33,39,0,50.0,0
1533,33,64,5.7,22,23,0,39.0,0
3417,380,236,1.5,39,0,144,23.0,1
4047,34,61,6.0,22,22,0,28.0,1
3516,82,56,6.5,4,0,26,10.0,1
2620,158,425,0.9,24,0,0,,0
2566,31,62,5.9,59,25,0,28.0,1
3944,56,101,3.6,56,0,0,,0
2768,69,129,2.8,16,0,0,56.0,0
1922,51,56,6.5,50,5,0,,0
1769,8,241,1.5,46,48,0,,0
2400,107,149,2.4,13,0,0,,0
3396,440,313,1.2,15,0,127,14.0,1
4577,10,56,6.5,33,46,0,23.0,1
2001,8,97,3.8,30,48,0,64.0,0
4565,68,92,4.0,56,0,0,30.0,1
4968,122,111,3.3,23,0,11,3.0,1
2321,15,56,6.5,42,41,0,38.0,0
3439,55,98,3.7,59,1,0,51.0,0
2314,70,56,6.5,50,0,14,25.0,1
1620,6,119,3.1,5,50,0,111.0,0
1546,16,56,6.5,53,40,0,21.0,1
3950,16,56,6.5,39,40,0,29.0,1
4862,213,173,2.1,34,0,40,,0
2558,5,58,6.3,41,51,0,50.0,0
4818,88,56,6.5,57,0,32,9.0,1
1301,42,248,1.5,5,14,0,217.0,0
4046,18,116,3.1,59,38,0,78.0,0
1786,28,180,2.0,50,28,0,139.0,0
1078,37,78,4.7,44,19,0,,0
3631,727,730,0.5,55,0,0,4.0,1
1608,62,56,6.5,4,0,6,,0
1482,133,363,1.0,16,0,0,,0
2767,73,85,4.3,11,0,0,19.0,1
4084,3,56,6.5,51,53,0,,0
2457,189,132,2.8,27,0,57,,0
1414,100,115,3.2,23,0,0,,0
2734,29,56,6.5,55,27,0,49.0,0
3899,22,56,6.5,33,34,0,13.0,1
3686,69,88,4.1,23,0,0,47.0,0
1933,158,119,3.1,13,0,39,17.0,1
1312,17,56,6.5,58,39,0,46.0,0
3823,4,209,1.7,5,52,0,221.0,0
3659,76,60,6.1,32,0,16,3.0,1
1502,62,56,6.5,55,0,6,2.0,1
3573,58,191,1.9,40,0,0,,0
2373,106,88,4.1,10,0,18,28.0,1
2202,328,238,1.5,15,0,90,9.0,1
3568,111,127,2.9,15,0,0,27.0,1
4724,20,89,4.1,23,36,0,,0
1715,7,79,4.6,45,49,0,,0
3241,118,132,2.8,58,0,0,26.0,1
3597,11,64,5.7,34,45,0,,0
2556,66,56,6.5,4,0,10,1.0,1
2692,72,146,2.5,54,0,0,81.0,0
1595,13,80,4.6,13,43,0,66.0,0
1895,10,92,4.0,29,46,0,,0
2201,158,215,1.7,9,0,0,33.0,0
3751,8,82,4.5,5,48,0,79.0,0
2407,17,91,4.0,12,39,0,59.0,0
3824,13,56,6.5,34,43,0,,0
1270,149,127,2.9,52,0,22,4.0,1
3996,16,119,3.1,8,40,0,110.0,0
1736,141,185,2.0,20,0,0,43.0,0
3228,26,56,6.5,16,30,0,24.0,1
1258,30,62,5.9,24,26,0,18.0,1
2878,52,169,2.2,20,4,0,,0
3069,83,110,3.3,8,0,0,,0
3342,61,56,6.5,29,0,5,15.0,1
2996,258,256,1.4,19,0,2,17.0,1
4848,27,56,6.5,52,29,0,31.0,0
1523,251,168,2.2,42,0,83,1.0,1
3593,24,56,6.5,25,32,0,3.0,1
2324,401,406,0.9,37,0,0,,0
2376,59,56,6.5,3,0,3,29.0,1
2786,242,226,1.6,19,0,16,27.0,1
4889,90,84,4.3,52,0,6,13.0,1
1866,15,67,5.4,34,41,0,28.0,1
4739,41,104,3.5,7,15,0,65.0,0
1806,173,149,2.4,55,0,24,11.0,1
1258,4,56,6.5,9,52,0,47.0,0
2198,65,56,6.5,8,0,9,23.0,1
1523,75,151,2.4,19,0,0,53.0,0
2578,9,56,6.5,37,47,0,48.0,0
1332,61,56,6.5,8,0,5,,0
4447,585,730,0.5,47,0,0,,0
1706,51,56,6.5,24,5,0,,0
4581,226,225,1.6,2,0,1,22.0,1
2809,66,56,6.5,29,0,10,22.0,1
2646,141,135,2.7,12,0,6,7.0,1
1089,47,151,2.4,49,9,0,101.0,0
3825,277,222,1.6,48,0,55,15.0,1
2523,100,76,4.8,5,0,24,1.0,1
2283,267,441,0.8,1,0,0,175.0,0
4940,20,56,6.5,13,36,0,13.0,1
1267,63,108,3.4,39,0,0,61.0,0
3100,137,109,3.3,8,0,28,5.0,1
4762,38,56,6.5,59,18,0,17.0,1
1271,59,71,5.1,54,0,0,11.0,1
1144,62,102,3.6,19,0,0,42.0,0
4559,19,63,5.8,46,37,0,15.0,1
3910,413,634,0.6,28,0,0,231.0,0
3457,45,56,6.5,10,11,0,20.0,1
2793,327,231,1.6,49,0,96,28.0,1
1028,10,178,2.1,50,46,0,,0
4579,21,89,4.1,34,35,0,,0
4421,102,56,6.5,10,0,46,25.0,1
2519,20,56,6.5,18,36,0,,0
2710,22,59,6.2,10,34,0,44.0,0
1906,25,56,6.5,21,31,0,6.0,1
2380,12,56,6.5,2,44,0,62.0,0
1673,28,56,6.5,9,28,0,35.0,0
1501,143,264,1.4,48,0,0,108.0,0
4014,197,147,2.5,38,0,50,4.0,1
2254,42,168,2.2,7,14,0,89.0,0
2564,91,144,2.5,3,0,0,79.0,0
1992,109,102,3.6,26,0,7,8.0,1
1120,440,289,1.3,7,0,151,21.0,1
3224,37,56,6.5,52,19,0,29.0,1
4703,90,98,3.7,40,0,0,24.0,1
1346,69,163,2.2,25,0,0,,0
3191,88,56,6.5,37,0,32,3.0,1
1336,244,730,0.5,35,0,0,477.0,0
4786,12,92,4.0,46,44,0,,0
3957,128,100,3.6,27,0,28,28.0,1
4340,60,246,1.5,38,0,0,202.0,0
1930,84,187,2.0,35,0,0,94.0,0
3099,100,92,4.0,54,0,8,26.0,1
3584,5,99,3.7,7,51,0,63.0,0
3791,86,56,6.5,38,0,30,,0
1235,19,57,6.4,20,37,0,24.0,1
3428,163,136,2.7,23,0,27,18.0,1
1490,148,128,2.9,50,0,20,,0
3490,265,239,1.5,29,0,26,5.0,1
1459,2,81,4.5,53,54,0,78.0,0
2774,52,56,6.5,54,4,0,,0
3932,158,209,1.7,22,0,0,55.0,0
4139,176,283,1.3,21,0,0,102.0,0
1937,265,184,2.0,42,0,81,17.0,1
2967,40,78,4.7,5,16,0,31.0,0
2776,152,207,1.8,40,0,0,53.0,0
4802,178,730,0.5,53,0,0,,0
3165,12,98,3.7,47,44,0,74.0,0
1428,67,56,6.5,48,0,11,3.0,1
1071,37,56,6.5,43,19,0,,0
3806,137,148,2.5,54,0,0,8.0,1
3631,67,56,6.5,10,0,11,15.0,1
3332,126,103,3.5,33,0,23,18.0,1
2538,154,122,3.0,1,0,32,,0
2812,54,307,1.2,49,2,0,259.0,0
1926,114,256,1.4,36,0,0,164.0,0
4724,277,179,2.0,16,0,98,,0
3270,18,56,6.5,19,38,0,40.0,0
1976,15,188,1.9,5,41,0,175.0,0
2711,95,158,2.3,23,0,0,,0
2887,93,110,3.3,54,0,0,24.0,1
2303,95,56,6.5,3,0,39,18.0,1
4841,18,56,6.5,46,38,0,,0
1233,26,56,6.5,50,30,0,43.0,0
4586,16,56,6.5,18,40,0,30.0,1
3713,96,89,4.1,3,0,7,22.0,1
3049,27,56,6.5,42,29,0,53.0,0
2568,327,730,0.5,51,0,0,402.0,0
1033,50,78,4.7,3,6,0,,0
3905,36,253,1.4,14,20,0,220.0,0
4681,88,56,6.5,8,0,32,1.0,1
3085,11,58,6.3,32,45,0,,0
3174,59,97,3.8,30,0,0,50.0,0
2741,56,56,6.5,19,0,0,8.0,1
4806,70,64,5.7,6,0,6,16.0,1
1147,28,75,4.9,9,28,0,63.0,0
4721,93,74,4.9,48,0,19,19.0,1
3003,98,397,0.9,30,0,0,323.0,0
3208,52,121,3.0,56,4,0,90.0,0
1633,48,132,2.8,6,8,0,57.0,0
4116,98,138,2.6,48,0,0,,0
1495,75,146,2.5,31,0,0,63.0,0
3107,15,84,4.3,42,41,0,,0
1449,16,69,5.3,53,40,0,41.0,0
1749,129,102,3.6,21,0,27,,0
1700,248,227,1.6,40,0,21,16.0,1
1690,68,221,1.7,55,0,0,,0
4083,77,74,4.9,15,0,3,,0
2743,92,166,2.2,43,0,0,86.0,0
2160,8,77,4.7,21,48,0,75.0,0
3314,2,92,4.0,43,54,0,99.0,0
2172,69,61,6.0,14,0,8,,0
3763,86,77,4.7,58,0,9,11.0,1
4779,9,263,1.4,38,47,0,239.0,0
3841,14,96,3.8,12,42,0,,0
2170,65,100,3.6,15,0,0,21.0,1
4049,28,56,6.5,37,28,0,14.0,1
3542,69,70,5.2,11,0,0,9.0,1
3832,3,74,4.9,30,53,0,39.0,0
4322,7,56,6.5,57,49,0,48.0,0
1683,94,91,4.0,59,0,3,19.0,1
2212,11,63,5.8,54,45,0,56.0,0
3176,70,95,3.8,35,0,0,34.0,0
3287,22,99,3.7,35,34,0,83.0,0
3425,11,56,6.5,42,45,0,55.0,0
2223,80,65,5.6,42,0,15,,0
3489,55,95,3.8,52,1,0,30.0,1
3397,234,232,1.6,37,0,2,1.0,1
3168,18,110,3.3,28,38,0,118.0,0
2650,25,56,6.5,41,31,0,27.0,1
3088,123,123,3.0,10,0,0,14.0,1
1151,113,352,1.0,11,0,0,249.0,0
1170,18,187,2.0,2,38,0,178.0,0
3384,7,139,2.6,2,49,0,161.0,0
4445,1,160,2.3,46,55,0,,0
3141,315,284,1.3,17,0,31,2.0,1
2000,226,212,1.7,40,0,14,,0
4187,88,141,2.6,49,0,0,46.0,0
4818,143,211,1.7,13,0,0,,0
2800,58,56,6.5,38,0,2,14.0,1
2473,57,56,6.5,2,0,1,38.0,0
2241,34,102,3.6,57,22,0,51.0,0
3045,58,95,3.8,52,0,0,,0
2183,53,58,6.3,26,3,0,27.0,1
2242,116,174,2.1,27,0,0,77.0,0
3472,22,56,6.5,53,34,0,,0
2034,75,58,6.3,50,0,17,12.0,1
4008,55,61,6.0,53,1,0,,0
3163,41,56,6.5,39,15,0,3.0,1
1740,60,297,1.2,37,0,0,227.0,0
4345,94,56,6.5,33,0,38,,0
4573,30,56,6.5,57,26,0,36.0,0
4079,202,186,2.0,18,0,16,4.0,1
4354,6,150,2.4,29,50,0,130.0,0
3257,11,56,6.5,4,45,0,31.0,0
3824,156,155,2.4,48,0,1,17.0,1
1513,12,113,3.2,30,44,0,,0
2616,42,581,0.6,38,14,0,,0
1970,67,124,2.9,17,0,0,49.0,0
4373,154,80,4.6,57,0,74,5.0,1
4269,22,56,6.5,48,34,0,25.0,1
4460,53,56,6.5,57,3,0,,0
3699,19,56,6.5,40,37,0,,0
2707,141,269,1.4,57,0,0,134.0,0
3473,123,91,4.0,13,0,32,,0
1866,191,141,2.6,20,0,50,10.0,1
2394,219,302,1.2,57,0,0,71.0,0
2495,36,56,6.5,36,20,0,14.0,1
3205,265,250,1.5,5,0,15,,0
3099,23,94,3.9,54,33,0,,0
2488,160,127,2.9,27,0,33,23.0,1
4374,59,56,6.5,23,0,3,2.0,1
3595,52,56,6.5,11,4,0,,0
1581,28,133,2.7,35,28,0,87.0,0
2823,645,606,0.6,18,0,39,12.0,1
1737,42,200,1.8,44,14,0,143.0,0
3859,153,247,1.5,53,0,0,,0
1399,56,77,4.7,58,0,0,,0
4654,38,56,6.5,3,18,0,,0
4935,38,56,6.5,31,18,0,,0
2680,84,60,6.1,43,0,24,19.0,1
1671,6,56,6.5,15,50,0,67.0,0
1013,61,56,6.5,35,0,5,17.0,1
2433,18,57,6.4,39,38,0,,0
4528,63,78,4.7,6,0,0,20.0,1
4212,88,100,3.6,29,0,0,17.0,1
4057,18,120,3.0,27,38,0,121.0,0
1639,10,88,4.1,28,46,0,68.0,0
3776,9,56,6.5,3,47,0,,0
3827,69,56,6.5,23,0,13,9.0,1
4756,7,56,6.5,26,49,0,,0
3703,63,56,6.5,27,0,7,10.0,1
1496,17,130,2.8,58,39,0,,0
2843,28,186,2.0,6,28,0,155.0,0
4732,215,190,1.9,33,0,25,,0
1535,64,164,2.2,14,0,0,77.0,0
2578,37,80,4.6,53,19,0,,0
2658,17,59,6.2,52,39,0,26.0,1
4460,70,56,6.5,3,0,14,,0
1622,5,56,6.5,19,51,0,69.0,0
2312,79,199,1.8,40,0,0,,0
2520,77,78,4.7,19,0,0,,0
4230,31,56,6.5,27,25,0,,0
2544,4,56,6.5,50,52,0,54.0,0
3288,81,56,6.5,37,0,25,20.0,1
1034,103,93,3.9,58,0,10,24.0,1
3567,47,211,1.7,51,9,0,,0
4914,102,68,5.4,42,0,34,,0
1144,30,56,6.5,48,26,0,20.0,1
3639,57,77,4.7,51,0,0,,0
4091,93,79,4.6,40,0,14,,0
1474,104,75,4.9,41,0,29,,0
4319,29,56,6.5,2,27,0,,0
1333,2,107,3.4,45,54,0,,0
4093,142,94,3.9,14,0,48,16.0,1
1437,112,88,4.1,49,0,24,17.0,1
1880,35,125,2.9,56,21,0,85.0,0
3630,6,63,5.8,28,50,0,31.0,0
3506,29,60,6.1,58,27,0,,0
2232,96,271,1.3,10,0,0,,0
3636,81,140,2.6,38,0,0,75.0,0
1370,85,174,2.1,28,0,0,92.0,0
1080,84,240,1.5,13,0,0,,0
3295,6,137,2.7,57,50,0,,0
3499,7,189,1.9,28,49,0,180.0,0
1719,36,56,6.5,45,20,0,16.0,1
3206,103,105,3.5,17,0,0,,0
2364,122,77,4.7,5,0,45,,0
3016,236,344,1.1,47,0,0,115.0,0
2164,93,189,1.9,5,0,0,,0
4184,41,56,6.5,19,15,0,22.0,1
3812,141,121,3.0,34,0,20,,0
4100,51,102,3.6,41,5,0,59.0,0
4534,203,129,2.8,43,0,74,,0
3697,27,56,6.5,39,29,0,34.0,0
1416,39,120,3.0,31,17,0,,0
1910,19,74,4.9,25,37,0,44.0,0
2146,128,112,3.3,51,0,16,31.0,0
2386,39,56,6.5,1,17,0,,0
3554,89,56,6.5,50,0,33,23.0,1
4660,248,230,1.6,22,0,18,27.0,1
1511,45,56,6.5,38,11,0,,0
4579,44,56,6.5,48,12,0,,0
2570,1,86,4.2,29,55,0,113.0,0
3869,32,56,6.5,2,24,0,21.0,1
1916,90,56,6.5,41,0,34,7.0,1
2181,100,97,3.8,42,0,3,6.0,1
4951,36,56,6.5,30,20,0,25.0,1
2709,67,56,6.5,17,0,11,18.0,1
2770,500,465,0.8,36,0,35,25.0,1
4881,23,130,2.8,52,33,0,142.0,0
2516,61,56,6.5,14,0,5,31.0,0
2222,34,125,2.9,17,22,0,76.0,0
3224,37,141,2.6,28,19,0,104.0,0
3967,211,199,1.8,53,0,12,,0
3255,80,81,4.5,6,0,0,26.0,1
4652,295,196,1.9,9,0,99,,0
1133,2,56,6.5,11,54,0,67.0,0
2921,2,56,6.5,8,54,0,,0
2912,140,102,3.6,47,0,38,,0
3562,60,117,3.1,52,0,0,50.0,0
1308,76,56,6.5,54,0,20,9.0,1
1521,74,110,3.3,23,0,0,,0
1535,43,56,6.5,6,13,0,24.0,1
4183,89,72,5.1,21,0,17,20.0,1
1416,118,204,1.8,17,0,0,93.0,0
4581,159,186,2.0,39,0,0,41.0,0
2363,19,56,6.5,11,37,0,,0
3036,70,56,6.5,39,0,14,28.0,1
3325,33,64,5.7,5,23,0,17.0,1
3876,114,88,4.1,31,0,26,9.0,1
3527,63,56,6.5,16,0,7,,0
2245,87,206,1.8,12,0,0,,0
2858,106,118,3.1,30,0,0,7.0,1
2283,131,124,2.9,25,0,7,13.0,1
2202,5,56,6.5,12,51,0,67.0,0
2539,268,229,1.6,3,0,39,16.0,1
1806,45,56,6.5,17,11,0,8.0,1
2054,160,175,2.1,53,0,0,,0
2464,44,190,1.9,4,12,0,128.0,0
1200,25,63,5.8,6,31,0,17.0,1
3077,189,249,1.5,50,0,0,49.0,0
2268,66,85,4.3,48,0,0,5.0,1
1860,17,94,3.9,15,39,0,66.0,0
2013,4,118,3.1,32,52,0,,0
4544,701,730,0.5,21,0,0,,0
3547,142,263,1.4,56,0,0,,0
4238,90,157,2.3,56,0,0,,0
1610,66,56,6.5,2,0,10,,0
1024,18,100,3.6,46,38,0,,0
4320,51,56,6.5,48,5,0,3.0,1
4641,151,173,2.1,3,0,0,,0
4300,13,100,3.6,25,43,0,65.0,0
2187,63,56,6.5,27,0,7,7.0,1
3442,65,96,3.8,27,0,0,7.0,1
1473,89,56,6.5,23,0,33,13.0,1
3665,114,101,3.6,9,0,13,9.0,1
3349,70,56,6.5,36,0,14,,0
1856,37,92,4.0,11,19,0,,0
3836,110,164,2.2,39,0,0,,0
1496,156,86,4.2,7,0,70,17.0,1
1385,72,65,5.6,13,0,7,13.0,1
3249,65,105,3.5,7,0,0,38.0,0
2830,105,157,2.3,42,0,0,54.0,0
1098,19,56,6.5,47,37,0,,0
3464,51,110,3.3,43,5,0,79.0,0
1744,64,258,1.4,13,0,0,194.0,0
4102,70,142,2.6,53,0,0,66.0,0
2411,39,94,3.9,6,17,0,78.0,0
4906,21,150,2.4,4,35,0,128.0,0
1452,171,129,2.8,43,0,42,,0
1464,241,164,2.2,25,0,77,,0
2932,10,56,6.5,20,46,0,,0
4962,46,56,6.5,9,10,0,,0
3624,124,201,1.8,25,0,0,,0
3220,68,56,6.5,37,0,12,,0
2190,105,124,2.9,9,0,0,33.0,0
4819,82,67,5.4,41,0,15,,0
3646,26,56,6.5,44,30,0,28.0,1
2896,9,119,3.1,19,47,0,,0
3036,138,105,3.5,12,0,33,16.0,1
3801,416,487,0.7,35,0,0,82.0,0
4288,83,56,6.5,4,0,27,,0
2523,119,284,1.3,56,0,0,170.0,0
3996,76,119,3.1,19,0,0,,0
4998,61,56,6.5,50,0,5,,0
2164,37,170,2.1,44,19,0,102.0,0
1896,21,141,2.6,46,35,0,105.0,0
1609,58,92,4.0,6,0,0,23.0,1
1156,57,111,3.3,31,0,0,,0
1828,95,56,6.5,47,0,39,,0
2374,19,56,6.5,51,37,0,50.0,0
1583,84,165,2.2,32,0,0,85.0,0
3433,82,75,4.9,9,0,7,,0
4851,45,84,4.3,58,11,0,20.0,1
2847,31,112,3.3,57,25,0,90.0,0
1736,143,111,3.3,48,0,32,6.0,1
2885,65,56,6.5,26,0,9,5.0,1
4880,361,251,1.5,6,0,110,27.0,1
1632,16,99,3.7,37,40,0,67.0,0
1410,55,76,4.8,43,1,0,,0
2496,17,127,2.9,34,39,0,98.0,0
3469,26,108,3.4,40,30,0,,0
4441,192,166,2.2,51,0,26,26.0,1
2504,95,138,2.6,21,0,0,58.0,0
1435,131,159,2.3,42,0,0,,0
2359,376,265,1.4,27,0,111,,0
4063,102,182,2.0,52,0,0,91.0,0
3810,75,79,4.6,19,0,0,25.0,1
1159,34,56,6.5,27,22,0,20.0,1
1471,429,341,1.1,3,0,88,12.0,1
4457,13,74,4.9,25,43,0,,0
3881,20,61,6.0,34,36,0,,0
3195,42,56,6.5,51,14,0,4.0,1
1056,128,118,3.1,21,0,10,8.0,1
4133,74,101,3.6,11,0,0,,0
4034,36,56,6.5,27,20,0,,0
4669,80,129,2.8,28,0,0,40.0,0
2510,56,60,6.1,4,0,0,6.0,1
1511,149,730,0.5,44,0,0,575.0,0
3735,64,57,6.4,41,0,7,21.0,1
3258,86,63,5.8,53,0,23,14.0,1
1646,38,56,6.5,48,18,0,,0
3114,199,250,1.5,26,0,0,,0
3865,35,66,5.5,21,21,0,,0
3811,45,56,6.5,39,11,0,26.0,1
3849,144,158,2.3,4,0,0,5.0,1
1104,24,56,6.5,37,32,0,,0
3902,214,148,2.5,49,0,66,18.0,1
4140,236,374,1.0,55,0,0,132.0,0
2386,123,141,2.6,43,0,0,,0
3370,78,149,2.4,4,0,0,49.0,0
1599,92,180,2.0,50,0,0,,0
4802,73,353,1.0,23,0,0,265.0,0
2185,318,236,1.5,56,0,82,8.0,1
1626,21,127,2.9,9,35,0,,0
2322,163,185,2.0,40,0,0,17.0,1
4604,6,56,6.5,24,50,0,,0
2547,131,167,2.2,56,0,0,28.0,1
1031,4,56,6.5,29,52,0,17.0,1
4758,6,67,5.4,7,50,0,69.0,0
2392,30,56,6.5,18,26,0,35.0,0
4541,78,124,2.9,2,0,0,,0
2377,48,56,6.5,28,8,0,14.0,1
3646,111,218,1.7,43,0,0,,0
3358,142,122,3.0,41,0,20,26.0,1
1448,171,221,1.7,29,0,0,46.0,0
4907,20,56,6.5,45,36,0,,0
2808,8,206,1.8,17,48,0,,0
4865,489,485,0.8,31,0,4,16.0,1
4934,188,165,2.2,17,0,23,26.0,1
1358,95,169,2.2,31,0,0,66.0,0
3916,122,103,3.5,23,0,19,10.0,1
3919,33,59,6.2,10,23,0,24.0,1
4232,161,165,2.2,6,0,0,24.0,1
3239,28,56,6.5,38,28,0,,0
1475,54,64,5.7,56,2,0,10.0,1
1137,6,56,6.5,47,50,0,43.0,0
2891,33,56,6.5,27,23,0,,0
2965,98,150,2.4,11,0,0,,0
3558,122,134,2.7,20,0,0,14.0,1
4016,68,93,3.9,46,0,0,40.0,0
1473,35,103,3.5,5,21,0,73.0,0
1496,14,56,6.5,32,42,0,14.0,1
1109,42,66,5.5,5,14,0,,0
4122,21,56,6.5,22,35,0,,0
1801,75,56,6.5,1,0,19,2.0,1
1909,94,145,2.5,20,0,0,36.0,0
4752,33,56,6.5,51,23,0,,0
2497,35,56,6.5,15,21,0,44.0,0
2380,25,56,6.5,11,31,0,53.0,0
2502,108,71,5.1,32,0,37,,0
3030,67,56,6.5,59,0,11,4.0,1
2317,148,95,3.8,55,0,53,,0
3607,67,56,6.5,28,0,11,2.0,1
4498,97,97,3.8,28,0,0,10.0,1
1027,113,80,4.6,17,0,33,,0
1375,509,342,1.1,34,0,167,,0
1936,134,133,2.7,59,0,1,17.0,1
2259,96,56,6.5,24,0,40,10.0,1
1487,27,56,6.5,2,29,0,,0
3999,105,94,3.9,27,0,11,,0
4024,35,56,6.5,9,21,0,15.0,1
2401,67,56,6.5,52,0,11,2.0,1
3635,286,264,1.4,19,0,22,29.0,1
3010,180,160,2.3,36,0,20,7.0,1
4392,21,136,2.7,57,35,0,,0
3023,40,56,6.5,55,16,0,,0
4131,153,126,2.9,29,0,27,4.0,1
1224,82,56,6.5,11,0,26,2.0,1
4852,89,106,3.4,32,0,0,22.0,1
2476,14,56,6.5,27,42,0,10.0,1
1051,411,302,1.2,52,0,109,,0
4684,104,56,6.5,39,0,48,20.0,1
2383,271,241,1.5,24,0,30,14.0,1
3858,92,92,4.0,27,0,0,12.0,1
1731,14,60,6.1,27,42,0,71.0,0
3297,22,102,3.6,40,34,0,59.0,0
3007,222,161,2.3,32,0,61,16.0,1
2747,293,268,1.4,45,0,25,28.0,1
3471,3,115,3.2,44,53,0,,0
3089,31,56,6.5,22,25,0,,0
2444,49,94,3.9,59,7,0,,0
1979,490,385,0.9,59,0,105,20.0,1
2430,71,264,1.4,49,0,0,,0
1322,264,186,2.0,42,0,78,21.0,1
1324,13,170,2.1,32,43,0,141.0,0
3382,91,157,2.3,59,0,0,74.0,0
1621,56,227,1.6,59,0,0,168.0,0
1116,8,62,5.9,48,48,0,,0
1580,37,56,6.5,46,19,0,59.0,0
3145,44,95,3.8,35,12,0,40.0,0
3297,98,56,6.5,54,0,42,7.0,1
2510,77,56,6.5,1,0,21,,0
1890,34,56,6.5,53,22,0,,0
1185,648,657,0.6,34,0,0,11.0,1
2766,100,100,3.6,1,0,0,17.0,1
4575,118,120,3.0,42,0,0,17.0,1
2837,52,56,6.5,35,4,0,,0
4926,5,56,6.5,29,51,0,63.0,0
1430,12,56,6.5,18,44,0,23.0,1
2808,55,284,1.3,6,1,0,237.0,0
2416,98,117,3.1,6,0,0,,0
1835,173,145,2.5,27,0,28,,0
3781,209,162,2.3,39,0,47,,0
2775,29,56,6.5,55,27,0,19.0,1
4021,320,273,1.3,53,0,47,1.0,1
2309,84,56,6.5,19,0,28,26.0,1
2886,85,277,1.3,38,0,0,188.0,0
4644,163,128,2.9,3,0,35,16.0,1
1192,29,56,6.5,53,27,0,56.0,0
2434,29,56,6.5,51,27,0,,0
3241,52,56,6.5,38,4,0,6.0,1
4884,263,228,1.6,20,0,35,17.0,1
2063,24,88,4.1,57,32,0,69.0,0
1316,44,56,6.5,2,12,0,37.0,0
4063,4,121,3.0,7,52,0,119.0,0
1376,77,58,6.3,5,0,19,24.0,1
3344,71,56,6.5,25,0,15,19.0,1
4273,402,344,1.1,42,0,58,,0
2623,157,98,3.7,53,0,59,9.0,1
3515,102,71,5.1,13,0,31,7.0,1
2193,45,65,5.6,12,11,0,,0
1189,49,56,6.5,5,7,0,9.0,1
2142,119,56,6.5,12,0,63,20.0,1
3639,47,251,1.5,18,9,0,222.0,0
3664,1,61,6.0,3,55,0,58.0,0
3597,14,91,4.0,54,42,0,79.0,0
4819,28,56,6.5,4,28,0,11.0,1
3224,28,56,6.5,43,28,0,32.0,0
2769,123,146,2.5,19,0,0,,0
1746,145,121,3.0,21,0,24,5.0,1
2768,14,366,1.0,25,42,0,364.0,0
3961,57,263,1.4,3,0,0,216.0,0
4426,4,74,4.9,7,52,0,,0
3781,110,131,2.8,9,0,0,20.0,1
1484,102,69,5.3,4,0,33,25.0,1
4844,625,465,0.8,55,0,160,,0
2380,63,225,1.6,59,0,0,177.0,0
1650,18,103,3.5,23,38,0,,0
3051,103,105,3.5,11,0,0,10.0,1
3404,177,285,1.3,19,0,0,91.0,0
3108,3,143,2.6,1,53,0,140.0,0
1123,153,313,1.2,4,0,0,154.0,0
2906,6,56,6.5,9,50,0,,0
4786,97,130,2.8,42,0,0,31.0,0
4595,10,59,6.2,7,46,0,13.0,1
2840,263,366,1.0,26,0,0,,0
1622,199,310,1.2,54,0,0,120.0,0
2307,89,92,4.0,21,0,0,26.0,1
4318,424,307,1.2,48,0,117,,0
2241,348,374,1.0,59,0,0,10.0,1
4361,11,95,3.8,10,45,0,104.0,0
1192,645,650,0.6,10,0,0,9.0,1
2797,13,87,4.2,1,43,0,57.0,0
3976,131,75,4.9,36,0,56,15.0,1
3478,252,179,2.0,3,0,73,28.0,1
3199,74,67,5.4,35,0,7,25.0,1
2057,46,96,3.8,45,10,0,50.0,0
3119,245,277,1.3,12,0,0,35.0,0
1015,97,91,4.0,27,0,6,14.0,1
2103,54,56,6.5,17,2,0,29.0,1
2295,65,120,3.0,19,0,0,,0
3931,20,56,6.5,10,36,0,35.0,0
3930,164,179,2.0,43,0,0,,0
2505,29,157,2.3,26,27,0,97.0,0
4155,430,292,1.2,8,0,138,,0
2165,89,186,2.0,52,0,0,,0
1633,179,215,1.7,39,0,0,44.0,0
2850,16,56,6.5,2,40,0,20.0,1
3749,164,171,2.1,12,0,0,7.0,1
3777,474,434,0.8,39,0,40,,0
3497,47,56,6.5,54,9,0,6.0,1
3450,293,379,1.0,56,0,0,116.0,0
4772,50,58,6.3,40,6,0,,0
1961,60,56,6.5,31,0,4,,0
4569,46,114,3.2,29,10,0,81.0,0
4353,232,159,2.3,8,0,73,21.0,1
3264,5,186,2.0,15,51,0,,0
2456,25,56,6.5,26,31,0,26.0,1
4346,140,127,2.9,48,0,13,9.0,1
4451,65,56,6.5,36,0,9,6.0,1
4565,34,56,6.5,41,22,0,,0
3943,14,56,6.5,56,42,0,7.0,1
2328,38,56,6.5,4,18,0,16.0,1
4055,118,136,2.7,50,0,0,14.0,1
2266,186,226,1.6,33,0,0,51.0,0
1720,55,56,6.5,12,1,0,,0
3589,161,119,3.1,50,0,42,7.0,1
2995,16,56,6.5,53,40,0,,0
2592,182,148,2.5,11,0,34,7.0,1
3132,12,56,6.5,30,44,0,70.0,0
2315,2,56,6.5,53,54,0,,0
3727,163,170,2.1,45,0,0,27.0,1
1795,38,56,6.5,26,18,0,18.0,1
1096,81,69,5.3,50,0,12,,0
1685,7,56,6.5,30,49,0,72.0,0
1456,219,191,1.9,36,0,28,,0
2233,194,173,2.1,56,0,21,4.0,1
3775,53,90,4.1,33,3,0,56.0,0
1543,19,56,6.5,45,37,0,2.0,1
1086,160,236,1.5,31,0,0,66.0,0
3489,23,56,6.5,2,33,0,,0
2355,1,62,5.9,15,55,0,,0
3785,7,572,0.6,2,49,0,564.0,0
3041,18,56,6.5,53,38,0,41.0,0
2689,83,163,2.2,12,0,0,56.0,0
2349,32,141,2.6,18,24,0,,0
2220,77,122,3.0,8,0,0,,0
3134,168,112,3.3,3,0,56,,0
3225,34,121,3.0,35,22,0,127.0,0
1877,150,111,3.3,56,0,39,16.0,1
2614,76,86,4.2,33,0,0,,0
2567,2,301,1.2,31,54,0,299.0,0
1185,51,56,6.5,4,5,0,14.0,1
1575,250,203,1.8,23,0,47,,0
1332,211,173,2.1,37,0,38,,0
3942,221,157,2.3,45,0,64,15.0,1
1232,29,219,1.7,45,27,0,218.0,0
1155,123,83,4.4,35,0,40,9.0,1
2394,47,56,6.5,40,9,0,11.0,1
3912,86,84,4.3,53,0,2,1.0,1
2991,64,56,6.5,38,0,8,20.0,1
4279,48,56,6.5,1,8,0,,0
3934,48,56,6.5,3,8,0,1.0,1
1294,20,61,6.0,10,36,0,,0
3527,48,56,6.5,52,8,0,,0
3767,61,56,6.5,30,0,5,7.0,1
1812,230,157,2.3,58,0,73,,0
1140,228,531,0.7,58,0,0,314.0,0
2939,13,146,2.5,28,43,0,130.0,0
4129,41,76,4.8,16,15,0,10.0,1
1914,3,86,4.2,4,53,0,87.0,0
3250,60,64,5.7,53,0,0,4.0,1
1858,8,96,3.8,48,48,0,,0
1719,39,87,4.2,45,17,0,,0
2928,6,56,6.5,57,50,0,,0
1332,29,345,1.1,4,27,0,,0
1146,20,56,6.5,23,36,0,35.0,0
3013,13,159,2.3,40,43,0,160.0,0
2334,108,83,4.4,23,0,25,,0
3810,169,411,0.9,50,0,0,233.0,0
4446,91,118,3.1,15,0,0,28.0,1
2897,44,67,5.4,13,12,0,33.0,0
3086,34,73,5.0,1,22,0,19.0,1
2680,18,92,4.0,37,38,0,43.0,0
1957,40,56,6.5,24,16,0,9.0,1
4037,52,56,6.5,44,4,0,,0
3875,43,56,6.5,1,13,0,24.0,1
3857,47,56,6.5,45,9,0,4.0,1
1897,135,97,3.8,50,0,38,25.0,1
3097,92,114,3.2,45,0,0,,0
4055,24,56,6.5,13,32,0,29.0,1
1066,23,80,4.6,57,33,0,82.0,0
2939,71,141,2.6,38,0,0,,0
2024,38,79,4.6,17,18,0,26.0,1
3180,28,56,6.5,56,28,0,14.0,1
4424,27,64,5.7,51,29,0,35.0,0
3429,47,58,6.3,30,9,0,2.0,1
3982,14,56,6.5,20,42,0,,0
2622,21,103,3.5,42,35,0,82.0,0
3705,716,570,0.6,5,0,146,28.0,1
2022,37,56,6.5,41,19,0,,0
1067,75,69,5.3,5,0,6,,0
1872,51,86,4.2,54,5,0,35.0,0
1096,87,56,6.5,46,0,31,12.0,1
1473,19,216,1.7,55,37,0,,0
3837,4,56,6.5,37,52,0,,0
3845,13,58,6.3,16,43,0,29.0,1
4673,76,173,2.1,21,0,0,81.0,0
3816,80,71,5.1,34,0,9,13.0,1
3117,52,56,6.5,46,4,0,7.0,1
1592,117,128,2.9,50,0,0,29.0,1
3782,254,185,2.0,6,0,69,10.0,1
3031,162,106,3.4,42,0,56,27.0,1
2330,56,56,6.5,6,0,0,12.0,1
1835,51,129,2.8,10,5,0,103.0,0
1585,35,65,5.6,31,21,0,3.0,1
4260,37,163,2.2,6,19,0,115.0,0
4247,301,294,1.2,3,0,7,5.0,1
3356,3,56,6.5,57,53,0,36.0,0
3406,163,98,3.7,44,0,65,19.0,1
3849,15,56,6.5,55,41,0,,0
1213,496,634,0.6,52,0,0,159.0,0
2523,90,61,6.0,25,0,29,2.0,1
4582,211,163,2.2,20,0,48,,0
1853,94,87,4.2,35,0,7,5.0,1
1134,59,56,6.5,1,0,3,3.0,1
3086,81,56,6.5,52,0,25,,0
1804,81,320,1.1,31,0,0,260.0,0
3110,233,193,1.9,14,0,40,14.0,1
4510,527,426,0.9,3,0,101,,0
3318,118,94,3.9,16,0,24,25.0,1
1722,8,113,3.2,14,48,0,101.0,0
4145,107,72,5.1,3,0,35,12.0,1
4940,46,71,5.1,6,10,0,,0
1383,4,56,6.5,9,52,0,38.0,0
1612,14,96,3.8,33,42,0,,0
1701,3,56,6.5,41,53,0,,0
1625,35,128,2.9,12,21,0,,0
2347,62,103,3.5,2,0,0,55.0,0
4181,90,113,3.2,43,0,0,21.0,1
4132,300,343,1.1,46,0,0,12.0,1
2816,33,87,4.2,3,23,0,,0
1155,192,164,2.2,13,0,28,26.0,1
3288,58,464,0.8,31,0,0,,0
1491,371,256,1.4,9,0,115,,0
1721,331,226,1.6,40,0,105,29.0,1
1751,93,70,5.2,41,0,23,,0
2015,70,108,3.4,8,0,0,32.0,0
1290,73,56,6.5,22,0,17,8.0,1
2874,69,134,2.7,26,0,0,61.0,0
4305,10,112,3.3,57,46,0,,0
4829,6,91,4.0,16,50,0,,0
4508,110,204,1.8,32,0,0,95.0,0
3003,19,56,6.5,35,37,0,33.0,0
1166,339,332,1.1,36,0,7,6.0,1
2338,278,185,2.0,1,0,93,28.0,1
3112,17,85,4.3,7,39,0,42.0,0
2390,29,79,4.6,50,27,0,35.0,0
3688,4,132,2.8,49,52,0,117.0,0
1119,342,303,1.2,40,0,39,11.0,1
3792,59,97,3.8,42,0,0,27.0,1
4053,69,101,3.6,48,0,0,10.0,1
1812,58,91,4.0,11,0,0,15.0,1
3066,473,374,1.0,11,0,99,26.0,1
1687,61,67,5.4,13,0,0,10.0,1
2456,11,87,4.2,41,45,0,,0
3248,56,290,1.3,4,0,0,257.0,0
3829,116,101,3.6,25,0,15,28.0,1
2090,115,223,1.6,3,0,0,113.0,0
4741,51,56,6.5,56,5,0,,0
3280,113,76,4.8,10,0,37,23.0,1
1115,194,295,1.2,5,0,0,,0
3042,82,56,6.5,12,0,26,8.0,1
1704,96,79,4.6,34,0,17,10.0,1
1324,105,110,3.3,12,0,0,2.0,1
3774,101,56,6.5,53,0,45,8.0,1
1005,56,64,5.7,38,0,0,2.0,1
3131,140,98,3.7,15,0,42,15.0,1
2069,93,93,3.9,21,0,0,18.0,1
4113,74,250,1.5,55,0,0,177.0,0
1711,72,308,1.2,4,0,0,,0
1188,47,56,6.5,11,9,0,16.0,1
2054,83,98,3.7,58,0,0,,0
2945,19,154,2.4,10,37,0,,0
2465,434,302,1.2,7,0,132,24.0,1
1288,164,159,2.3,9,0,5,21.0,1
4055,10,113,3.2,18,46,0,112.0,0
4379,116,153,2.4,47,0,0,,0
3918,108,154,2.4,27,0,0,43.0,0
4359,24,56,6.5,43,32,0,33.0,0
4637,23,105,3.5,28,33,0,72.0,0
2664,91,289,1.3,57,0,0,193.0,0
4460,37,76,4.8,32,19,0,53.0,0
1405,43,99,3.7,10,13,0,54.0,0
4038,78,74,4.9,34,0,4,,0
4945,49,56,6.5,55,7,0,,0
2912,2,91,4.0,5,54,0,67.0,0
3036,23,114,3.2,20,33,0,102.0,0
1644,6,59,6.2,55,50,0,,0
3567,10,56,6.5,30,46,0,7.0,1
1069,30,56,6.5,33,26,0,,0
1830,210,165,2.2,19,0,45,16.0,1
3569,503,436,0.8,2,0,67,18.0,1
2773,283,272,1.3,18,0,11,13.0,1
2725,61,56,6.5,14,0,5,29.0,1
2831,168,178,2.1,5,0,0,1.0,1
4173,11,56,6.5,58,45,0,,0
4816,31,56,6.5,18,25,0,16.0,1
1430,55,62,5.9,45,1,0,43.0,0
3383,273,158,2.3,51,0,115,18.0,1
2335,12,193,1.9,15,44,0,183.0,0
2819,94,83,4.4,23,0,11,10.0,1
1055,19,84,4.3,50,37,0,59.0,0
3556,60,130,2.8,4,0,0,,0
2024,184,141,2.6,34,0,43,25.0,1
4070,127,230,1.6,24,0,0,89.0,0
3285,7,56,6.5,12,49,0,54.0,0
2843,108,91,4.0,29,0,17,6.0,1
2233,45,56,6.5,6,11,0,,0
1061,131,86,4.2,24,0,45,,0
4814,63,75,4.9,47,0,0,,0
1107,2,86,4.2,22,54,0,,0
1169,31,56,6.5,59,25,0,14.0,1
1174,10,56,6.5,17,46,0,54.0,0
2141,77,56,6.5,57,0,21,27.0,1
4430,66,81,4.5,32,0,0,,0
4876,36,63,5.8,25,20,0,7.0,1
1138,42,56,6.5,53,14,0,,0
3754,49,259,1.4,26,7,0,214.0,0
4612,48,56,6.5,27,8,0,,0
1771,27,279,1.3,7,29,0,,0
1478,57,329,1.1,35,0,0,283.0,0
2674,30,56,6.5,34,26,0,17.0,1
4613,16,96,3.8,27,40,0,,0
1590,114,65,5.6,8,0,49,25.0,1
3638,27,56,6.5,35,29,0,40.0,0
3745,74,56,6.5,18,0,18,,0
1671,55,167,2.2,23,1,0,,0
3716,470,452,0.8,30,0,18,26.0,1
3160,12,185,2.0,16,44,0,170.0,0
2834,105,116,3.1,31,0,0,,0
4547,18,88,4.1,57,38,0,,0
3132,164,345,1.1,38,0,0,154.0,0
1229,367,501,0.7,50,0,0,128.0,0
3598,9,56,6.5,34,47,0,35.0,0
2930,42,56,6.5,1,14,0,,0
3911,49,56,6.5,9,7,0,,0
2178,11,259,1.4,36,45,0,250.0,0
1279,121,86,4.2,44,0,35,26.0,1
2828,71,104,3.5,4,0,0,19.0,1
3880,4,56,6.5,45,52,0,,0
1799,34,56,6.5,58,22,0,34.0,0
3612,13,71,5.1,20,43,0,,0
2152,47,106,3.4,45,9,0,82.0,0
3156,4,65,5.6,17,52,0,44.0,0
3743,81,56,6.5,44,0,25,10.0,1
3977,30,56,6.5,10,26,0,,0
2745,368,236,1.5,46,0,132,25.0,1
2692,150,109,3.3,43,0,41,27.0,1
1517,122,146,2.5,40,0,0,,0
3232,81,56,6.5,13,0,25,3.0,1
3654,82,56,6.5,57,0,26,28.0,1
3061,28,59,6.2,57,28,0,,0
1970,35,56,6.5,57,21,0,23.0,1
3116,126,119,3.1,38,0,7,16.0,1
4773,1026,730,0.5,44,0,296,27.0,1
2621,164,156,2.3,16,0,8,,0
2586,204,730,0.5,39,0,0,510.0,0
1524,123,141,2.6,33,0,0,18.0,1
4837,12,56,6.5,27,44,0,34.0,0
1331,122,118,3.1,37,0,4,8.0,1
2640,328,374,1.0,48,0,0,32.0,0
1643,155,389,0.9,16,0,0,228.0,0
2061,73,56,6.5,15,0,17,20.0,1
2533,133,110,3.3,16,0,23,14.0,1
2667,15,56,6.5,6,41,0,,0
3717,17,174,2.1,29,39,0,139.0,0
3357,445,311,1.2,40,0,134,,0
4136,122,92,4.0,17,0,30,15.0,1
4772,9,56,6.5,40,47,0,69.0,0
3992,47,120,3.0,7,9,0,74.0,0
1414,13,125,2.9,34,43,0,,0
4056,2,96,3.8,45,54,0,100.0,0
4497,4,103,3.5,55,52,0,80.0,0
1433,4,78,4.7,36,52,0,68.0,0
4350,173,199,1.8,26,0,0,35.0,0
1973,42,162,2.3,26,14,0,131.0,0
1226,41,56,6.5,11,15,0,,0
3256,29,56,6.5,54,27,0,12.0,1
2851,65,73,5.0,25,0,0,3.0,1
2439,121,162,2.3,36,0,0,32.0,0
3487,16,101,3.6,42,40,0,,0
1055,21,56,6.5,48,35,0,14.0,1
4171,89,110,3.3,2,0,0,32.0,0
2622,54,69,5.3,41,2,0,,0
1289,241,182,2.0,28,0,59,,0
4566,164,117,3.1,1,0,47,3.0,1
4813,58,69,5.3,6,0,0,37.0,0
2704,107,108,3.4,55,0,0,,0
4366,378,257,1.4,40,0,121,13.0,1
3261,20,57,6.4,36,36,0,37.0,0
3857,210,124,2.9,1,0,86,26.0,1
1833,122,85,4.3,49,0,37,,0
1509,154,126,2.9,15,0,28,26.0,1
3707,6,56,6.5,1,50,0,,0
1269,96,98,3.7,19,0,0,25.0,1
2189,352,218,1.7,25,0,134,,0
4876,66,56,6.5,14,0,10,3.0,1
2828,16,56,6.5,22,40,0,22.0,1
1371,24,56,6.5,23,32,0,,0
3059,23,56,6.5,7,33,0,29.0,1
1987,63,144,2.5,34,0,0,,0
2463,19,56,6.5,11,37,0,,0
4463,26,70,5.2,16,30,0,,0
4548,105,147,2.5,47,0,0,,0
4988,92,125,2.9,38,0,0,26.0,1
4494,6,66,5.5,9,50,0,52.0,0
3991,91,104,3.5,4,0,0,2.0,1
4729,8,98,3.7,45,48,0,,0
4695,101,75,4.9,56,0,26,29.0,1
1574,37,76,4.8,40,19,0,60.0,0
4794,403,538,0.7,35,0,0,,0
3505,13,171,2.1,23,43,0,182.0,0
1904,243,654,0.6,24,0,0,438.0,0
2878,96,60,6.1,54,0,36,21.0,1
2053,29,84,4.3,4,27,0,46.0,0
1341,97,56,6.5,30,0,41,,0
4386,28,56,6.5,40,28,0,26.0,1
3102,491,412,0.9,59,0,79,18.0,1
4548,111,59,6.2,32,0,52,15.0,1
1197,390,417,0.9,52,0,0,22.0,1
2329,75,56,6.5,38,0,19,,0
4490,28,56,6.5,34,28,0,4.0,1
4469,58,68,5.4,34,0,0,2.0,1
3244,57,85,4.3,31,0,0,31.0,0
2325,124,188,1.9,31,0,0,51.0,0
1977,180,129,2.8,32,0,51,2.0,1
2570,16,64,5.7,36,40,0,32.0,0
1198,28,80,4.6,22,28,0,3.0,1
2121,81,69,5.3,19,0,12,26.0,1
1869,57,56,6.5,45,0,1,5.0,1
4881,99,56,6.5,35,0,43,18.0,1
3066,188,204,1.8,38,0,0,8.0,1
1172,59,56,6.5,42,0,3,6.0,1
4575,359,328,1.1,15,0,31,12.0,1
3357,49,68,5.4,56,7,0,12.0,1
1703,61,56,6.5,38,0,5,8.0,1
1458,12,162,2.3,8,44,0,,0
2960,399,295,1.2,32,0,104,11.0,1
2424,89,220,1.7,36,0,0,122.0,0
1778,111,134,2.7,37,0,0,44.0,0
2662,304,214,1.7,30,0,90,25.0,1
4692,60,56,6.5,51,0,4,8.0,1
3907,82,59,6.2,48,0,23,27.0,1
2666,64,56,6.5,23,0,8,4.0,1
3953,328,239,1.5,43,0,89,,0
1791,24,66,5.5,7,32,0,,0
2786,220,177,2.1,22,0,43,,0
3871,56,138,2.6,36,0,0,75.0,0
2402,55,56,6.5,39,1,0,,0
3329,36,56,6.5,28,20,0,,0
3372,85,253,1.4,12,0,0,,0
1663,46,56,6.5,3,10,0,38.0,0
4243,105,99,3.7,45,0,6,,0
2689,50,56,6.5,38,6,0,29.0,1
3886,30,70,5.2,44,26,0,58.0,0
4915,123,86,4.2,36,0,37,25.0,1
4768,11,56,6.5,21,45,0,40.0,0
2771,73,56,6.5,22,0,17,,0
1291,76,113,3.2,23,0,0,,0
4088,10,56,6.5,7,46,0,33.0,0
1719,44,56,6.5,7,12,0,,0
1990,55,56,6.5,21,1,0,,0
2809,69,84,4.3,44,0,0,,0
1607,233,191,1.9,14,0,42,27.0,1
1321,141,300,1.2,42,0,0,159.0,0
2648,43,56,6.5,7,13,0,4.0,1
2161,373,502,0.7,5,0,0,137.0,0
1495,12,56,6.5,37,44,0,70.0,0
4004,199,214,1.7,19,0,0,11.0,1
3854,85,56,6.5,25,0,29,25.0,1
2421,24,56,6.5,12,32,0,51.0,0
2907,64,56,6.5,9,0,8,28.0,1
2198,95,86,4.2,1,0,9,12.0,1
3697,58,143,2.6,52,0,0,61.0,0
1822,1,153,2.4,43,55,0,128.0,0
1219,22,56,6.5,29,34,0,32.0,0
2175,65,56,6.5,43,0,9,6.0,1
3685,64,56,6.5,19,0,8,,0
1757,80,82,4.5,15,0,0,7.0,1
2575,88,76,4.8,36,0,12,12.0,1
1190,27,56,6.5,18,29,0,37.0,0
2697,98,111,3.3,22,0,0,12.0,1
3683,259,550,0.7,22,0,0,,0
3736,81,60,6.1,30,0,21,14.0,1
2342,31,63,5.8,7,25,0,,0
1872,192,140,2.6,48,0,52,10.0,1
3824,107,57,6.4,6,0,50,,0
1686,144,153,2.4,13,0,0,,0
1732,28,56,6.5,56,28,0,9.0,1
1172,268,389,0.9,52,0,0,,0
3280,28,118,3.1,14,28,0,,0
3979,43,56,6.5,2,13,0,7.0,1
4720,3,56,6.5,42,53,0,53.0,0
4304,10,59,6.2,16,46,0,16.0,1
1750,77,269,1.4,39,0,0,172.0,0
1650,86,56,6.5,46,0,30,,0
1084,29,56,6.5,33,27,0,,0
4020,16,57,6.4,1,40,0,63.0,0
3928,55,88,4.1,30,1,0,31.0,0
1023,29,72,5.1,11,27,0,29.0,1
3816,80,56,6.5,14,0,24,9.0,1
2762,6,65,5.6,37,50,0,65.0,0
2506,51,83,4.4,37,5,0,28.0,1
3364,17,56,6.5,53,39,0,45.0,0
3900,117,155,2.4,35,0,0,,0
2262,75,187,2.0,14,0,0,,0
4012,43,84,4.3,48,13,0,33.0,0
1788,121,108,3.4,22,0,13,19.0,1
1259,53,56,6.5,31,3,0,24.0,1
4808,87,64,5.7,18,0,23,8.0,1
1611,224,201,1.8,10,0,23,2.0,1
4641,70,64,5.7,24,0,6,,0
4015,36,56,6.5,24,20,0,40.0,0
2244,553,556,0.7,32,0,0,5.0,1
1244,353,385,0.9,37,0,0,,0
3438,25,130,2.8,54,31,0,66.0,0
1384,353,223,1.6,34,0,130,,0
1452,85,56,6.5,53,0,29,1.0,1
2100,59,56,6.5,56,0,3,11.0,1
4519,25,61,6.0,10,31,0,48.0,0
1507,10,74,4.9,46,46,0,,0
4289,58,60,6.1,14,0,0,1.0,1
2227,40,56,6.5,23,16,0,14.0,1
3938,120,122,3.0,32,0,0,,0
3695,23,139,2.6,47,33,0,149.0,0
2652,83,324,1.1,57,0,0,252.0,0
3107,3,56,6.5,12,53,0,18.0,1
1496,19,56,6.5,41,37,0,54.0,0
2534,21,56,6.5,24,35,0,,0
1253,54,71,5.1,34,2,0,27.0,1
3977,52,185,2.0,47,4,0,139.0,0
4413,18,56,6.5,20,38,0,32.0,0
1881,667,500,0.7,29,0,167,,0
2032,46,73,5.0,16,10,0,18.0,1
4656,140,101,3.6,52,0,39,,0
3943,57,56,6.5,40,0,1,11.0,1
1428,198,113,3.2,50,0,85,21.0,1
2873,83,56,6.5,42,0,27,,0
3576,14,156,2.3,9,42,0,156.0,0
3566,53,160,2.3,44,3,0,,0
3150,195,267,1.4,50,0,0,77.0,0
4890,79,56,6.5,52,0,23,,0
4553,111,102,3.6,3,0,9,24.0,1
2935,167,141,2.6,10,0,26,5.0,1
1440,22,128,2.9,40,34,0,,0
1859,71,56,6.5,1,0,15,12.0,1
3328,16,56,6.5,55,40,0,6.0,1
2813,36,118,3.1,7,20,0,59.0,0
1438,112,79,4.6,31,0,33,,0
2825,59,57,6.4,41,0,2,4.0,1
3958,105,165,2.2,13,0,0,36.0,0
4855,72,86,4.2,58,0,0,25.0,1
3319,20,56,6.5,56,36,0,,0
3341,28,56,6.5,22,28,0,,0
3389,70,56,6.5,16,0,14,7.0,1
4932,138,610,0.6,22,0,0,,0
2695,166,160,2.3,6,0,6,,0
2450,103,104,3.5,53,0,0,23.0,1
3647,7,77,4.7,46,49,0,81.0,0
4944,77,73,5.0,1,0,4,23.0,1
4377,71,229,1.6,2,0,0,143.0,0
2494,66,60,6.1,27,0,6,21.0,1
4256,33,142,2.6,12,23,0,114.0,0
4109,48,68,5.4,6,8,0,,0
3070,133,425,0.9,2,0,0,285.0,0
3648,113,163,2.2,37,0,0,55.0,0
1985,14,243,1.5,10,42,0,,0
2059,63,56,6.5,17,0,7,20.0,1
1433,169,209,1.7,17,0,0,38.0,0
3657,92,70,5.2,6,0,22,,0
3956,141,98,3.7,1,0,43,6.0,1
4936,403,332,1.1,20,0,71,19.0,1
2640,10,56,6.5,18,46,0,46.0,0
3041,69,105,3.5,9,0,0,10.0,1
2389,125,127,2.9,32,0,0,,0
1899,40,136,2.7,17,16,0,,0
4700,16,62,5.9,19,40,0,13.0,1
4875,622,477,0.8,55,0,145,10.0,1
3494,52,56,6.5,49,4,0,17.0,1
2747,304,289,1.3,13,0,15,10.0,1
4548,310,237,1.5,1,0,73,,0
1974,346,411,0.9,45,0,0,45.0,0
1893,35,56,6.5,38,21,0,24.0,1
3357,56,56,6.5,44,0,0,21.0,1
1078,52,296,1.2,38,4,0,235.0,0
2484,68,56,6.5,36,0,12,23.0,1
1059,50,56,6.5,10,6,0,4.0,1
3701,28,60,6.1,35,28,0,,0
3430,35,104,3.5,26,21,0,65.0,0
3619,249,321,1.1,48,0,0,,0
4387,32,77,4.7,33,24,0,,0
2557,98,56,6.5,40,0,42,2.0,1
3496,93,115,3.2,8,0,0,15.0,1
2600,166,131,2.8,55,0,35,19.0,1
4998,56,128,2.9,20,0,0,58.0,0
1886,73,78,4.7,2,0,0,,0
1992,19,56,6.5,39,37,0,51.0,0
4438,58,56,6.5,40,0,2,25.0,1
2728,22,280,1.3,28,34,0,231.0,0
4173,53,104,3.5,29,3,0,56.0,0
2751,51,69,5.3,53,5,0,26.0,1
3278,261,220,1.7,25,0,41,22.0,1
4477,57,56,6.5,26,0,1,26.0,1
2148,25,75,4.9,8,31,0,55.0,0
4542,139,100,3.6,30,0,39,16.0,1
4009,93,63,5.8,52,0,30,,0
4582,95,97,3.8,58,0,0,4.0,1
4413,73,77,4.7,57,0,0,20.0,1
3504,62,56,6.5,1,0,6,3.0,1
3051,138,104,3.5,28,0,34,17.0,1
4441,69,56,6.5,30,0,13,,0
1216,9,102,3.6,13,47,0,72.0,0
2230,19,270,1.4,41,37,0,243.0,0
1471,27,71,5.1,49,29,0,39.0,0
4687,21,56,6.5,21,35,0,25.0,1
4334,10,81,4.5,21,46,0,,0
4527,10,56,6.5,40,46,0,48.0,0
4738,16,144,2.5,11,40,0,,0
2754,48,79,4.6,27,8,0,9.0,1
2964,144,353,1.0,5,0,0,180.0,0
4426,183,228,1.6,13,0,0,17.0,1
3748,11,79,4.6,12,45,0,,0
3405,75,159,2.3,40,0,0,,0
2245,48,65,5.6,33,8,0,27.0,1
3726,32,92,4.0,58,24,0,71.0,0
3396,62,67,5.4,30,0,0,15.0,1
2789,118,166,2.2,3,0,0,46.0,0
3308,24,283,1.3,48,32,0,260.0,0
1337,214,170,2.1,23,0,44,6.0,1
1462,209,188,1.9,31,0,21,22.0,1
2625,161,188,1.9,6,0,0,13.0,1
4894,65,139,2.6,11,0,0,76.0,0
2786,54,56,6.5,37,2,0,21.0,1
1769,125,350,1.0,39,0,0,,0
4934,256,381,1.0,47,0,0,114.0,0
4992,30,74,4.9,45,26,0,45.0,0
4324,25,66,5.5,37,31,0,36.0,0
2112,141,146,2.5,39,0,0,25.0,1
3207,134,139,2.6,58,0,0,15.0,1
1441,37,76,4.8,51,19,0,19.0,1
4349,93,56,6.5,6,0,37,,0
3739,120,114,3.2,18,0,6,5.0,1
4273,102,139,2.6,1,0,0,28.0,1
3492,118,160,2.3,18,0,0,7.0,1
2507,93,119,3.1,52,0,0,,0
3251,48,72,5.1,11,8,0,31.0,0
3580,111,199,1.8,42,0,0,,0
2725,66,94,3.9,6,0,0,28.0,1
2038,41,62,5.9,59,15,0,24.0,1
3570,87,77,4.7,5,0,10,24.0,1
4629,29,56,6.5,24,27,0,23.0,1
2094,112,77,4.7,2,0,35,9.0,1
4543,179,156,2.3,48,0,23,24.0,1
1382,85,118,3.1,35,0,0,34.0,0
4485,92,303,1.2,34,0,0,199.0,0
4469,36,72,5.1,42,20,0,,0
2273,199,132,2.8,2,0,67,1.0,1
2063,75,169,2.2,52,0,0,116.0,0
1237,713,586,0.6,12,0,127,,0
3422,50,101,3.6,2,6,0,39.0,0
1837,17,56,6.5,47,39,0,,0
1045,133,177,2.1,50,0,0,53.0,0
1071,86,400,0.9,35,0,0,287.0,0
1803,58,69,5.3,29,0,0,,0
3359,106,176,2.1,33,0,0,90.0,0
4723,219,240,1.5,5,0,0,19.0,1
1964,81,203,1.8,43,0,0,94.0,0
1588,134,99,3.7,52,0,35,23.0,1
4346,66,56,6.5,43,0,10,,0
2685,19,84,4.3,59,37,0,58.0,0
1011,98,129,2.8,33,0,0,4.0,1
1287,96,186,2.0,54,0,0,,0
4569,101,117,3.1,39,0,0,20.0,1
1549,48,66,5.5,13,8,0,,0
1444,40,140,2.6,31,16,0,89.0,0
4621,246,179,2.0,36,0,67,,0
3256,152,121,3.0,19,0,31,21.0,1
3557,42,56,6.5,25,14,0,9.0,1
1847,99,77,4.7,43,0,22,,0
4595,61,192,1.9,35,0,0,105.0,0
3404,71,56,6.5,53,0,15,19.0,1
4117,23,56,6.5,37,33,0,17.0,1
4919,359,300,1.2,39,0,59,8.0,1
2604,147,135,2.7,33,0,12,21.0,1
2991,46,146,2.5,43,10,0,103.0,0
2606,58,56,6.5,3,0,2,29.0,1
2784,9,162,2.3,51,47,0,168.0,0
3266,37,112,3.3,47,19,0,,0
4353,52,56,6.5,58,4,0,4.0,1
3124,302,281,1.3,42,0,21,17.0,1
2250,6,102,3.6,24,50,0,,0
4117,72,65,5.6,3,0,7,16.0,1
1912,79,66,5.5,7,0,13,5.0,1
1381,5,56,6.5,13,51,0,8.0,1
4974,123,144,2.5,57,0,0,30.0,1
4528,103,110,3.3,24,0,0,7.0,1
3665,99,77,4.7,38,0,22,,0
2993,263,250,1.5,30,0,13,,0
1063,56,56,6.5,5,0,0,9.0,1
4702,80,56,6.5,23,0,24,2.0,1
4948,23,56,6.5,41,33,0,,0
1124,4,72,5.1,44,52,0,,0
4497,82,95,3.8,54,0,0,1.0,1
1886,96,126,2.9,27,0,0,19.0,1
1761,119,68,5.4,59,0,51,26.0,1
2509,12,56,6.5,18,44,0,,0
4124,266,346,1.1,40,0,0,68.0,0
1141,153,619,0.6,20,0,0,466.0,0
1036,111,100,3.6,6,0,11,,0
3572,31,56,6.5,30,25,0,21.0,1
1583,63,293,1.2,50,0,0,,0
4560,14,56,6.5,6,42,0,43.0,0
1819,112,68,5.4,50,0,44,,0
2993,43,56,6.5,17,13,0,32.0,0
2696,52,56,6.5,43,4,0,,0
1356,7,71,5.1,53,49,0,33.0,0
1915,104,56,6.5,36,0,48,,0
3883,35,90,4.1,59,21,0,42.0,0
4456,36,91,4.0,15,20,0,55.0,0
3546,67,56,6.5,52,0,11,,0
3258,82,66,5.5,17,0,16,29.0,1
3519,44,74,4.9,25,12,0,48.0,0
1188,86,172,2.1,44,0,0,,0
3229,9,79,4.6,30,47,0,,0
4317,69,174,2.1,43,0,0,,0
3926,162,143,2.6,40,0,19,,0
4402,6,142,2.6,17,50,0,122.0,0
4285,309,273,1.3,5,0,36,5.0,1
1503,36,56,6.5,59,20,0,3.0,1
4236,54,61,6.0,44,2,0,3.0,1
2730,341,368,1.0,48,0,0,22.0,1
4152,13,73,5.0,57,43,0,,0
1239,58,56,6.5,48,0,2,28.0,1
4582,91,76,4.8,49,0,15,7.0,1
4367,76,100,3.6,42,0,0,21.0,1
2017,114,56,6.5,42,0,58,4.0,1
3963,47,261,1.4,35,9,0,225.0,0
2058,43,56,6.5,11,13,0,6.0,1
1235,131,117,3.1,28,0,14,,0
3983,111,75,4.9,44,0,36,6.0,1
4406,31,56,6.5,20,25,0,32.0,0
3762,83,56,6.5,2,0,27,,0
3188,28,56,6.5,41,28,0,3.0,1
3137,274,214,1.7,33,0,60,25.0,1
1150,53,79,4.6,36,3,0,25.0,1
2511,10,59,6.2,10,46,0,,0
4340,92,56,6.5,45,0,36,,0
2071,302,234,1.6,19,0,68,,0
3609,58,290,1.3,58,0,0,,0
3511,341,232,1.6,25,0,109,6.0,1
2132,15,133,2.7,27,41,0,,0
3125,84,113,3.2,35,0,0,17.0,1
3023,15,56,6.5,23,41,0,37.0,0
3044,60,73,5.0,43,0,0,20.0,1
1563,53,56,6.5,34,3,0,30.0,1
1353,20,56,6.5,8,36,0,56.0,0
4955,339,209,1.7,2,0,130,22.0,1
1743,60,56,6.5,58,0,4,4.0,1
4932,164,234,1.6,25,0,0,49.0,0
3267,80,182,2.0,9,0,0,,0
2562,46,140,2.6,25,10,0,118.0,0
4749,141,146,2.5,45,0,0,16.0,1
3636,27,56,6.5,29,29,0,,0
2858,136,397,0.9,22,0,0,,0
3150,26,93,3.9,55,30,0,69.0,0
3405,1,114,3.2,14,55,0,112.0,0
1708,83,56,6.5,52,0,27,29.0,1
1826,39,56,6.5,48,17,0,,0
1847,16,131,2.8,43,40,0,101.0,0
1670,68,107,3.4,48,0,0,,0
2621,7,56,6.5,11,49,0,60.0,0
1898,1,56,6.5,50,55,0,,0
3884,19,56,6.5,51,37,0,40.0,0
4266,275,234,1.6,51,0,41,,0
4406,28,56,6.5,13,28,0,20.0,1
2761,77,68,5.4,33,0,9,,0
4342,256,287,1.3,3,0,0,31.0,0
4738,63,56,6.5,47,0,7,13.0,1
1588,34,56,6.5,52,22,0,,0
2021,95,56,6.5,36,0,39,7.0,1
1993,406,328,1.1,51,0,78,4.0,1
4217,419,443,0.8,48,0,0,23.0,1
3057,247,164,2.2,42,0,83,,0
4743,253,168,2.2,32,0,85,28.0,1
1451,19,56,6.5,36,37,0,1.0,1
4711,110,427,0.9,43,0,0,317.0,0
4521,140,111,3.3,36,0,29,13.0,1
3717,195,178,2.1,35,0,17,12.0,1
3483,70,82,4.5,5,0,0,18.0,1
2021,58,72,5.1,12,0,0,16.0,1
2246,510,340,1.1,19,0,170,,0
4384,172,138,2.6,40,0,34,,0
1685,8,287,1.3,27,48,0,231.0,0
3050,114,110,3.3,35,0,4,,0
1830,67,56,6.5,10,0,11,,0
1939,77,56,6.5,51,0,21,7.0,1
2604,134,97,3.8,56,0,37,14.0,1
4681,14,56,6.5,28,42,0,21.0,1
4533,76,56,6.5,33,0,20,3.0,1
1892,29,235,1.6,47,27,0,177.0,0
1310,2,58,6.3,47,54,0,54.0,0
3105,70,100,3.6,43,0,0,1.0,1
1061,46,114,3.2,36,10,0,,0
1996,63,56,6.5,35,0,7,,0
2030,27,287,1.3,49,29,0,267.0,0
4790,63,56,6.5,17,0,7,23.0,1
4858,58,110,3.3,55,0,0,83.0,0
3933,45,109,3.3,11,11,0,,0
1274,29,86,4.2,36,27,0,55.0,0
1080,38,56,6.5,37,18,0,36.0,0
1431,226,180,2.0,18,0,46,18.0,1
4303,148,163,2.2,31,0,0,12.0,1
2484,26,56,6.5,35,30,0,31.0,0
3232,32,158,2.3,28,24,0,,0
4476,179,121,3.0,1,0,58,25.0,1
4690,80,56,6.5,31,0,24,16.0,1
2792,51,56,6.5,52,5,0,14.0,1
3897,134,223,1.6,27,0,0,90.0,0
1279,26,115,3.2,40,30,0,99.0,0
1669,88,57,6.4,12,0,31,26.0,1
4773,30,56,6.5,12,26,0,,0
3970,49,59,6.2,27,7,0,,0
2306,62,63,5.8,27,0,0,27.0,1
1834,19,56,6.5,51,37,0,41.0,0
2523,69,56,6.5,46,0,13,21.0,1
3676,194,224,1.6,17,0,0,,0
2743,183,195,1.9,52,0,0,19.0,1
1003,61,56,6.5,25,0,5,24.0,1
4500,19,100,3.6,30,37,0,109.0,0
1696,31,56,6.5,10,25,0,,0
1895,12,73,5.0,40,44,0,40.0,0
2408,35,68,5.4,15,21,0,42.0,0
1224,86,63,5.8,58,0,23,,0
3091,298,446,0.8,19,0,0,150.0,0
1620,13,63,5.8,4,43,0,32.0,0
2881,75,56,6.5,15,0,19,12.0,1
1870,35,56,6.5,59,21,0,26.0,1
4266,306,207,1.8,37,0,99,8.0,1
3051,58,56,6.5,15,0,2,28.0,1
2952,5,56,6.5,55,51,0,26.0,1
1433,153,286,1.3,33,0,0,124.0,0
4204,59,109,3.3,51,0,0,52.0,0
2916,104,104,3.5,13,0,0,4.0,1
3780,78,495,0.7,17,0,0,420.0,0
4891,124,109,3.3,19,0,15,,0
1522,10,56,6.5,59,46,0,41.0,0
4202,28,71,5.1,59,28,0,62.0,0
2809,48,56,6.5,13,8,0,13.0,1
4357,2,245,1.5,6,54,0,245.0,0
1464,23,142,2.6,57,33,0,,0
2709,246,221,1.7,54,0,25,,0
2757,116,237,1.5,40,0,0,119.0,0
4165,15,64,5.7,30,41,0,,0
1480,89,56,6.5,36,0,33,11.0,1
4216,125,86,4.2,31,0,39,6.0,1
1166,63,56,6.5,53,0,7,7.0,1
2103,78,102,3.6,13,0,0,31.0,0
1288,83,222,1.6,24,0,0,135.0,0
1878,12,78,4.7,29,44,0,,0
2473,93,101,3.6,49,0,0,9.0,1
4649,41,83,4.4,56,15,0,,0
4543,238,171,2.1,46,0,67,20.0,1
2668,40,56,6.5,2,16,0,16.0,1
4747,51,56,6.5,54,5,0,11.0,1
4330,51,131,2.8,16,5,0,,0
4943,120,198,1.8,52,0,0,105.0,0
1159,144,128,2.9,12,0,16,,0
3189,11,56,6.5,28,45,0,,0
2401,36,56,6.5,26,20,0,25.0,1
2445,57,133,2.7,32,0,0,,0
2782,90,100,3.6,42,0,0,15.0,1
3692,4,81,4.5,4,52,0,68.0,0
2709,107,386,0.9,5,0,0,301.0,0
4545,70,56,6.5,17,0,14,28.0,1
3231,30,372,1.0,20,26,0,,0
3000,30,92,4.0,40,26,0,,0
4387,54,56,6.5,29,2,0,,0
4666,79,77,4.7,25,0,2,8.0,1
3122,120,193,1.9,18,0,0,53.0,0
1774,6,67,5.4,22,50,0,57.0,0
1396,45,56,6.5,53,11,0,,0
1626,58,78,4.7,8,0,0,27.0,1
1664,70,56,6.5,40,0,14,,0
2009,132,133,2.7,47,0,0,21.0,1
2135,242,167,2.2,40,0,75,25.0,1
3187,28,56,6.5,10,28,0,9.0,1
3590,10,56,6.5,17,46,0,,0
3779,41,164,2.2,46,15,0,118.0,0
2294,52,56,6.5,48,4,0,,0
4168,46,56,6.5,58,10,0,14.0,1
3570,39,56,6.5,20,17,0,3.0,1
1614,126,119,3.1,27,0,7,10.0,1
1415,66,115,3.2,2,0,0,66.0,0
1975,41,56,6.5,52,15,0,26.0,1
4848,3,90,4.1,29,53,0,,0
2075,32,305,1.2,6,24,0,241.0,0
1168,6,56,6.5,20,50,0,50.0,0
4723,65,56,6.5,37,0,9,4.0,1
3642,81,129,2.8,19,0,0,61.0,0
2291,100,82,4.5,11,0,18,2.0,1
2983,1,56,6.5,48,55,0,62.0,0
4927,53,151,2.4,18,3,0,,0
4656,59,176,2.1,39,0,0,121.0,0
3004,52,56,6.5,22,4,0,,0
3187,55,56,6.5,51,1,0,,0
1620,483,574,0.6,14,0,0,,0
2060,157,143,2.6,42,0,14,28.0,1
4204,174,154,2.4,57,0,20,6.0,1
1008,127,230,1.6,6,0,0,,0
1184,135,91,4.0,21,0,44,29.0,1
3802,7,170,2.1,8,49,0,158.0,0
4219,44,159,2.3,18,12,0,,0
2093,176,138,2.6,22,0,38,,0
3279,47,69,5.3,6,9,0,17.0,1
2905,36,103,3.5,55,20,0,,0
2917,83,56,6.5,35,0,27,2.0,1
4468,17,90,4.1,54,39,0,88.0,0
1847,23,56,6.5,35,33,0,,0
3515,13,56,6.5,46,43,0,,0
2668,74,71,5.1,45,0,3,,0
3677,15,56,6.5,56,41,0,,0
4754,62,60,6.1,53,0,2,9.0,1
1336,71,78,4.7,54,0,0,16.0,1
2717,131,124,2.9,57,0,7,25.0,1
4901,11,192,1.9,9,45,0,191.0,0
4337,70,62,5.9,16,0,8,,0
4229,201,261,1.4,11,0,0,21.0,1
4334,72,190,1.9,48,0,0,117.0,0
3744,33,134,2.7,21,23,0,95.0,0
1138,5,101,3.6,42,51,0,,0
1199,134,116,3.1,23,0,18,,0
3354,330,232,1.6,54,0,98,4.0,1
4647,83,239,1.5,58,0,0,,0
3788,267,261,1.4,45,0,6,1.0,1
3078,57,93,3.9,20,0,0,,0
2647,31,140,2.6,17,25,0,131.0,0
4584,337,263,1.4,31,0,74,15.0,1
2112,7,56,6.5,52,49,0,,0
4513,9,69,5.3,18,47,0,67.0,0
3907,9,91,4.0,29,47,0,,0
3774,198,184,2.0,48,0,14,23.0,1
3866,118,187,2.0,32,0,0,83.0,0
2372,17,74,4.9,8,39,0,63.0,0
1405,36,56,6.5,50,20,0,7.0,1
3249,19,109,3.3,9,37,0,82.0,0
3605,1,56,6.5,58,55,0,68.0,0
4472,76,56,6.5,46,0,20,25.0,1
1268,10,56,6.5,6,46,0,21.0,1
1335,152,116,3.1,5,0,36,,0
3938,152,267,1.4,45,0,0,113.0,0
3418,124,92,4.0,13,0,32,4.0,1
1587,77,106,3.4,25,0,0,40.0,0
1239,79,231,1.6,31,0,0,,0
3672,8,56,6.5,34,48,0,51.0,0
4790,90,136,2.7,17,0,0,,0
1806,14,89,4.1,57,42,0,92.0,0
3322,160,141,2.6,26,0,19,,0
4284,5,61,6.0,20,51,0,61.0,0
1828,20,56,6.5,50,36,0,33.0,0
2119,5,100,3.6,6,51,0,,0
4972,110,336,1.1,32,0,0,219.0,0
2592,214,179,2.0,33,0,35,,0
2070,2,59,6.2,59,54,0,56.0,0
3894,12,56,6.5,20,44,0,35.0,0
4231,52,56,6.5,47,4,0,15.0,1
4584,257,257,1.4,11,0,0,8.0,1
2742,102,56,6.5,47,0,46,13.0,1
3082,16,69,5.3,52,40,0,,0
1723,293,259,1.4,10,0,34,,0
1670,76,56,6.5,43,0,20,28.0,1
3963,235,297,1.2,39,0,0,73.0,0
4886,26,73,5.0,19,30,0,,0
3071,46,56,6.5,27,10,0,12.0,1
4111,42,73,5.0,40,14,0,36.0,0
3547,22,56,6.5,34,34,0,,0
1329,197,128,2.9,36,0,69,,0
4405,15,56,6.5,56,41,0,31.0,0
1504,66,56,6.5,20,0,10,3.0,1
3808,109,75,4.9,46,0,34,20.0,1
4042,42,56,6.5,5,14,0,24.0,1
3429,89,106,3.4,10,0,0,11.0,1
1703,7,56,6.5,32,49,0,,0
3140,13,60,6.1,40,43,0,36.0,0
2224,32,104,3.5,40,24,0,,0
4191,16,75,4.9,28,40,0,60.0,0
4315,158,109,3.3,53,0,49,9.0,1
1649,72,155,2.4,29,0,0,75.0,0
4839,78,56,6.5,48,0,22,11.0,1
4188,49,85,4.3,22,7,0,46.0,0
1956,5,56,6.5,9,51,0,46.0,0
4585,174,109,3.3,2,0,65,21.0,1
4350,56,70,5.2,13,0,0,5.0,1
1849,4,56,6.5,35,52,0,,0
4776,131,115,3.2,27,0,16,15.0,1
1953,226,230,1.6,57,0,0,10.0,1
1394,34,61,6.0,30,22,0,,0
3404,55,56,6.5,29,1,0,,0
2916,122,102,3.6,35,0,20,12.0,1
1931,33,56,6.5,37,23,0,,0
4424,97,56,6.5,51,0,41,2.0,1
2598,321,239,1.5,26,0,82,15.0,1
2059,86,94,3.9,4,0,0,,0
2976,53,56,6.5,35,3,0,16.0,1
1471,10,56,6.5,10,46,0,43.0,0
3904,110,102,3.6,20,0,8,,0
3326,211,179,2.0,49,0,32,19.0,1
1437,32,56,6.5,56,24,0,16.0,1
2598,80,128,2.9,10,0,0,42.0,0
4797,308,260,1.4,30,0,48,21.0,1
1032,68,407,0.9,11,0,0,352.0,0
1686,152,117,3.1,16,0,35,,0
2554,126,135,2.7,7,0,0,23.0,1
1929,10,56,6.5,54,46,0,,0
3838,191,482,0.8,23,0,0,,0
3157,20,56,6.5,40,36,0,4.0,1
2497,48,56,6.5,1,8,0,1.0,1
4669,41,73,5.0,45,15,0,42.0,0
4522,344,301,1.2,7,0,43,9.0,1
3051,85,526,0.7,41,0,0,427.0,0
2120,17,99,3.7,4,39,0,93.0,0
3506,82,200,1.8,2,0,0,124.0,0
4155,86,93,3.9,17,0,0,14.0,1
4825,57,56,6.5,40,0,1,,0
4199,147,293,1.2,9,0,0,116.0,0
3143,45,56,6.5,11,11,0,1.0,1
1692,223,307,1.2,44,0,0,85.0,0
2135,59,254,1.4,19,0,0,194.0,0
4982,75,147,2.5,56,0,0,76.0,0
2496,82,388,0.9,14,0,0,317.0,0
2656,396,536,0.7,15,0,0,,0
4344,27,78,4.7,47,29,0,46.0,0
1917,114,56,6.5,8,0,58,,0
1417,52,56,6.5,59,4,0,13.0,1
1416,334,542,0.7,33,0,0,207.0,0
3584,36,63,5.8,56,20,0,44.0,0
2549,230,223,1.6,2,0,7,5.0,1
4181,12,56,6.5,2,44,0,,0
1305,175,308,1.2,20,0,0,127.0,0
2053,14,56,6.5,58,42,0,40.0,0
2493,22,56,6.5,23,34,0,48.0,0
4093,103,76,4.8,18,0,27,,0
3386,77,58,6.3,30,0,19,6.0,1
4685,203,145,2.5,21,0,58,8.0,1
2795,91,86,4.2,36,0,5,,0
1071,175,148,2.5,54,0,27,,0
2836,19,71,5.1,3,37,0,29.0,1
4187,33,56,6.5,57,23,0,,0
2279,98,56,6.5,17,0,42,,0
3534,285,462,0.8,24,0,0,187.0,0
3889,66,107,3.4,38,0,0,35.0,0
4185,44,56,6.5,4,12,0,10.0,1
1539,72,59,6.2,9,0,13,,0
2717,98,97,3.8,33,0,1,8.0,1
4257,126,393,0.9,57,0,0,248.0,0
1852,185,204,1.8,34,0,0,13.0,1
2856,83,56,6.5,45,0,27,14.0,1
1762,735,623,0.6,54,0,112,29.0,1
1932,16,87,4.2,32,40,0,,0
2205,313,243,1.5,59,0,70,16.0,1
2377,34,56,6.5,8,22,0,,0
3954,47,56,6.5,48,9,0,31.0,0
4215,29,56,6.5,50,27,0,8.0,1
2510,67,56,6.5,15,0,11,14.0,1
3253,182,487,0.7,31,0,0,316.0,0
1251,50,106,3.4,5,6,0,50.0,0
3496,55,56,6.5,42,1,0,4.0,1
1862,11,129,2.8,42,45,0,,0
1171,131,104,3.5,29,0,27,,0
3730,32,147,2.5,14,24,0,105.0,0
1240,328,236,1.5,52,0,92,15.0,1
4019,53,71,5.1,53,3,0,29.0,1
4994,15,56,6.5,13,41,0,,0
1336,245,174,2.1,48,0,71,15.0,1
1753,219,171,2.1,26,0,48,27.0,1
1079,79,97,3.8,20,0,0,54.0,0
3816,367,513,0.7,31,0,0,113.0,0
4318,44,63,5.8,51,12,0,,0
3589,14,56,6.5,36,42,0,54.0,0
3170,61,125,2.9,27,0,0,45.0,0
3751,2,56,6.5,37,54,0,63.0,0
2956,74,133,2.7,33,0,0,,0
1406,43,56,6.5,29,13,0,11.0,1
4610,24,65,5.6,27,32,0,19.0,1
2892,166,408,0.9,4,0,0,238.0,0
4663,7,65,5.6,11,49,0,31.0,0
4671,51,56,6.5,25,5,0,15.0,1
2691,243,229,1.6,56,0,14,5.0,1
3973,26,56,6.5,5,30,0,25.0,1
3521,30,56,6.5,51,26,0,,0
1599,23,142,2.6,2,33,0,119.0,0
1862,144,190,1.9,40,0,0,46.0,0
3776,120,238,1.5,13,0,0,,0
1178,13,56,6.5,56,43,0,,0
1129,76,145,2.5,53,0,0,65.0,0
2276,21,61,6.0,27,35,0,34.0,0
2094,31,56,6.5,59,25,0,47.0,0
4439,259,235,1.6,39,0,24,,0
2110,37,57,6.4,17,19,0,11.0,1
1860,3,112,3.3,31,53,0,,0
4618,104,101,3.6,54,0,3,,0
4677,27,56,6.5,58,29,0,31.0,0
1412,38,194,1.9,11,18,0,161.0,0
1926,153,140,2.6,9,0,13,27.0,1
2905,16,56,6.5,11,40,0,,0
4497,96,112,3.3,7,0,0,18.0,1
3753,40,56,6.5,37,16,0,20.0,1
1946,240,216,1.7,6,0,24,12.0,1
1334,26,56,6.5,30,30,0,36.0,0
3044,72,67,5.4,29,0,5,14.0,1
2551,26,120,3.0,31,30,0,,0
3055,106,94,3.9,23,0,12,13.0,1
4900,139,165,2.2,13,0,0,11.0,1
4675,7,56,6.5,54,49,0,38.0,0
4623,431,337,1.1,37,0,94,1.0,1
1208,25,137,2.7,12,31,0,122.0,0
3232,217,267,1.4,45,0,0,57.0,0
2780,162,181,2.0,18,0,0,3.0,1
1205,134,89,4.1,12,0,45,27.0,1
3644,61,56,6.5,59,0,5,,0
2457,71,57,6.4,3,0,14,24.0,1
1282,248,321,1.1,48,0,0,64.0,0
4412,321,272,1.3,36,0,49,12.0,1
2695,67,56,6.5,53,0,11,,0
2487,14,56,6.5,17,42,0,33.0,0
1923,136,75,4.9,10,0,61,,0
2915,61,71,5.1,13,0,0,18.0,1
3277,23,73,5.0,23,33,0,55.0,0
3166,72,137,2.7,30,0,0,74.0,0
3332,59,181,2.0,56,0,0,95.0,0
2968,171,198,1.8,28,0,0,15.0,1
1754,128,128,2.9,23,0,0,12.0,1
4235,36,56,6.5,5,20,0,38.0,0
3428,65,68,5.4,49,0,0,28.0,1
3166,438,568,0.6,30,0,0,110.0,0
1535,13,121,3.0,9,43,0,121.0,0
1340,63,120,3.0,34,0,0,75.0,0
4967,61,120,3.0,48,0,0,73.0,0
3726,88,125,2.9,26,0,0,37.0,0
4761,84,56,6.5,17,0,28,16.0,1
1903,22,74,4.9,34,34,0,89.0,0
4547,26,87,4.2,4,30,0,,0
4921,183,250,1.5,14,0,0,72.0,0
2490,25,93,3.9,2,31,0,54.0,0
1146,52,56,6.5,48,4,0,,0
4749,143,126,2.9,6,0,17,8.0,1
1427,43,56,6.5,56,13,0,18.0,1
2305,122,56,6.5,9,0,66,8.0,1
4653,65,56,6.5,24,0,9,26.0,1
4821,129,138,2.6,14,0,0,5.0,1
4760,274,246,1.5,13,0,28,27.0,1
3329,173,132,2.8,11,0,41,21.0,1
3139,100,149,2.4,40,0,0,50.0,0
4307,18,131,2.8,25,38,0,120.0,0
4999,162,97,3.8,30,0,65,,0
1417,250,157,2.3,24,0,93,,0
2196,15,56,6.5,34,41,0,45.0,0
1292,122,98,3.7,23,0,24,7.0,1
2624,11,56,6.5,19,45,0,48.0,0
3773,125,228,1.6,1,0,0,,0
2886,94,80,4.6,15,0,14,27.0,1
3309,40,92,4.0,58,16,0,50.0,0
1670,87,56,6.5,41,0,31,,0
2600,11,203,1.8,56,45,0,183.0,0
1103,188,148,2.5,46,0,40,,0
1904,54,140,2.6,54,2,0,110.0,0
3043,16,56,6.5,16,40,0,,0
4531,44,56,6.5,34,12,0,21.0,1
1916,5,107,3.4,43,51,0,,0
2257,9,56,6.5,1,47,0,50.0,0
1578,4,127,2.9,58,52,0,113.0,0
4839,81,56,6.5,22,0,25,16.0,1
3985,6,60,6.1,53,50,0,17.0,1
4245,94,378,1.0,2,0,0,280.0,0
4204,80,127,2.9,49,0,0,34.0,0
3084,2,102,3.6,13,54,0,,0
2868,412,440,0.8,35,0,0,36.0,0
4100,63,56,6.5,21,0,7,17.0,1
4163,38,56,6.5,41,18,0,26.0,1
1560,59,65,5.6,8,0,0,27.0,1
1664,25,178,2.1,29,31,0,144.0,0
1137,25,181,2.0,46,31,0,,0
2121,35,56,6.5,9,21,0,14.0,1
4598,232,200,1.8,53,0,32,17.0,1
3973,89,65,5.6,4,0,24,23.0,1
3252,2,237,1.5,3,54,0,,0
4812,11,56,6.5,51,45,0,54.0,0
3234,21,81,4.5,43,35,0,,0
1240,6,60,6.1,4,50,0,62.0,0
4638,185,209,1.7,27,0,0,25.0,1
1822,32,59,6.2,37,24,0,7.0,1
4524,2,87,4.2,46,54,0,98.0,0
4725,86,135,2.7,58,0,0,47.0,0
3249,127,139,2.6,30,0,0,56.0,0
4438,75,183,2.0,15,0,0,108.0,0
1993,55,106,3.4,16,1,0,64.0,0
3014,71,64,5.7,28,0,7,12.0,1
4255,21,68,5.4,55,35,0,19.0,1
3034,57,91,4.0,12,0,0,,0
4388,88,109,3.3,25,0,0,,0
4844,105,80,4.6,28,0,25,,0
3821,27,91,4.0,59,29,0,78.0,0
3956,22,56,6.5,52,34,0,8.0,1
4317,250,153,2.4,53,0,97,,0
3471,71,104,3.5,53,0,0,49.0,0
3490,154,200,1.8,46,0,0,,0
3828,89,90,4.1,4,0,0,7.0,1
2837,38,56,6.5,35,18,0,1.0,1
4311,25,67,5.4,39,31,0,58.0,0
3912,105,76,4.8,5,0,29,12.0,1
1228,63,163,2.2,50,0,0,110.0,0
1127,73,56,6.5,29,0,17,,0
2686,5,93,3.9,57,51,0,110.0,0
1148,166,135,2.7,17,0,31,,0
4399,68,56,6.5,31,0,12,5.0,1
4873,67,95,3.8,12,0,0,,0
4380,11,56,6.5,36,45,0,,0
3014,35,56,6.5,31,21,0,5.0,1
2054,59,64,5.7,11,0,0,21.0,1
2875,24,56,6.5,46,32,0,57.0,0
3274,119,155,2.4,39,0,0,29.0,1
2729,88,56,6.5,30,0,32,6.0,1
4583,47,56,6.5,32,9,0,21.0,1
3903,313,370,1.0,8,0,0,68.0,0
1382,213,194,1.9,10,0,19,6.0,1
3378,14,56,6.5,11,42,0,66.0,0
2475,20,56,6.5,27,36,0,42.0,0
1409,63,109,3.3,6,0,0,27.0,1
1653,176,116,3.1,55,0,60,,0
2533,48,56,6.5,41,8,0,,0
2005,15,227,1.6,6,41,0,209.0,0
3281,38,174,2.1,39,18,0,125.0,0
4411,25,132,2.8,30,31,0,93.0,0
3147,324,266,1.4,18,0,58,16.0,1
2176,64,129,2.8,39,0,0,,0
2382,57,128,2.9,39,0,0,51.0,0
3377,167,312,1.2,14,0,0,134.0,0
3530,20,217,1.7,15,36,0,166.0,0
4263,7,56,6.5,50,49,0,49.0,0
4140,94,149,2.4,53,0,0,,0
2859,67,56,6.5,36,0,11,18.0,1
2136,66,134,2.7,23,0,0,,0
4475,143,131,2.8,36,0,12,,0
3429,57,56,6.5,25,0,1,1.0,1
4798,25,81,4.5,9,31,0,,0
1042,138,111,3.3,37,0,27,17.0,1
1388,52,63,5.8,24,4,0,29.0,1
2372,47,115,3.2,19,9,0,19.0,1
4819,71,171,2.1,36,0,0,84.0,0
4036,126,87,4.2,34,0,39,28.0,1
1109,106,107,3.4,11,0,0,1.0,1
1927,1,272,1.3,48,55,0,247.0,0
1853,219,131,2.8,35,0,88,4.0,1
2836,87,105,3.5,28,0,0,13.0,1
1426,69,56,6.5,52,0,13,20.0,1
4829,88,153,2.4,41,0,0,71.0,0
1363,37,117,3.1,31,19,0,65.0,0
1070,153,251,1.5,36,0,0,102.0,0
1992,86,93,3.9,33,0,0,13.0,1
2941,105,56,6.5,15,0,49,15.0,1
3600,27,56,6.5,2,29,0,,0
4897,45,162,2.3,39,11,0,,0
2210,3,57,6.4,50,53,0,,0
1539,48,127,2.9,27,8,0,64.0,0
4284,175,98,3.7,47,0,77,14.0,1
4638,101,78,4.7,16,0,23,26.0,1
3866,13,83,4.4,3,43,0,,0
4619,41,56,6.5,27,15,0,15.0,1
4498,73,88,4.1,32,0,0,,0
2797,7,56,6.5,58,49,0,,0
4794,95,66,5.5,35,0,29,,0
2330,5,69,5.3,24,51,0,76.0,0
2913,2,75,4.9,7,54,0,,0
3100,95,188,1.9,49,0,0,,0
4722,59,81,4.5,40,0,0,28.0,1
3737,220,204,1.8,19,0,16,11.0,1
2936,352,308,1.2,5,0,44,1.0,1
3605,196,178,2.1,39,0,18,9.0,1
3129,51,138,2.6,51,5,0,75.0,0
2197,109,116,3.1,56,0,0,18.0,1
2868,218,179,2.0,8,0,39,23.0,1
3088,11,96,3.8,25,45,0,,0
3354,76,197,1.9,22,0,0,99.0,0
3826,41,147,2.5,2,15,0,,0
2022,49,67,5.4,40,7,0,25.0,1
2842,223,184,2.0,46,0,39,7.0,1
4098,111,96,3.8,10,0,15,,0
3608,55,82,4.5,18,1,0,,0
4343,101,61,6.0,25,0,40,,0
2329,85,102,3.6,50,0,0,,0
1910,239,199,1.8,16,0,40,,0
2461,101,183,2.0,15,0,0,,0
3317,97,119,3.1,7,0,0,,0
2486,50,145,2.5,12,6,0,113.0,0
2533,154,248,1.5,32,0,0,111.0,0
3769,46,79,4.6,3,10,0,,0
4275,30,56,6.5,1,26,0,5.0,1
1793,381,254,1.4,56,0,127,18.0,1
2257,50,58,6.3,43,6,0,17.0,1
4623,34,56,6.5,23,22,0,24.0,1
3293,34,56,6.5,35,22,0,6.0,1
2553,10,142,2.6,1,46,0,128.0,0
1921,2,56,6.5,44,54,0,58.0,0
1501,12,56,6.5,44,44,0,44.0,0
4181,63,144,2.5,58,0,0,,0
1913,193,160,2.3,20,0,33,6.0,1
3816,6,56,6.5,16,50,0,50.0,0
3063,15,80,4.6,37,41,0,41.0,0
4428,29,56,6.5,45,27,0,,0
3196,58,58,6.3,35,0,0,24.0,1
4015,162,111,3.3,37,0,51,11.0,1
1499,25,60,6.1,1,31,0,33.0,0
2985,41,74,4.9,47,15,0,45.0,0
3678,43,56,6.5,55,13,0,,0
4794,17,222,1.6,34,39,0,205.0,0
4036,185,135,2.7,21,0,50,4.0,1
3525,69,169,2.2,26,0,0,85.0,0
4970,107,252,1.4,14,0,0,,0
4335,18,56,6.5,18,38,0,27.0,1
2275,29,67,5.4,24,27,0,23.0,1
2634,49,56,6.5,35,7,0,,0
4601,639,730,0.5,1,0,0,94.0,0
2625,28,79,4.6,54,28,0,65.0,0
2560,151,206,1.8,47,0,0,54.0,0
2479,32,56,6.5,43,24,0,4.0,1
4345,96,199,1.8,16,0,0,108.0,0
4095,313,397,0.9,46,0,0,86.0,0
4140,117,85,4.3,56,0,32,,0
3457,32,56,6.5,39,24,0,,0
4913,70,80,4.6,38,0,0,2.0,1
1010,9,56,6.5,21,47,0,65.0,0
1259,16,87,4.2,24,40,0,,0
4081,252,173,2.1,26,0,79,25.0,1
2636,57,87,4.2,47,0,0,,0
4083,46,71,5.1,46,10,0,27.0,1
4657,128,137,2.7,52,0,0,,0
3955,176,145,2.5,39,0,31,17.0,1
4716,7,56,6.5,18,49,0,53.0,0
3794,55,96,3.8,41,1,0,37.0,0
4162,672,631,0.6,24,0,41,26.0,1
4296,72,56,6.5,44,0,16,22.0,1
3527,84,84,4.3,28,0,0,11.0,1
2028,548,425,0.9,20,0,123,20.0,1
1022,248,217,1.7,39,0,31,12.0,1
4255,55,59,6.2,17,1,0,16.0,1
4287,64,106,3.4,21,0,0,27.0,1
3605,104,89,4.1,50,0,15,27.0,1
4201,15,56,6.5,18,41,0,30.0,1
2405,13,84,4.3,50,43,0,62.0,0
1349,25,71,5.1,2,31,0,46.0,0
1585,10,98,3.7,37,46,0,90.0,0
1000,93,56,6.5,36,0,37,,0
4724,88,56,6.5,17,0,32,,0
4003,69,87,4.2,43,0,0,25.0,1
3851,119,354,1.0,6,0,0,250.0,0
2085,63,96,3.8,35,0,0,22.0,1
4646,22,69,5.3,40,34,0,,0
3370,70,164,2.2,34,0,0,90.0,0
3667,64,79,4.6,56,0,0,19.0,1
3795,404,401,0.9,22,0,3,29.0,1
1015,99,89,4.1,37,0,10,11.0,1
3509,154,157,2.3,32,0,0,,0
1423,94,56,6.5,10,0,38,,0
4829,154,134,2.7,6,0,20,17.0,1
4308,38,112,3.3,13,18,0,,0
2327,42,86,4.2,6,14,0,28.0,1
4182,32,60,6.1,36,24,0,9.0,1
2709,40,56,6.5,33,16,0,22.0,1
3564,82,112,3.3,2,0,0,26.0,1
3456,216,148,2.5,16,0,68,,0
3853,77,81,4.5,40,0,0,26.0,1
2717,42,113,3.2,25,14,0,,0
1476,6,87,4.2,20,50,0,48.0,0
2872,65,97,3.8,27,0,0,19.0,1
2992,12,76,4.8,46,44,0,,0
2617,125,91,4.0,15,0,34,24.0,1
2483,385,730,0.5,40,0,0,355.0,0
1428,70,115,3.2,10,0,0,19.0,1
3160,23,150,2.4,38,33,0,151.0,0
3214,123,127,2.9,27,0,0,5.0,1
2691,25,72,5.1,17,31,0,44.0,0
4837,270,253,1.4,22,0,17,10.0,1
4636,10,71,5.1,39,46,0,,0
2845,209,209,1.7,14,0,0,10.0,1
1095,99,68,5.4,49,0,31,17.0,1
1275,3,56,6.5,43,53,0,44.0,0
3535,47,120,3.0,28,9,0,,0
2846,57,56,6.5,57,0,1,7.0,1
2227,43,138,2.6,54,13,0,70.0,0
4861,66,56,6.5,8,0,10,,0
2842,99,69,5.3,8,0,30,2.0,1
4527,3,56,6.5,29,53,0,63.0,0
1139,824,730,0.5,41,0,94,15.0,1
2253,20,56,6.5,1,36,0,44.0,0
2210,52,90,4.1,45,4,0,50.0,0
1565,171,224,1.6,54,0,0,,0
4636,78,206,1.8,9,0,0,138.0,0
3135,102,177,2.1,8,0,0,,0
4877,30,69,5.3,4,26,0,31.0,0
3662,153,265,1.4,21,0,0,100.0,0
2512,166,186,2.0,57,0,0,,0
2371,44,106,3.4,5,12,0,54.0,0
3187,81,109,3.3,41,0,0,30.0,1
3910,82,70,5.2,49,0,12,9.0,1
2253,62,56,6.5,58,0,6,28.0,1
1997,334,242,1.5,41,0,92,,0
1347,194,257,1.4,58,0,0,66.0,0
1968,21,56,6.5,41,35,0,22.0,1
3645,42,79,4.6,38,14,0,,0
2286,79,80,4.6,23,0,0,4.0,1
1323,123,87,4.2,54,0,36,,0
3716,22,94,3.9,52,34,0,,0
4966,165,191,1.9,23,0,0,20.0,1
2404,73,56,6.5,59,0,17,18.0,1
2012,31,56,6.5,2,25,0,30.0,1
2143,331,242,1.5,3,0,89,4.0,1
3348,41,62,5.9,11,15,0,27.0,1
2417,25,56,6.5,28,31,0,12.0,1
2897,87,61,6.0,52,0,26,,0
3004,82,69,5.3,3,0,13,11.0,1
1643,135,312,1.2,9,0,0,182.0,0
3839,183,188,1.9,32,0,0,,0
2108,35,225,1.6,45,21,0,,0
4665,79,173,2.1,52,0,0,112.0,0
2433,133,191,1.9,46,0,0,82.0,0
3999,46,56,6.5,10,10,0,5.0,1
1839,21,76,4.8,49,35,0,,0
4094,72,56,6.5,12,0,16,18.0,1
2774,45,76,4.8,44,11,0,21.0,1
3312,224,155,2.4,56,0,69,3.0,1
4096,64,100,3.6,20,0,0,32.0,0
3275,286,257,1.4,41,0,29,19.0,1
1287,24,56,6.5,12,32,0,17.0,1
3694,80,134,2.7,9,0,0,69.0,0
4424,40,56,6.5,25,16,0,3.0,1
1698,2,97,3.8,11,54,0,89.0,0
3526,16,162,2.3,9,40,0,,0
2853,23,75,4.9,45,33,0,54.0,0
1400,197,139,2.6,45,0,58,1.0,1
4234,52,56,6.5,13,4,0,13.0,1
2877,55,56,6.5,13,1,0,29.0,1
1313,42,140,2.6,7,14,0,82.0,0
3588,501,363,1.0,12,0,138,,0
4518,75,56,6.5,41,0,19,6.0,1
1823,69,239,1.5,23,0,0,,0
4444,101,93,3.9,27,0,8,,0
1626,74,56,6.5,28,0,18,21.0,1
1830,13,56,6.5,31,43,0,,0
2233,46,91,4.0,56,10,0,41.0,0
3094,88,65,5.6,34,0,23,18.0,1
3377,38,56,6.5,12,18,0,17.0,1
2294,13,56,6.5,4,43,0,21.0,1
1119,24,56,6.5,20,32,0,3.0,1
3360,110,105,3.5,36,0,5,,0
2670,19,89,4.1,3,37,0,80.0,0
1101,61,60,6.1,29,0,1,7.0,1
3253,133,105,3.5,49,0,28,16.0,1
4289,109,206,1.8,6,0,0,109.0,0
4345,149,123,3.0,5,0,26,25.0,1
2361,73,81,4.5,43,0,0,25.0,1
1773,222,189,1.9,35,0,33,10.0,1
3858,17,56,6.5,12,39,0,,0
1984,106,75,4.9,55,0,31,5.0,1
4768,18,76,4.8,38,38,0,,0
4112,4,56,6.5,47,52,0,53.0,0
2611,24,64,5.7,20,32,0,46.0,0
2074,42,56,6.5,25,14,0,,0
4644,570,415,0.9,32,0,155,3.0,1
2117,4,56,6.5,52,52,0,55.0,0
1018,356,320,1.1,57,0,36,3.0,1
4960,25,92,4.0,3,31,0,72.0,0
4604,53,141,2.6,46,3,0,65.0,0
1591,96,60,6.1,55,0,36,8.0,1
3630,7,106,3.4,55,49,0,95.0,0
4125,88,151,2.4,1,0,0,67.0,0
3921,147,153,2.4,1,0,0,2.0,1
4922,240,167,2.2,2,0,73,,0
4045,88,67,5.4,52,0,21,3.0,1
2561,4,61,6.0,13,52,0,70.0,0
1680,26,56,6.5,18,30,0,,0
3443,48,136,2.7,42,8,0,107.0,0
4076,38,213,1.7,42,18,0,,0
3073,84,327,1.1,45,0,0,229.0,0
4972,163,114,3.2,21,0,49,5.0,1
4237,35,56,6.5,2,21,0,3.0,1
4153,39,56,6.5,24,17,0,29.0,1
4333,218,207,1.8,6,0,11,,0
2280,82,56,6.5,3,0,26,22.0,1
1586,58,68,5.4,50,0,0,6.0,1
4197,77,75,4.9,14,0,2,11.0,1
4663,28,85,4.3,31,28,0,41.0,0
3393,95,92,4.0,30,0,3,5.0,1
2446,110,100,3.6,9,0,10,3.0,1
4120,62,56,6.5,1,0,6,22.0,1
3129,111,91,4.0,38,0,20,,0
1483,7,56,6.5,55,49,0,17.0,1
4108,160,161,2.3,47,0,0,,0
2881,34,57,6.4,29,22,0,19.0,1
2248,36,56,6.5,25,20,0,,0
2280,67,56,6.5,39,0,11,18.0,1
2754,35,57,6.4,20,21,0,41.0,0
2316,13,233,1.6,12,43,0,236.0,0
1213,22,105,3.5,34,34,0,,0
2298,15,118,3.1,22,41,0,105.0,0
2534,109,231,1.6,44,0,0,112.0,0
2484,138,83,4.4,14,0,55,,0
4236,141,164,2.2,58,0,0,12.0,1
1625,31,155,2.4,28,25,0,117.0,0
1567,28,56,6.5,59,28,0,,0
1834,102,292,1.2,7,0,0,188.0,0
2754,26,56,6.5,6,30,0,10.0,1
1802,79,187,2.0,36,0,0,97.0,0
1968,21,56,6.5,32,35,0,,0
1083,139,145,2.5,45,0,0,,0
2305,343,399,0.9,59,0,0,,0
3221,59,75,4.9,55,0,0,,0
4746,76,73,5.0,26,0,3,9.0,1
3004,28,146,2.5,54,28,0,103.0,0
1479,25,69,5.3,6,31,0,,0
4605,456,385,0.9,34,0,71,,0
4213,136,104,3.5,43,0,32,18.0,1
2436,80,69,5.3,48,0,11,13.0,1
2209,24,58,6.3,50,32,0,21.0,1
3206,17,56,6.5,29,39,0,23.0,1
2808,79,56,6.5,6,0,23,,0
2686,102,67,5.4,1,0,35,,0
1570,29,60,6.1,8,27,0,27.0,1
1419,16,56,6.5,57,40,0,30.0,1
3648,306,482,0.8,8,0,0,182.0,0
2489,48,56,6.5,26,8,0,2.0,1
3874,21,101,3.6,22,35,0,,0
1847,34,144,2.5,45,22,0,106.0,0
2153,179,149,2.4,16,0,30,,0
4673,5,85,4.3,10,51,0,101.0,0
3017,105,74,4.9,17,0,31,,0
2401,48,129,2.8,45,8,0,97.0,0
1267,78,111,3.3,8,0,0,33.0,0
3799,99,73,5.0,50,0,26,23.0,1
1777,32,56,6.5,20,24,0,44.0,0
1732,90,61,6.0,49,0,29,19.0,1
3679,36,56,6.5,1,20,0,14.0,1
3817,8,56,6.5,53,48,0,15.0,1
3575,85,92,4.0,44,0,0,17.0,1
4747,68,119,3.1,31,0,0,40.0,0
4945,490,374,1.0,22,0,116,26.0,1
4706,50,58,6.3,43,6,0,,0
3736,47,167,2.2,25,9,0,,0
2827,156,114,3.2,51,0,42,6.0,1
3261,12,253,1.4,12,44,0,256.0,0
3949,38,142,2.6,29,18,0,99.0,0
2506,52,56,6.5,2,4,0,11.0,1
2531,37,56,6.5,14,19,0,10.0,1
2640,173,115,3.2,50,0,58,27.0,1
4172,45,58,6.3,24,11,0,7.0,1
1606,3,56,6.5,25,53,0,,0
4176,53,56,6.5,47,3,0,5.0,1
4820,23,102,3.6,24,33,0,,0
4713,111,300,1.2,12,0,0,,0
4810,79,64,5.7,3,0,15,21.0,1
2691,45,144,2.5,15,11,0,128.0,0
3182,99,82,4.5,45,0,17,13.0,1
1788,45,56,6.5,10,11,0,10.0,1
1957,217,162,2.3,10,0,55,9.0,1
1619,72,56,6.5,40,0,16,,0
3264,21,91,4.0,42,35,0,64.0,0
4537,86,68,5.4,27,0,18,,0
4496,20,183,2.0,6,36,0,151.0,0
1236,7,56,6.5,38,49,0,73.0,0
4882,185,123,3.0,30,0,62,,0
3636,29,56,6.5,9,27,0,40.0,0
3951,26,59,6.2,40,30,0,21.0,1
4444,37,56,6.5,33,19,0,29.0,1
2518,258,479,0.8,23,0,0,,0
3701,96,139,2.6,54,0,0,,0
4536,53,56,6.5,21,3,0,,0
3636,43,56,6.5,51,13,0,28.0,1
3570,38,60,6.1,1,18,0,30.0,1
3057,71,159,2.3,40,0,0,95.0,0
4536,31,56,6.5,47,25,0,,0
4996,98,80,4.6,12,0,18,,0
3027,475,371,1.0,35,0,104,23.0,1
2334,7,56,6.5,46,49,0,40.0,0
3561,18,95,3.8,23,38,0,,0
4584,160,524,0.7,54,0,0,377.0,0
1558,95,149,2.4,34,0,0,51.0,0
4162,124,99,3.7,34,0,25,,0
4666,187,135,2.7,27,0,52,23.0,1
3321,34,65,5.6,32,22,0,22.0,1
2314,141,254,1.4,51,0,0,115.0,0
4448,39,65,5.6,19,17,0,20.0,1
2736,26,56,6.5,18,30,0,,0
4133,6,65,5.6,8,50,0,,0
3584,118,56,6.5,49,0,62,8.0,1
4285,56,71,5.1,35,0,0,43.0,0
1972,96,73,5.0,48,0,23,2.0,1
2642,123,234,1.6,49,0,0,116.0,0
1156,22,156,2.3,36,34,0,146.0,0
4954,167,111,3.3,49,0,56,13.0,1
1469,5,89,4.1,49,51,0,99.0,0
4663,50,56,6.5,28,6,0,24.0,1
2530,40,56,6.5,36,16,0,,0
3706,1,98,3.7,38,55,0,73.0,0
1711,117,169,2.2,59,0,0,48.0,0
1715,94,82,4.5,54,0,12,,0
4956,83,58,6.3,44,0,25,13.0,1
4777,22,130,2.8,52,34,0,99.0,0
2348,46,84,4.3,39,10,0,29.0,1
2741,512,346,1.1,40,0,166,5.0,1
1207,65,241,1.5,50,0,0,170.0,0
3802,60,193,1.9,57,0,0,109.0,0
2121,157,165,2.2,5,0,0,6.0,1
1745,45,56,6.5,38,11,0,3.0,1
4081,78,152,2.4,49,0,0,,0
2735,41,121,3.0,13,15,0,,0
4691,4,146,2.5,15,52,0,,0
2816,39,133,2.7,4,17,0,,0
2138,111,129,2.8,55,0,0,18.0,1
4610,665,730,0.5,38,0,0,54.0,0
3492,62,84,4.3,31,0,0,23.0,1
2545,83,190,1.9,30,0,0,102.0,0
1931,33,61,6.0,2,23,0,19.0,1
4622,61,169,2.2,7,0,0,,0
4462,31,190,1.9,57,25,0,155.0,0
3830,32,120,3.0,9,24,0,99.0,0
4441,240,342,1.1,29,0,0,113.0,0
3700,11,56,6.5,30,45,0,,0
3592,33,60,6.1,19,23,0,14.0,1
4426,13,106,3.4,22,43,0,95.0,0
1961,244,182,2.0,49,0,62,24.0,1
3151,43,103,3.5,36,13,0,84.0,0
4594,340,251,1.5,53,0,89,8.0,1
4476,70,56,6.5,57,0,14,,0
1973,105,56,6.5,3,0,49,26.0,1
4800,101,115,3.2,57,0,0,17.0,1
4734,19,84,4.3,30,37,0,69.0,0
3603,81,138,2.6,37,0,0,51.0,0
3629,96,88,4.1,16,0,8,28.0,1
3979,42,68,5.4,51,14,0,32.0,0
3425,28,84,4.3,2,28,0,,0
1445,77,92,4.0,41,0,0,34.0,0
4824,2,70,5.2,11,54,0,82.0,0
4281,53,76,4.8,47,3,0,32.0,0
3288,8,65,5.6,28,48,0,,0
2193,149,178,2.1,29,0,0,,0
4428,92,105,3.5,27,0,0,,0
4012,415,547,0.7,45,0,0,123.0,0
4507,117,102,3.6,6,0,15,,0
3944,34,57,6.4,38,22,0,8.0,1
3461,706,730,0.5,18,0,0,,0
2152,80,125,2.9,40,0,0,49.0,0
3479,119,198,1.8,5,0,0,112.0,0
3445,104,144,2.5,10,0,0,28.0,1
1731,23,148,2.5,22,33,0,131.0,0
3974,146,138,2.6,41,0,8,,0
3749,1,56,6.5,24,55,0,61.0,0
1086,22,120,3.0,57,34,0,109.0,0
4305,27,56,6.5,7,29,0,17.0,1
3974,8,78,4.7,33,48,0,96.0,0
3424,20,56,6.5,12,36,0,,0
3694,59,119,3.1,17,0,0,56.0,0
4475,47,117,3.1,36,9,0,,0
3131,166,132,2.8,34,0,34,,0
2438,26,113,3.2,57,30,0,91.0,0
1776,4,56,6.5,20,52,0,22.0,1
3314,65,73,5.0,53,0,0,23.0,1
2029,85,187,2.0,50,0,0,,0
2450,279,211,1.7,15,0,68,14.0,1
4130,26,56,6.5,9,30,0,29.0,1
4693,44,56,6.5,16,12,0,8.0,1
1017,20,56,6.5,8,36,0,4.0,1
3942,238,207,1.8,23,0,31,24.0,1
2820,329,237,1.5,44,0,92,,0
1896,42,56,6.5,7,14,0,14.0,1
3421,7,115,3.2,28,49,0,99.0,0
1043,408,390,0.9,31,0,18,11.0,1
2184,123,125,2.9,40,0,0,1.0,1
1322,277,280,1.3,10,0,0,26.0,1
1037,32,200,1.8,15,24,0,165.0,0
1236,12,56,6.5,58,44,0,,0
3660,15,77,4.7,7,41,0,70.0,0
1680,77,92,4.0,42,0,0,,0
2295,64,97,3.8,55,0,0,10.0,1
4365,122,187,2.0,22,0,0,,0
3110,126,124,2.9,57,0,2,20.0,1
2250,39,56,6.5,52,17,0,,0
1345,43,56,6.5,53,13,0,21.0,1
1739,16,56,6.5,22,40,0,,0
2876,5,103,3.5,39,51,0,,0
3019,40,109,3.3,21,16,0,30.0,1
1978,131,112,3.3,21,0,19,2.0,1
2288,31,56,6.5,26,25,0,10.0,1
1410,179,154,2.4,42,0,25,,0
1414,97,159,2.3,54,0,0,56.0,0
4214,15,56,6.5,10,41,0,54.0,0
4295,96,56,6.5,25,0,40,2.0,1
1924,19,90,4.1,6,37,0,,0
2800,270,377,1.0,15,0,0,114.0,0
1811,314,350,1.0,24,0,0,37.0,0
3148,78,141,2.6,52,0,0,58.0,0
3256,29,56,6.5,16,27,0,21.0,1
1240,232,182,2.0,55,0,50,,0
4515,40,62,5.9,37,16,0,56.0,0
2357,2,56,6.5,4,54,0,42.0,0
2062,8,56,6.5,18,48,0,60.0,0
1690,36,97,3.8,41,20,0,,0
4623,7,56,6.5,37,49,0,65.0,0
1757,129,97,3.8,11,0,32,,0
4134,9,56,6.5,13,47,0,,0
2669,59,103,3.5,6,0,0,43.0,0
2061,20,56,6.5,33,36,0,,0
1415,177,214,1.7,36,0,0,44.0,0
2285,146,136,2.7,21,0,10,9.0,1
1114,120,72,5.1,47,0,48,,0
1309,65,141,2.6,31,0,0,,0
4634,23,56,6.5,52,33,0,55.0,0
4188,107,95,3.8,18,0,12,21.0,1
1735,92,170,2.1,17,0,0,,0
3032,1,56,6.5,9,55,0,52.0,0
4169,90,62,5.9,15,0,28,,0
2185,43,88,4.1,29,13,0,58.0,0
1331,87,76,4.8,4,0,11,16.0,1
1392,351,288,1.3,24,0,63,18.0,1
2924,21,56,6.5,11,35,0,42.0,0
3896,57,56,6.5,24,0,1,11.0,1
4291,16,56,6.5,44,40,0,37.0,0
3417,281,301,1.2,12,0,0,15.0,1
1572,32,73,5.0,31,24,0,12.0,1
2237,13,63,5.8,4,43,0,28.0,1
1901,5,86,4.2,40,51,0,72.0,0
1689,187,149,2.4,44,0,38,3.0,1
2055,144,118,3.1,20,0,26,,0
3450,1002,730,0.5,6,0,272,,0
4443,24,129,2.8,45,32,0,96.0,0
2593,86,62,5.9,5,0,24,,0
2071,53,57,6.4,59,3,0,16.0,1
2644,19,65,5.6,14,37,0,45.0,0
3320,34,56,6.5,15,22,0,29.0,1
1315,122,92,4.0,17,0,30,21.0,1
4209,208,168,2.2,15,0,40,25.0,1
2018,92,56,6.5,25,0,36,,0
3766,11,56,6.5,43,45,0,33.0,0
2073,330,302,1.2,54,0,28,,0
4430,48,56,6.5,14,8,0,27.0,1
4621,78,56,6.5,28,0,22,,0
1623,2,56,6.5,58,54,0,45.0,0
1980,14,56,6.5,31,42,0,22.0,1
2703,164,122,3.0,45,0,42,3.0,1
2666,97,67,5.4,27,0,30,9.0,1
3781,43,75,4.9,41,13,0,,0
4406,54,226,1.6,52,2,0,208.0,0
1346,13,56,6.5,52,43,0,,0
4102,59,167,2.2,36,0,0,101.0,0
1783,312,301,1.2,16,0,11,,0
2051,44,62,5.9,50,12,0,,0
1428,57,162,2.3,35,0,0,62.0,0
2895,74,74,4.9,13,0,0,,0
2188,223,188,1.9,21,0,35,3.0,1
2450,53,56,6.5,47,3,0,,0
2352,11,56,6.5,20,45,0,71.0,0
2096,101,65,5.6,49,0,36,3.0,1
4019,22,56,6.5,8,34,0,48.0,0
1923,30,59,6.2,52,26,0,6.0,1
1838,60,75,4.9,20,0,0,,0
3363,169,160,2.3,32,0,9,,0
1831,1,64,5.7,55,55,0,56.0,0
1827,44,56,6.5,6,12,0,,0
1098,33,67,5.4,14,23,0,27.0,1
2059,71,56,6.5,34,0,15,,0
2966,36,56,6.5,36,20,0,,0
1677,29,56,6.5,12,27,0,,0
1192,42,95,3.8,34,14,0,,0
4105,2,57,6.4,16,54,0,,0
1661,136,195,1.9,44,0,0,63.0,0
1093,11,56,6.5,35,45,0,43.0,0
2016,24,58,6.3,59,32,0,,0
3003,421,383,1.0,43,0,38,18.0,1
3738,76,56,6.5,58,0,20,3.0,1
4783,85,74,4.9,54,0,11,13.0,1
2836,16,56,6.5,13,40,0,39.0,0
1326,73,56,6.5,27,0,17,19.0,1
1769,219,310,1.2,41,0,0,,0
2977,77,103,3.5,30,0,0,15.0,1
4677,4,100,3.6,33,52,0,,0
3443,32,56,6.5,36,24,0,4.0,1
4939,158,119,3.1,32,0,39,5.0,1
3025,204,227,1.6,14,0,0,11.0,1
1869,281,225,1.6,48,0,56,20.0,1
4866,167,153,2.4,40,0,14,2.0,1
2121,5,56,6.5,45,51,0,57.0,0
3981,134,115,3.2,20,0,19,19.0,1
4914,68,153,2.4,54,0,0,88.0,0
4576,59,56,6.5,27,0,3,12.0,1
4475,61,56,6.5,33,0,5,35.0,0
3525,232,183,2.0,32,0,49,10.0,1
2962,130,181,2.0,42,0,0,,0
4359,23,56,6.5,29,33,0,36.0,0
2753,226,170,2.1,36,0,56,25.0,1
2174,69,97,3.8,7,0,0,,0
4624,213,168,2.2,22,0,45,16.0,1
2111,6,56,6.5,25,50,0,56.0,0
2025,211,150,2.4,11,0,61,11.0,1
3109,205,176,2.1,3,0,29,11.0,1
2768,25,67,5.4,5,31,0,,0
1735,83,91,4.0,55,0,0,23.0,1
1631,24,56,6.5,44,32,0,,0
3612,314,337,1.1,43,0,0,24.0,1
2080,30,81,4.5,33,26,0,41.0,0
1559,80,56,6.5,44,0,24,,0
2230,37,56,6.5,9,19,0,29.0,1
3693,69,99,3.7,48,0,0,,0
1911,42,164,2.2,11,14,0,89.0,0
4978,89,56,6.5,57,0,33,,0
1620,606,394,0.9,3,0,212,10.0,1
3349,21,115,3.2,8,35,0,117.0,0
4144,180,130,2.8,50,0,50,7.0,1
1056,106,83,4.4,36,0,23,,0
2986,136,91,4.0,55,0,45,,0
3310,53,79,4.6,9,3,0,,0
4891,152,203,1.8,36,0,0,51.0,0
2459,74,89,4.1,33,0,0,,0
4101,161,166,2.2,23,0,0,,0
2590,45,63,5.8,3,11,0,25.0,1
1149,71,105,3.5,43,0,0,47.0,0
2795,4,56,6.5,58,52,0,12.0,1
4076,193,238,1.5,57,0,0,51.0,0
4989,49,56,6.5,42,7,0,20.0,1
1323,83,69,5.3,57,0,14,15.0,1
3556,44,69,5.3,50,12,0,35.0,0
3407,97,67,5.4,16,0,30,13.0,1
4203,115,160,2.3,55,0,0,5.0,1
3730,79,69,5.3,46,0,10,9.0,1
4948,350,274,1.3,8,0,76,8.0,1
3574,85,56,6.5,43,0,29,,0
2403,32,103,3.5,1,24,0,,0
2423,80,56,6.5,53,0,24,,0
4305,39,126,2.9,43,17,0,38.0,0
4667,123,88,4.1,24,0,35,28.0,1
3745,71,79,4.6,29,0,0,20.0,1
1457,13,232,1.6,13,43,0,202.0,0
1288,10,56,6.5,45,46,0,,0
3654,100,143,2.6,58,0,0,38.0,0
3277,27,56,6.5,2,29,0,,0
1235,99,98,3.7,33,0,1,11.0,1
1255,45,56,6.5,14,11,0,18.0,1
1280,50,56,6.5,10,6,0,6.0,1
2316,75,84,4.3,4,0,0,29.0,1
2041,545,384,1.0,47,0,161,,0
4352,64,97,3.8,16,0,0,16.0,1
3423,106,338,1.1,33,0,0,229.0,0
1398,107,107,3.4,47,0,0,,0
4011,90,66,5.5,13,0,24,1.0,1
1546,129,308,1.2,5,0,0,176.0,0
1835,82,127,2.9,8,0,0,40.0,0
2148,1,56,6.5,43,55,0,65.0,0
1255,51,131,2.8,47,5,0,,0
2875,66,71,5.1,8,0,0,,0
4083,99,56,6.5,31,0,43,8.0,1
3653,147,190,1.9,57,0,0,44.0,0
2896,243,216,1.7,21,0,27,,0
2173,293,391,0.9,56,0,0,88.0,0
3467,107,126,2.9,10,0,0,26.0,1
1417,82,73,5.0,21,0,9,6.0,1
3522,180,175,2.1,55,0,5,7.0,1
2944,168,177,2.1,45,0,0,6.0,1
3470,297,333,1.1,11,0,0,40.0,0
2995,49,86,4.2,24,7,0,9.0,1
4642,59,78,4.7,28,0,0,22.0,1
4019,26,56,6.5,31,30,0,,0
4796,3,138,2.6,12,53,0,114.0,0
1433,16,56,6.5,45,40,0,32.0,0
1060,26,167,2.2,24,30,0,,0
3208,103,144,2.5,45,0,0,,0
3438,117,143,2.6,28,0,0,37.0,0
4218,121,100,3.6,18,0,21,,0
4031,166,306,1.2,33,0,0,121.0,0
2004,137,180,2.0,15,0,0,20.0,1
4731,25,56,6.5,28,31,0,10.0,1
3180,70,56,6.5,59,0,14,,0
2245,105,56,6.5,28,0,49,,0
1626,42,139,2.6,40,14,0,,0
4846,93,56,6.5,41,0,37,22.0,1
4475,152,214,1.7,12,0,0,52.0,0
4758,197,259,1.4,23,0,0,59.0,0
1720,34,56,6.5,30,22,0,7.0,1
2780,131,77,4.7,24,0,54,24.0,1
2121,35,91,4.0,9,21,0,62.0,0
3182,276,182,2.0,58,0,94,,0
1458,460,326,1.1,42,0,134,17.0,1
4793,55,56,6.5,13,1,0,18.0,1
3013,56,69,5.3,42,0,0,,0
3899,72,72,5.1,20,0,0,12.0,1
3623,20,56,6.5,19,36,0,19.0,1
4393,10,61,6.0,4,46,0,30.0,1
1774,115,126,2.9,26,0,0,,0
1090,86,72,5.1,51,0,14,11.0,1
4854,23,56,6.5,18,33,0,17.0,1
1338,74,730,0.5,33,0,0,650.0,0
2057,109,111,3.3,20,0,0,7.0,1
4905,8,98,3.7,43,48,0,,0
4995,48,56,6.5,21,8,0,25.0,1
2729,106,110,3.3,40,0,0,,0
3314,87,78,4.7,23,0,9,25.0,1
1197,5,56,6.5,11,51,0,,0
2975,50,56,6.5,59,6,0,26.0,1
4478,137,170,2.1,6,0,0,35.0,0
2517,194,426,0.9,6,0,0,231.0,0
2545,34,120,3.0,43,22,0,72.0,0
4552,220,217,1.7,37,0,3,,0
4794,85,79,4.6,11,0,6,,0
4274,103,83,4.4,36,0,20,13.0,1
4991,240,215,1.7,8,0,25,27.0,1
3491,539,340,1.1,24,0,199,18.0,1
4959,205,254,1.4,43,0,0,,0
2627,44,56,6.5,10,12,0,,0
3668,4,85,4.3,43,52,0,100.0,0
1011,39,112,3.3,19,17,0,,0
4192,59,73,5.0,24,0,0,,0
1731,81,122,3.0,53,0,0,48.0,0
2910,55,173,2.1,33,1,0,,0
3564,220,200,1.8,40,0,20,5.0,1
1786,208,346,1.1,23,0,0,140.0,0
3375,28,69,5.3,7,28,0,,0
3283,27,56,6.5,48,29,0,9.0,1
3596,44,119,3.1,5,12,0,70.0,0
1027,235,406,0.9,37,0,0,,0
3347,88,61,6.0,48,0,27,,0
2194,178,155,2.4,47,0,23,29.0,1
1196,20,157,2.3,55,36,0,,0
3887,120,104,3.5,59,0,16,28.0,1
3799,70,90,4.1,25,0,0,,0
2751,10,56,6.5,13,46,0,49.0,0
3679,26,56,6.5,10,30,0,,0
4347,34,56,6.5,17,22,0,2.0,1
4426,37,65,5.6,40,19,0,22.0,1
1133,19,216,1.7,14,37,0,159.0,0
3372,85,82,4.5,11,0,3,,0
4017,40,59,6.2,46,16,0,3.0,1
3932,8,56,6.5,10,48,0,,0
4291,76,152,2.4,47,0,0,96.0,0
3175,109,266,1.4,46,0,0,,0
3827,56,210,1.7,41,0,0,153.0,0
4700,104,146,2.5,30,0,0,32.0,0
2422,21,56,6.5,55,35,0,,0
3498,61,67,5.4,50,0,0,9.0,1
2622,479,427,0.9,44,0,52,22.0,1
4646,112,220,1.7,16,0,0,110.0,0
1884,17,56,6.5,37,39,0,,0
1499,3,86,4.2,59,53,0,60.0,0
3979,110,120,3.0,14,0,0,,0
2030,79,56,6.5,30,0,23,14.0,1
2280,4,56,6.5,4,52,0,34.0,0
4399,33,97,3.8,39,23,0,82.0,0
1218,11,56,6.5,3,45,0,28.0,1
1944,26,56,6.5,56,30,0,55.0,0
1661,26,67,5.4,21,30,0,25.0,1
2331,91,80,4.6,22,0,11,6.0,1
2886,2,89,4.1,4,54,0,89.0,0
1554,115,56,6.5,23,0,59,1.0,1
3342,21,75,4.9,57,35,0,,0
3762,39,56,6.5,4,17,0,,0
1170,16,115,3.2,6,40,0,,0
2461,52,56,6.5,38,4,0,,0
4732,19,71,5.1,49,37,0,,0
4188,87,187,2.0,25,0,0,109.0,0
4086,11,56,6.5,59,45,0,58.0,0
2883,165,159,2.3,2,0,6,14.0,1
4749,153,226,1.6,58,0,0,100.0,0
2402,29,56,6.5,33,27,0,,0
3326,79,79,4.6,37,0,0,,0
1602,71,56,6.5,34,0,15,25.0,1
1210,73,81,4.5,26,0,0,26.0,1
1748,7,89,4.1,15,49,0,63.0,0
4407,14,56,6.5,21,42,0,,0
2227,266,419,0.9,59,0,0,177.0,0
4890,45,113,3.2,17,11,0,64.0,0
1790,18,56,6.5,47,38,0,50.0,0
1178,11,290,1.3,55,45,0,285.0,0
2393,21,56,6.5,20,35,0,16.0,1
4319,78,56,6.5,56,0,22,1.0,1
2069,49,56,6.5,48,7,0,24.0,1
2784,74,380,1.0,8,0,0,323.0,0
1749,84,117,3.1,7,0,0,27.0,1
1245,218,152,2.4,1,0,66,,0
3141,186,114,3.2,3,0,72,6.0,1
3876,145,142,2.6,54,0,3,,0
3447,120,95,3.8,38,0,25,,0
2393,109,111,3.3,38,0,0,2.0,1
4131,38,98,3.7,34,18,0,55.0,0
1415,21,56,6.5,31,35,0,32.0,0
4240,43,86,4.2,8,13,0,,0
2467,118,112,3.3,51,0,6,10.0,1
2428,64,98,3.7,53,0,0,26.0,1
1253,125,56,6.5,25,0,69,,0
3499,23,56,6.5,28,33,0,51.0,0
1518,234,214,1.7,55,0,20,9.0,1
1746,4,70,5.2,25,52,0,83.0,0
3373,81,143,2.6,52,0,0,31.0,0
1275,38,56,6.5,1,18,0,,0
1171,63,56,6.5,16,0,7,,0
3347,21,56,6.5,58,35,0,46.0,0
2163,15,75,4.9,3,41,0,26.0,1
4130,26,56,6.5,43,30,0,62.0,0
4533,290,253,1.4,48,0,37,2.0,1
4305,172,103,3.5,37,0,69,,0
3721,308,395,0.9,48,0,0,99.0,0
1243,158,124,2.9,14,0,34,17.0,1
2835,63,56,6.5,14,0,7,20.0,1
2616,207,209,1.7,42,0,0,23.0,1
2319,53,56,6.5,49,3,0,,0
3689,82,108,3.4,55,0,0,56.0,0
1700,24,56,6.5,49,32,0,,0
1532,36,499,0.7,40,20,0,,0
1651,416,284,1.3,15,0,132,,0
1509,39,56,6.5,23,17,0,34.0,0
3299,84,81,4.5,2,0,3,26.0,1
2472,81,109,3.3,28,0,0,14.0,1
2489,43,179,2.0,43,13,0,,0
4661,106,92,4.0,39,0,14,13.0,1
3270,5,56,6.5,11,51,0,53.0,0
2111,54,56,6.5,27,2,0,,0
4211,125,89,4.1,22,0,36,10.0,1
3355,119,241,1.5,14,0,0,,0
2752,22,126,2.9,55,34,0,109.0,0
4065,60,56,6.5,17,0,4,23.0,1
4811,41,151,2.4,55,15,0,,0
1525,19,66,5.5,57,37,0,74.0,0
3961,262,183,2.0,56,0,79,16.0,1
3711,1042,679,0.5,39,0,363,,0
3713,65,67,5.4,2,0,0,,0
2501,210,170,2.1,30,0,40,,0
4004,20,56,6.5,29,36,0,,0
1707,61,82,4.5,39,0,0,,0
4647,101,92,4.0,59,0,9,27.0,1
1167,29,77,4.7,50,27,0,31.0,0
3716,826,645,0.6,20,0,181,,0
3193,39,70,5.2,32,17,0,,0
1707,57,143,2.6,1,0,0,91.0,0
2338,50,56,6.5,35,6,0,,0
1634,23,127,2.9,21,33,0,103.0,0
2120,182,224,1.6,6,0,0,,0
3487,95,59,6.2,19,0,36,28.0,1
4045,40,56,6.5,35,16,0,46.0,0
2388,47,87,4.2,16,9,0,46.0,0
3625,27,91,4.0,13,29,0,62.0,0
4442,194,160,2.3,14,0,34,,0
2803,150,449,0.8,10,0,0,,0
2813,69,66,5.5,13,0,3,,0
1445,16,56,6.5,32,40,0,,0
2433,6,56,6.5,30,50,0,53.0,0
3701,40,105,3.5,6,16,0,45.0,0
2800,33,132,2.8,13,23,0,,0
1713,65,58,6.3,57,0,7,12.0,1
1262,46,167,2.2,18,10,0,,0
4944,164,130,2.8,18,0,34,24.0,1
2454,182,93,3.9,23,0,89,,0
1697,21,56,6.5,36,35,0,25.0,1
3835,30,61,6.0,28,26,0,41.0,0
2614,8,56,6.5,49,48,0,64.0,0
4580,11,108,3.4,6,45,0,,0
2450,33,91,4.0,16,23,0,60.0,0
1369,67,104,3.5,25,0,0,26.0,1
2889,87,134,2.7,12,0,0,38.0,0
1955,26,122,3.0,42,30,0,112.0,0
3227,8,82,4.5,28,48,0,,0
3162,14,93,3.9,29,42,0,70.0,0
2751,37,56,6.5,54,19,0,4.0,1
1705,25,56,6.5,27,31,0,25.0,1
4603,17,93,3.9,13,39,0,102.0,0
2932,4,56,6.5,16,52,0,57.0,0
1792,41,179,2.0,22,15,0,151.0,0
4192,60,56,6.5,20,0,4,8.0,1
4107,52,107,3.4,59,4,0,41.0,0
4074,21,98,3.7,33,35,0,,0
4118,172,163,2.2,7,0,9,19.0,1
1139,133,185,2.0,36,0,0,45.0,0
1699,78,156,2.3,44,0,0,,0
3272,3,56,6.5,9,53,0,67.0,0
1795,114,233,1.6,52,0,0,103.0,0
2610,74,305,1.2,11,0,0,213.0,0
2616,104,61,6.0,25,0,43,16.0,1
1743,80,108,3.4,33,0,0,32.0,0
4981,4,56,6.5,42,52,0,25.0,1
3078,42,56,6.5,47,14,0,28.0,1
2272,18,56,6.5,20,38,0,60.0,0
2016,44,58,6.3,34,12,0,,0
2220,75,67,5.4,59,0,8,,0
2134,38,56,6.5,54,18,0,32.0,0
2729,10,56,6.5,59,46,0,,0
1315,63,89,4.1,25,0,0,39.0,0
2894,3,56,6.5,50,53,0,66.0,0
3124,36,139,2.6,44,20,0,,0
2555,100,155,2.4,15,0,0,65.0,0
1522,326,604,0.6,27,0,0,247.0,0
4021,102,221,1.7,50,0,0,91.0,0
4433,37,109,3.3,33,19,0,,0
1643,74,56,6.5,31,0,18,,0
3739,86,113,3.2,15,0,0,23.0,1
3606,171,116,3.1,13,0,55,23.0,1
1633,12,59,6.2,41,44,0,,0
4010,107,168,2.2,16,0,0,64.0,0
3698,31,56,6.5,30,25,0,23.0,1
1883,4,74,4.9,17,52,0,51.0,0
3609,72,140,2.6,18,0,0,97.0,0
4288,95,71,5.1,21,0,24,17.0,1
1406,87,76,4.8,32,0,11,,0
1720,127,80,4.6,12,0,47,10.0,1
4517,70,56,6.5,55,0,14,4.0,1
2076,134,230,1.6,57,0,0,86.0,0
3398,11,56,6.5,1,45,0,36.0,0
1653,31,116,3.1,13,25,0,83.0,0
4374,159,125,2.9,8,0,34,11.0,1
2553,80,56,6.5,44,0,24,9.0,1
2346,112,95,3.8,49,0,17,,0
2132,44,56,6.5,41,12,0,17.0,1
1738,127,273,1.3,58,0,0,,0
1252,34,56,6.5,14,22,0,,0
2638,44,56,6.5,16,12,0,48.0,0
1978,6,56,6.5,50,50,0,,0
1918,37,56,6.5,19,19,0,22.0,1
4166,469,321,1.1,10,0,148,,0
4515,5,138,2.6,31,51,0,128.0,0
4258,43,100,3.6,36,13,0,69.0,0
2367,38,56,6.5,3,18,0,3.0,1
3609,197,186,2.0,2,0,11,5.0,1
3236,48,56,6.5,37,8,0,37.0,0
1656,111,169,2.2,18,0,0,,0
3171,25,56,6.5,14,31,0,21.0,1
2589,32,56,6.5,2,24,0,,0
4930,223,165,2.2,24,0,58,29.0,1
2800,159,179,2.0,2,0,0,21.0,1
1159,199,145,2.5,24,0,54,15.0,1
4533,80,56,6.5,14,0,24,27.0,1
4349,14,62,5.9,56,42,0,,0
3343,9,102,3.6,1,47,0,103.0,0
4405,13,56,6.5,46,43,0,68.0,0
2380,219,269,1.4,53,0,0,76.0,0
2271,105,56,6.5,11,0,49,1.0,1
1307,34,56,6.5,15,22,0,,0
2485,56,59,6.2,57,0,0,8.0,1
3203,17,56,6.5,8,39,0,,0
3475,21,56,6.5,29,35,0,,0
1949,86,148,2.5,59,0,0,54.0,0
3919,52,92,4.0,30,4,0,,0
3784,268,316,1.2,42,0,0,24.0,1
2327,352,309,1.2,25,0,43,,0
1021,71,127,2.9,3,0,0,30.0,1
3919,20,115,3.2,50,36,0,93.0,0
3276,84,94,3.9,1,0,0,,0
2698,110,56,6.5,27,0,54,9.0,1
1812,69,56,6.5,24,0,13,,0
1283,123,97,3.8,24,0,26,19.0,1
1066,9,147,2.5,40,47,0,119.0,0
2621,95,113,3.2,3,0,0,13.0,1
1493,53,56,6.5,1,3,0,15.0,1
4621,52,190,1.9,57,4,0,131.0,0
3740,388,294,1.2,7,0,94,,0
2638,79,190,1.9,22,0,0,104.0,0
4670,36,198,1.8,55,20,0,,0
1005,63,57,6.4,54,0,6,28.0,1
2677,184,212,1.7,11,0,0,26.0,1
3005,14,101,3.6,4,42,0,75.0,0
3595,19,135,2.7,18,37,0,105.0,0
2491,78,120,3.0,11,0,0,44.0,0
4378,88,81,4.5,33,0,7,20.0,1
1854,61,56,6.5,43,0,5,,0
3124,102,84,4.3,41,0,18,,0
1555,105,198,1.8,2,0,0,104.0,0
3797,25,63,5.8,54,31,0,43.0,0
2068,27,183,2.0,56,29,0,153.0,0
4442,96,162,2.3,23,0,0,75.0,0
1456,85,70,5.2,25,0,15,12.0,1
2647,317,273,1.3,9,0,44,27.0,1
3984,6,67,5.4,20,50,0,51.0,0
2797,227,301,1.2,46,0,0,64.0,0
4181,203,127,2.9,47,0,76,20.0,1
1347,86,88,4.1,9,0,0,,0
2414,41,56,6.5,15,15,0,11.0,1
3258,106,83,4.4,42,0,23,,0
3398,30,76,4.8,34,26,0,57.0,0
4298,57,56,6.5,15,0,1,,0
3396,48,75,4.9,33,8,0,2.0,1
2070,71,56,6.5,44,0,15,5.0,1
2515,173,143,2.6,22,0,30,,0
1416,100,255,1.4,52,0,0,134.0,0
4946,1,56,6.5,36,55,0,,0
1533,413,354,1.0,13,0,59,,0
3626,44,81,4.5,42,12,0,31.0,0
1752,66,56,6.5,14,0,10,,0
2740,22,165,2.2,42,34,0,129.0,0
2020,83,62,5.9,43,0,21,6.0,1
2127,108,84,4.3,15,0,24,29.0,1
2548,15,65,5.6,33,41,0,,0
1487,5,56,6.5,54,51,0,46.0,0
3535,242,160,2.3,3,0,82,22.0,1
2335,39,71,5.1,7,17,0,,0
1076,20,56,6.5,46,36,0,35.0,0
4083,29,139,2.6,49,27,0,104.0,0
3052,51,56,6.5,40,5,0,8.0,1
3764,21,56,6.5,41,35,0,,0
3486,262,233,1.6,52,0,29,26.0,1
3686,52,56,6.5,53,4,0,2.0,1
2867,2,56,6.5,56,54,0,,0
3546,236,148,2.5,5,0,88,17.0,1
3889,82,70,5.2,26,0,12,,0
4324,121,75,4.9,52,0,46,,0
2550,105,69,5.3,37,0,36,6.0,1
2601,99,108,3.4,2,0,0,,0
3341,1,56,6.5,58,55,0,,0
4791,365,293,1.2,50,0,72,12.0,1
3272,8,56,6.5,1,48,0,71.0,0
1097,62,128,2.9,4,0,0,55.0,0
4126,55,150,2.4,28,1,0,106.0,0
2752,78,56,6.5,42,0,22,21.0,1
2974,43,56,6.5,56,13,0,9.0,1
2326,169,203,1.8,58,0,0,60.0,0
2753,43,56,6.5,58,13,0,,0
1751,63,56,6.5,58,0,7,7.0,1
4687,29,183,2.0,10,27,0,,0
1269,28,92,4.0,15,28,0,,0
3039,15,56,6.5,18,41,0,75.0,0
3537,152,364,1.0,46,0,0,236.0,0
2678,63,58,6.3,39,0,5,4.0,1
2186,75,65,5.6,12,0,10,23.0,1
4045,142,110,3.3,8,0,32,,0
4230,141,148,2.5,42,0,0,1.0,1
3465,163,432,0.8,1,0,0,272.0,0
2736,8,56,6.5,35,48,0,,0
2286,58,174,2.1,6,0,0,118.0,0
2829,27,163,2.2,55,29,0,139.0,0
3041,9,80,4.6,46,47,0,,0
3430,192,168,2.2,16,0,24,15.0,1
4968,233,190,1.9,21,0,43,23.0,1
1214,37,56,6.5,55,19,0,36.0,0
3573,362,364,1.0,13,0,0,18.0,1
1792,35,56,6.5,6,21,0,,0
1116,61,56,6.5,39,0,5,5.0,1
4064,76,73,5.0,52,0,3,28.0,1
4463,527,419,0.9,29,0,108,,0
1423,47,70,5.2,2,9,0,,0
1773,130,87,4.2,56,0,43,4.0,1
3894,241,283,1.3,49,0,0,52.0,0
4058,77,70,5.2,4,0,7,,0
3579,72,56,6.5,20,0,16,14.0,1
1080,76,64,5.7,49,0,12,14.0,1
3655,227,269,1.4,8,0,0,44.0,0
2210,39,95,3.8,54,17,0,47.0,0
1133,413,421,0.9,2,0,0,,0
4238,77,162,2.3,4,0,0,,0
1987,25,56,6.5,55,31,0,20.0,1
4721,111,93,3.9,41,0,18,27.0,1
2160,58,56,6.5,39,0,2,26.0,1
3788,16,56,6.5,18,40,0,12.0,1
4233,774,730,0.5,46,0,44,17.0,1
4788,130,203,1.8,33,0,0,85.0,0
4894,202,179,2.0,10,0,23,,0
4914,8,56,6.5,39,48,0,35.0,0
1586,105,315,1.2,57,0,0,213.0,0
3909,119,216,1.7,18,0,0,90.0,0
3011,290,405,0.9,19,0,0,123.0,0
1214,318,390,0.9,31,0,0,,0
4772,79,56,6.5,45,0,23,,0
3362,35,56,6.5,15,21,0,,0
3766,20,56,6.5,52,36,0,53.0,0
4949,54,56,6.5,57,2,0,16.0,1
3164,10,116,3.1,39,46,0,91.0,0
4850,38,57,6.4,34,18,0,2.0,1
4596,53,472,0.8,52,3,0,404.0,0
1317,385,413,0.9,20,0,0,4.0,1
3929,79,89,4.1,32,0,0,3.0,1
1070,543,430,0.8,52,0,113,,0
1606,381,296,1.2,28,0,85,3.0,1
4312,41,62,5.9,26,15,0,30.0,1
4434,62,56,6.5,39,0,6,21.0,1
2045,13,75,4.9,38,43,0,,0
3085,39,56,6.5,18,17,0,7.0,1
1653,19,106,3.4,46,37,0,,0
2797,99,96,3.8,11,0,3,3.0,1
1237,6,94,3.9,43,50,0,86.0,0
4614,188,136,2.7,10,0,52,,0
4964,47,56,6.5,2,9,0,5.0,1
2074,85,125,2.9,35,0,0,46.0,0
2410,42,63,5.8,42,14,0,4.0,1
4984,165,105,3.5,33,0,60,,0
4091,159,193,1.9,48,0,0,32.0,0
2158,6,56,6.5,14,50,0,46.0,0
4472,33,71,5.1,9,23,0,17.0,1
2849,104,81,4.5,7,0,23,,0
3025,10,59,6.2,23,46,0,54.0,0
2777,255,184,2.0,57,0,71,27.0,1
4545,76,56,6.5,7,0,20,,0
4569,22,57,6.4,1,34,0,29.0,1
4188,103,56,6.5,20,0,47,11.0,1
1666,178,215,1.7,57,0,0,40.0,0
2548,55,60,6.1,54,1,0,3.0,1
4559,158,130,2.8,46,0,28,26.0,1
1516,51,437,0.8,40,5,0,368.0,0
1064,54,84,4.3,35,2,0,,0
1656,106,219,1.7,38,0,0,,0
3212,370,342,1.1,47,0,28,1.0,1
4983,121,204,1.8,52,0,0,,0
2681,6,88,4.1,47,50,0,60.0,0
3395,72,150,2.4,8,0,0,86.0,0
4330,103,56,6.5,31,0,47,5.0,1
2937,16,56,6.5,19,40,0,54.0,0
1936,79,56,6.5,5,0,23,,0
2022,249,540,0.7,45,0,0,301.0,0
3292,80,56,6.5,34,0,24,,0
3687,67,56,6.5,44,0,11,7.0,1
3269,32,56,6.5,16,24,0,22.0,1
4807,161,140,2.6,7,0,21,8.0,1
3637,72,100,3.6,41,0,0,,0
2040,298,214,1.7,21,0,84,,0
4666,102,154,2.4,44,0,0,37.0,0
4900,98,56,6.5,25,0,42,19.0,1
4758,49,56,6.5,47,7,0,,0
4399,158,268,1.4,45,0,0,110.0,0
1579,3,76,4.8,2,53,0,71.0,0
3967,169,232,1.6,8,0,0,42.0,0
2884,48,79,4.6,19,8,0,33.0,0
3478,15,56,6.5,42,41,0,,0
3032,48,70,5.2,37,8,0,16.0,1
2847,13,56,6.5,19,43,0,,0
1504,65,57,6.4,53,0,8,1.0,1
1382,132,105,3.5,53,0,27,27.0,1
4914,104,135,2.7,1,0,0,9.0,1
4583,57,56,6.5,28,0,1,3.0,1
1331,39,88,4.1,40,17,0,38.0,0
4725,10,56,6.5,14,46,0,63.0,0
1838,53,56,6.5,23,3,0,,0
3626,35,100,3.6,8,21,0,,0
2247,80,57,6.4,35,0,23,,0
2162,307,271,1.3,31,0,36,,0
1769,85,232,1.6,23,0,0,,0
2296,153,231,1.6,46,0,0,,0
3729,4,60,6.1,7,52,0,,0
3873,54,56,6.5,2,2,0,18.0,1
1124,4,96,3.8,19,52,0,92.0,0
4350,23,79,4.6,28,33,0,55.0,0
3080,6,56,6.5,38,50,0,35.0,0
4285,38,56,6.5,36,18,0,7.0,1
1300,133,87,4.2,52,0,46,28.0,1
1077,20,65,5.6,33,36,0,,0
3352,14,156,2.3,56,42,0,145.0,0
2129,95,153,2.4,18,0,0,41.0,0
3579,58,217,1.7,38,0,0,156.0,0
1110,16,56,6.5,10,40,0,21.0,1
1180,83,124,2.9,26,0,0,52.0,0
3704,18,56,6.5,15,38,0,42.0,0
3412,66,56,6.5,59,0,10,,0
2671,107,63,5.8,32,0,44,16.0,1
4846,126,211,1.7,17,0,0,75.0,0
3800,75,66,5.5,1,0,9,,0
1164,107,314,1.2,15,0,0,203.0,0
1483,18,139,2.6,26,38,0,,0
1304,77,65,5.6,34,0,12,11.0,1
1451,69,227,1.6,54,0,0,163.0,0
4101,213,128,2.9,4,0,85,9.0,1
2843,55,56,6.5,27,1,0,,0
1821,208,398,0.9,40,0,0,185.0,0
2587,130,110,3.3,7,0,20,8.0,1
3132,70,91,4.0,36,0,0,12.0,1
1874,5,56,6.5,45,51,0,34.0,0
2193,21,231,1.6,52,35,0,200.0,0
2690,71,136,2.7,29,0,0,68.0,0
4842,94,148,2.5,48,0,0,52.0,0
3398,27,59,6.2,21,29,0,,0
1527,258,175,2.1,15,0,83,4.0,1
2740,18,186,2.0,7,38,0,146.0,0
3118,51,56,6.5,47,5,0,11.0,1
1970,52,56,6.5,42,4,0,,0
2266,3,143,2.6,28,53,0,120.0,0
4188,66,56,6.5,9,0,10,7.0,1
4681,22,101,3.6,53,34,0,70.0,0
4625,15,62,5.9,30,41,0,,0
2994,300,238,1.5,51,0,62,10.0,1
1633,29,65,5.6,57,27,0,59.0,0
2759,262,218,1.7,32,0,44,7.0,1
3999,27,59,6.2,44,29,0,26.0,1
4180,139,200,1.8,13,0,0,57.0,0
4571,103,467,0.8,46,0,0,387.0,0
2312,32,56,6.5,33,24,0,17.0,1
3076,40,113,3.2,2,16,0,,0
4185,769,730,0.5,20,0,39,25.0,1
1862,100,94,3.9,45,0,6,16.0,1
3394,143,94,3.9,22,0,49,,0
3918,229,169,2.2,35,0,60,7.0,1
4901,49,93,3.9,26,7,0,44.0,0
2766,39,56,6.5,3,17,0,1.0,1
4265,58,222,1.6,41,0,0,,0
4069,28,56,6.5,51,28,0,44.0,0
2543,73,64,5.7,21,0,9,5.0,1
2578,147,236,1.5,29,0,0,79.0,0
4184,28,67,5.4,51,28,0,,0
3478,12,56,6.5,1,44,0,28.0,1
3827,264,181,2.0,21,0,83,28.0,1
1339,33,56,6.5,47,23,0,,0
1039,38,56,6.5,5,18,0,5.0,1
4076,121,112,3.3,43,0,9,,0
3487,15,77,4.7,3,41,0,31.0,0
4559,30,56,6.5,57,26,0,11.0,1
4384,3,149,2.4,26,53,0,139.0,0
1972,95,130,2.8,44,0,0,7.0,1
4693,14,67,5.4,28,42,0,51.0,0
3413,49,71,5.1,36,7,0,17.0,1
2280,179,131,2.8,35,0,48,,0
1672,210,233,1.6,45,0,0,45.0,0
3235,9,71,5.1,21,47,0,61.0,0
4144,72,151,2.4,23,0,0,84.0,0
4302,109,141,2.6,2,0,0,,0
4944,71,181,2.0,47,0,0,111.0,0
1033,175,92,4.0,5,0,83,5.0,1
2095,19,56,6.5,3,37,0,29.0,1
2824,89,62,5.9,9,0,27,29.0,1
4555,75,118,3.1,56,0,0,,0
4639,558,385,0.9,41,0,173,4.0,1
4659,44,61,6.0,22,12,0,,0
4427,91,171,2.1,20,0,0,,0
4666,41,69,5.3,41,15,0,27.0,1
2254,122,98,3.7,36,0,24,,0
2684,114,302,1.2,4,0,0,194.0,0
3528,163,165,2.2,34,0,0,,0
3538,103,56,6.5,32,0,47,8.0,1
4779,5,56,6.5,15,51,0,49.0,0
4459,355,245,1.5,15,0,110,10.0,1
3795,95,100,3.6,17,0,0,15.0,1
1176,58,56,6.5,42,0,2,8.0,1
2034,46,56,6.5,30,10,0,7.0,1
1634,48,158,2.3,36,8,0,85.0,0
3265,220,199,1.8,13,0,21,28.0,1
2156,70,91,4.0,6,0,0,,0
2595,297,652,0.6,31,0,0,,0
2181,30,174,2.1,20,26,0,,0
3625,3,74,4.9,16,53,0,57.0,0
2495,47,56,6.5,20,9,0,9.0,1
4944,10,56,6.5,2,46,0,,0
3191,45,117,3.1,16,11,0,92.0,0
1209,20,60,6.1,35,36,0,34.0,0
4403,39,343,1.1,19,17,0,282.0,0
3137,246,290,1.3,39,0,0,67.0,0
2035,116,149,2.4,36,0,0,,0
4097,53,56,6.5,32,3,0,4.0,1
3371,46,56,6.5,47,10,0,25.0,1
2274,155,245,1.5,35,0,0,111.0,0
3289,14,57,6.4,53,42,0,22.0,1
3586,279,220,1.7,4,0,59,,0
3612,29,131,2.8,33,27,0,,0
3902,4,93,3.9,6,52,0,76.0,0
2108,84,56,6.5,53,0,28,28.0,1
2199,16,83,4.4,55,40,0,83.0,0
1292,119,104,3.5,56,0,15,11.0,1
3017,34,205,1.8,32,22,0,185.0,0
2068,9,56,6.5,3,47,0,60.0,0
1714,5,72,5.1,52,51,0,64.0,0
1642,35,93,3.9,21,21,0,42.0,0
3437,138,152,2.4,40,0,0,14.0,1
2485,35,56,6.5,26,21,0,15.0,1
4461,62,56,6.5,47,0,6,,0
4660,106,154,2.4,7,0,0,53.0,0
3204,35,56,6.5,39,21,0,3.0,1
3208,357,251,1.5,46,0,106,10.0,1
2552,80,79,4.6,32,0,1,9.0,1
4065,95,56,6.5,37,0,39,,0
2976,13,61,6.0,59,43,0,41.0,0
1778,59,121,3.0,15,0,0,44.0,0
4706,17,58,6.3,4,39,0,23.0,1
4905,54,91,4.0,17,2,0,32.0,0
4873,36,162,2.3,38,20,0,96.0,0
1222,11,76,4.8,57,45,0,60.0,0
3959,17,56,6.5,45,39,0,46.0,0
4819,86,70,5.2,18,0,16,14.0,1
3171,172,279,1.3,17,0,0,107.0,0
3852,8,346,1.1,42,48,0,323.0,0
2173,5,56,6.5,53,51,0,30.0,1
4501,278,215,1.7,52,0,63,24.0,1
1546,79,109,3.3,14,0,0,16.0,1
4974,148,188,1.9,52,0,0,17.0,1
3865,95,57,6.4,1,0,38,19.0,1
3932,12,56,6.5,33,44,0,1.0,1
2550,165,143,2.6,17,0,22,7.0,1
4459,94,56,6.5,32,0,38,9.0,1
2879,94,56,6.5,40,0,38,29.0,1
4340,49,56,6.5,49,7,0,,0
4612,154,145,2.5,53,0,9,,0
2329,116,100,3.6,42,0,16,,0
1015,168,168,2.2,31,0,0,14.0,1
1512,75,153,2.4,38,0,0,64.0,0
2057,90,64,5.7,39,0,26,25.0,1
1353,97,85,4.3,27,0,12,9.0,1
2487,22,59,6.2,53,34,0,43.0,0
4039,32,76,4.8,48,24,0,21.0,1
2127,17,56,6.5,57,39,0,,0
2312,127,123,3.0,17,0,4,11.0,1
1142,154,212,1.7,30,0,0,72.0,0
1976,12,56,6.5,39,44,0,49.0,0
3745,174,250,1.5,6,0,0,62.0,0
1336,38,98,3.7,57,18,0,58.0,0
2826,42,109,3.3,11,14,0,64.0,0
1692,43,56,6.5,6,13,0,9.0,1
2015,9,56,6.5,30,47,0,41.0,0
2948,93,101,3.6,18,0,0,,0
3423,82,169,2.2,41,0,0,86.0,0
4275,59,56,6.5,4,0,3,8.0,1
3105,424,342,1.1,32,0,82,26.0,1
3020,291,162,2.3,9,0,129,11.0,1
1588,37,56,6.5,3,19,0,,0
4732,86,92,4.0,27,0,0,28.0,1
2062,42,652,0.6,3,14,0,593.0,0
2536,28,56,6.5,46,28,0,34.0,0
1560,161,137,2.7,27,0,24,8.0,1
2356,42,69,5.3,53,14,0,39.0,0
4882,243,158,2.3,56,0,85,6.0,1
3928,268,248,1.5,57,0,20,20.0,1
1343,21,66,5.5,36,35,0,,0
4159,308,220,1.7,13,0,88,,0
3380,317,532,0.7,48,0,0,225.0,0
2379,72,94,3.9,8,0,0,,0
3948,107,168,2.2,14,0,0,,0
1950,2,56,6.5,26,54,0,78.0,0
1845,66,91,4.0,37,0,0,36.0,0
4535,10,78,4.7,57,46,0,63.0,0
4653,109,170,2.1,29,0,0,,0
4457,308,235,1.6,3,0,73,29.0,1
1364,28,82,4.5,24,28,0,,0
2270,248,307,1.2,15,0,0,33.0,0
1497,336,306,1.2,37,0,30,,0
1835,17,177,2.1,14,39,0,153.0,0
2086,54,59,6.2,40,2,0,24.0,1
2615,49,56,6.5,31,7,0,9.0,1
3915,36,56,6.5,11,20,0,18.0,1
4066,254,192,1.9,26,0,62,22.0,1
2263,6,56,6.5,1,50,0,20.0,1
2620,164,154,2.4,25,0,10,27.0,1
4152,7,56,6.5,21,49,0,35.0,0
4138,230,173,2.1,51,0,57,5.0,1
3647,35,91,4.0,34,21,0,,0
4013,224,261,1.4,3,0,0,45.0,0
2362,202,224,1.6,49,0,0,15.0,1
2121,294,283,1.3,54,0,11,25.0,1
4578,388,289,1.3,7,0,99,11.0,1
3005,23,100,3.6,11,33,0,,0
2517,10,56,6.5,31,46,0,,0
2794,94,56,6.5,26,0,38,23.0,1
1678,37,56,6.5,23,19,0,22.0,1
3518,72,56,6.5,16,0,16,12.0,1
3314,6,95,3.8,50,50,0,87.0,0
2759,64,57,6.4,19,0,7,8.0,1
2390,93,77,4.7,20,0,16,5.0,1
2309,77,133,2.7,58,0,0,35.0,0
3865,20,70,5.2,55,36,0,66.0,0
2507,25,56,6.5,10,31,0,20.0,1
3626,112,86,4.2,44,0,26,18.0,1
4759,35,56,6.5,56,21,0,19.0,1
4687,15,72,5.1,57,41,0,43.0,0
4879,8,263,1.4,46,48,0,,0
2763,48,72,5.1,22,8,0,,0
2295,390,371,1.0,23,0,19,1.0,1
2183,52,282,1.3,8,4,0,186.0,0
1867,5,56,6.5,39,51,0,70.0,0
3749,19,56,6.5,13,37,0,24.0,1
3277,115,86,4.2,13,0,29,,0
3773,68,226,1.6,7,0,0,168.0,0
4685,50,60,6.1,29,6,0,22.0,1
1497,90,186,2.0,45,0,0,,0
4019,139,236,1.5,9,0,0,,0
4623,42,56,6.5,26,14,0,23.0,1
3253,4,56,6.5,6,52,0,53.0,0
1198,34,159,2.3,33,22,0,111.0,0
3369,21,101,3.6,29,35,0,,0
3407,54,56,6.5,19,2,0,,0
2418,27,67,5.4,32,29,0,6.0,1
3544,42,85,4.3,21,14,0,43.0,0
1457,20,56,6.5,57,36,0,,0
4558,200,166,2.2,17,0,34,,0
1901,68,61,6.0,34,0,7,19.0,1
4208,43,56,6.5,19,13,0,5.0,1
2938,136,88,4.1,11,0,48,,0
1152,31,56,6.5,36,25,0,8.0,1
4716,197,347,1.1,54,0,0,130.0,0
4588,82,56,6.5,23,0,26,,0
1309,94,56,6.5,23,0,38,7.0,1
4522,79,135,2.7,34,0,0,,0
1451,31,56,6.5,35,25,0,,0
3315,13,56,6.5,17,43,0,38.0,0
4289,127,135,2.7,13,0,0,,0
1901,20,56,6.5,32,36,0,27.0,1
3804,23,56,6.5,17,33,0,32.0,0
1201,439,358,1.0,6,0,81,25.0,1
2882,93,143,2.6,52,0,0,34.0,0
1359,122,72,5.1,43,0,50,11.0,1
4670,82,89,4.1,42,0,0,13.0,1
2136,64,134,2.7,48,0,0,52.0,0
2317,87,196,1.9,43,0,0,122.0,0
4997,29,56,6.5,36,27,0,37.0,0
2188,108,120,3.0,25,0,0,8.0,1
1507,86,60,6.1,56,0,26,20.0,1
4817,102,77,4.7,51,0,25,2.0,1
2176,18,102,3.6,3,38,0,,0
3475,142,89,4.1,56,0,53,11.0,1
2083,121,162,2.3,47,0,0,,0
1909,60,132,2.8,15,0,0,110.0,0
1066,42,56,6.5,46,14,0,22.0,1
1627,42,56,6.5,18,14,0,20.0,1
3627,18,66,5.5,10,38,0,53.0,0
1675,458,388,0.9,5,0,70,18.0,1
3328,45,56,6.5,38,11,0,15.0,1
2031,110,76,4.8,21,0,34,19.0,1
2304,23,58,6.3,44,33,0,47.0,0
4491,21,57,6.4,1,35,0,,0
2565,159,103,3.5,53,0,56,9.0,1
2650,137,276,1.3,44,0,0,129.0,0
1334,139,129,2.8,25,0,10,,0
1187,19,56,6.5,43,37,0,13.0,1
1812,272,730,0.5,29,0,0,,0
2764,135,95,3.8,42,0,40,23.0,1
1558,14,56,6.5,34,42,0,65.0,0
4761,149,278,1.3,47,0,0,140.0,0
4524,36,61,6.0,59,20,0,14.0,1
1849,71,340,1.1,19,0,0,275.0,0
3089,10,56,6.5,54,46,0,45.0,0
3225,89,282,1.3,51,0,0,207.0,0
2798,77,105,3.5,44,0,0,23.0,1
1003,123,252,1.4,54,0,0,133.0,0
1309,30,412,0.9,55,26,0,383.0,0
4688,30,56,6.5,19,26,0,20.0,1
2708,119,249,1.5,36,0,0,109.0,0
1798,7,56,6.5,12,49,0,,0
2103,39,56,6.5,32,17,0,17.0,1
3108,31,56,6.5,22,25,0,6.0,1
4244,180,134,2.7,1,0,46,15.0,1
3425,68,92,4.0,1,0,0,,0
2410,60,78,4.7,37,0,0,25.0,1
1942,136,101,3.6,24,0,35,2.0,1
4504,4,144,2.5,13,52,0,134.0,0
3562,132,153,2.4,49,0,0,21.0,1
3050,201,216,1.7,49,0,0,,0
1476,6,386,0.9,28,50,0,385.0,0
4154,29,88,4.1,33,27,0,,0
4843,9,59,6.2,26,47,0,40.0,0
1058,37,147,2.5,17,19,0,,0
4106,29,56,6.5,25,27,0,9.0,1
1308,64,56,6.5,32,0,8,26.0,1
2423,187,200,1.8,2,0,0,1.0,1
4447,16,81,4.5,54,40,0,57.0,0
4250,2,56,6.5,43,54,0,52.0,0
3201,1,56,6.5,30,55,0,35.0,0
1677,91,93,3.9,50,0,0,14.0,1
1368,242,224,1.6,14,0,18,,0
4139,262,222,1.6,13,0,40,25.0,1
4440,36,98,3.7,37,20,0,,0
4489,289,449,0.8,53,0,0,160.0,0
1242,89,82,4.5,11,0,7,,0
3324,79,80,4.6,59,0,0,,0
1680,22,56,6.5,45,34,0,31.0,0
4514,47,62,5.9,48,9,0,7.0,1
3136,215,177,2.1,9,0,38,,0
2282,465,314,1.2,36,0,151,17.0,1
3284,8,56,6.5,22,48,0,53.0,0
3359,66,130,2.8,4,0,0,,0
1189,258,207,1.8,31,0,51,16.0,1
4473,108,90,4.1,43,0,18,25.0,1
1728,70,56,6.5,38,0,14,,0
2247,22,109,3.3,51,34,0,90.0,0
2619,162,165,2.2,52,0,0,,0
1014,49,56,6.5,41,7,0,26.0,1
4265,92,73,5.0,1,0,19,17.0,1
1765,68,56,6.5,55,0,12,14.0,1
4828,36,56,6.5,19,20,0,26.0,1
2053,15,204,1.8,9,41,0,,0
1459,87,89,4.1,12,0,0,24.0,1
4238,105,323,1.1,39,0,0,213.0,0
1831,175,178,2.1,43,0,0,9.0,1
4306,1,67,5.4,34,55,0,38.0,0
2269,25,84,4.3,11,31,0,54.0,0
4768,115,141,2.6,37,0,0,40.0,0
3366,52,195,1.9,48,4,0,,0
3054,90,116,3.1,47,0,0,18.0,1
1085,288,217,1.7,17,0,71,13.0,1
2351,40,70,5.2,17,16,0,,0
1214,40,56,6.5,55,16,0,4.0,1
4606,26,85,4.3,16,30,0,,0
3891,101,106,3.4,44,0,0,,0
3309,44,56,6.5,23,12,0,32.0,0
3745,38,56,6.5,43,18,0,,0
2549,71,128,2.9,40,0,0,54.0,0
4355,78,65,5.6,40,0,13,9.0,1
3308,70,78,4.7,12,0,0,13.0,1
1055,63,67,5.4,23,0,0,19.0,1
3680,353,303,1.2,51,0,50,5.0,1
1509,11,247,1.5,19,45,0,257.0,0
2688,86,56,6.5,50,0,30,20.0,1
4482,19,58,6.3,32,37,0,26.0,1
1443,168,177,2.1,1,0,0,23.0,1
2155,146,145,2.5,15,0,1,16.0,1
3588,116,87,4.2,48,0,29,,0
2768,15,56,6.5,24,41,0,,0
3670,21,56,6.5,54,35,0,,0
2649,47,59,6.2,53,9,0,19.0,1
3310,93,112,3.3,49,0,0,15.0,1
4487,246,351,1.0,53,0,0,118.0,0
1915,66,56,6.5,26,0,10,4.0,1
4391,45,56,6.5,40,11,0,5.0,1
2391,38,82,4.5,24,18,0,43.0,0
3602,19,205,1.8,10,37,0,,0
1355,114,56,6.5,6,0,58,,0
4997,175,287,1.3,2,0,0,,0
3875,87,78,4.7,34,0,9,28.0,1
1476,28,56,6.5,18,28,0,23.0,1
1667,37,56,6.5,24,19,0,17.0,1
3087,208,158,2.3,12,0,50,,0
2346,95,78,4.7,24,0,17,1.0,1
4034,76,103,3.5,8,0,0,,0
4028,48,56,6.5,1,8,0,,0
3852,92,69,5.3,45,0,23,1.0,1
1354,5,60,6.1,25,51,0,,0
1314,15,83,4.4,10,41,0,78.0,0
2811,16,56,6.5,36,40,0,57.0,0
1446,44,56,6.5,41,12,0,43.0,0
3760,759,730,0.5,7,0,29,9.0,1
1162,76,56,6.5,51,0,20,,0
1313,40,104,3.5,29,16,0,66.0,0
2912,105,56,6.5,26,0,49,,0
4209,87,56,6.5,42,0,31,,0
4312,103,97,3.8,35,0,6,26.0,1
2594,68,103,3.5,32,0,0,46.0,0
1884,300,246,1.5,50,0,54,25.0,1
3708,4,123,3.0,55,52,0,158.0,0
2322,118,79,4.6,40,0,39,,0
4304,77,56,6.5,32,0,21,4.0,1
2834,57,298,1.2,33,0,0,220.0,0
3263,275,189,1.9,55,0,86,21.0,1
2382,21,56,6.5,18,35,0,,0
3176,56,92,4.0,39,0,0,43.0,0
2197,31,101,3.6,22,25,0,58.0,0
2150,26,68,5.4,15,30,0,27.0,1
4946,82,166,2.2,41,0,0,99.0,0
1926,277,175,2.1,23,0,102,23.0,1
3622,28,77,4.7,41,28,0,,0
2453,59,71,5.1,37,0,0,,0
4734,181,298,1.2,13,0,0,142.0,0
2809,12,189,1.9,22,44,0,,0
4517,2,95,3.8,45,54,0,62.0,0
1282,68,56,6.5,22,0,12,,0
3024,172,118,3.1,29,0,54,2.0,1
4115,178,157,2.3,3,0,21,,0
3221,5,56,6.5,19,51,0,53.0,0
3620,75,110,3.3,44,0,0,18.0,1
4211,94,64,5.7,49,0,30,11.0,1
2250,60,75,4.9,36,0,0,36.0,0
4432,14,56,6.5,51,42,0,,0
4343,91,79,4.6,39,0,12,,0
4476,195,274,1.3,6,0,0,84.0,0
3659,65,62,5.9,14,0,3,9.0,1
2140,266,194,1.9,28,0,72,21.0,1
1191,6,56,6.5,31,50,0,47.0,0
3170,95,165,2.2,57,0,0,,0
1268,67,90,4.1,45,0,0,,0
1433,190,119,3.1,26,0,71,22.0,1
3175,64,90,4.1,51,0,0,,0
2543,119,150,2.4,6,0,0,,0
2463,4,56,6.5,57,52,0,24.0,1
1183,21,56,6.5,42,35,0,32.0,0
1135,77,125,2.9,3,0,0,,0
2487,35,56,6.5,9,21,0,12.0,1
4286,11,58,6.3,3,45,0,45.0,0
1684,115,86,4.2,17,0,29,,0
1353,49,56,6.5,27,7,0,26.0,1
2175,110,56,6.5,51,0,54,24.0,1
3933,109,111,3.3,14,0,0,26.0,1
1020,56,201,1.8,37,0,0,130.0,0
4580,108,56,6.5,40,0,52,25.0,1
1652,4,56,6.5,47,52,0,54.0,0
2329,42,56,6.5,49,14,0,18.0,1
1434,7,56,6.5,4,49,0,58.0,0
2027,148,100,3.6,42,0,48,13.0,1
2756,277,190,1.9,48,0,87,5.0,1
2917,187,203,1.8,8,0,0,6.0,1
2979,36,56,6.5,11,20,0,5.0,1
4779,48,56,6.5,22,8,0,19.0,1
4732,6,91,4.0,52,50,0,80.0,0
1929,1,174,2.1,51,55,0,150.0,0
2096,100,101,3.6,33,0,0,,0
3968,152,113,3.2,42,0,39,6.0,1
3152,142,224,1.6,44,0,0,69.0,0
4412,38,56,6.5,32,18,0,26.0,1
1131,11,75,4.9,24,45,0,35.0,0
3367,286,332,1.1,2,0,0,48.0,0
1847,29,76,4.8,31,27,0,46.0,0
3072,64,56,6.5,7,0,8,26.0,1
4495,38,56,6.5,51,18,0,32.0,0
1518,47,56,6.5,21,9,0,2.0,1
2917,36,119,3.1,38,20,0,91.0,0
3732,2,56,6.5,12,54,0,,0
2540,15,111,3.3,3,41,0,96.0,0
4879,13,56,6.5,48,43,0,15.0,1
1276,60,56,6.5,16,0,4,25.0,1
3721,137,115,3.2,22,0,22,17.0,1
3479,118,101,3.6,11,0,17,3.0,1
3965,145,136,2.7,39,0,9,5.0,1
3138,54,56,6.5,14,2,0,15.0,1
4835,23,56,6.5,42,33,0,10.0,1
3108,93,124,2.9,13,0,0,16.0,1
4785,172,303,1.2,16,0,0,138.0,0
1334,9,90,4.1,28,47,0,76.0,0
3678,138,126,2.9,7,0,12,,0
3946,5,69,5.3,18,51,0,61.0,0
1622,104,56,6.5,15,0,48,10.0,1
4276,251,195,1.9,18,0,56,22.0,1
4545,183,186,2.0,47,0,0,22.0,1
3103,131,158,2.3,11,0,0,9.0,1
2216,42,77,4.7,11,14,0,13.0,1
3926,174,145,2.5,51,0,29,8.0,1
3632,256,184,2.0,39,0,72,6.0,1
1678,385,329,1.1,17,0,56,,0
2049,177,198,1.8,40,0,0,11.0,1
4345,82,94,3.9,52,0,0,24.0,1
4399,107,56,6.5,6,0,51,4.0,1
3062,82,101,3.6,46,0,0,3.0,1
2837,39,110,3.3,5,17,0,38.0,0
3325,273,158,2.3,33,0,115,3.0,1
1933,378,265,1.4,21,0,113,20.0,1
3861,148,83,4.4,53,0,65,28.0,1
2539,472,483,0.8,55,0,0,6.0,1
3068,30,56,6.5,57,26,0,,0
4023,47,125,2.9,9,9,0,,0
1045,17,56,6.5,33,39,0,36.0,0
3136,20,56,6.5,5,36,0,16.0,1
4862,106,76,4.8,20,0,30,23.0,1
1507,16,56,6.5,23,40,0,34.0,0
3320,15,79,4.6,37,41,0,,0
2119,105,92,4.0,34,0,13,12.0,1
3799,213,220,1.7,16,0,0,,0
4137,16,56,6.5,46,40,0,,0
1896,190,186,2.0,27,0,4,12.0,1
3798,66,97,3.8,4,0,0,17.0,1
2992,91,205,1.8,58,0,0,,0
2516,10,63,5.8,15,46,0,45.0,0
1217,15,56,6.5,20,41,0,22.0,1
4504,6,56,6.5,58,50,0,37.0,0
2314,17,56,6.5,51,39,0,17.0,1
4131,226,131,2.8,43,0,95,,0
4333,124,293,1.2,5,0,0,162.0,0
3933,38,57,6.4,40,18,0,36.0,0
3472,41,148,2.5,16,15,0,,0
4272,39,56,6.5,34,17,0,10.0,1
1595,70,103,3.5,47,0,0,34.0,0
1944,57,153,2.4,14,0,0,92.0,0
3585,40,56,6.5,27,16,0,,0
3280,94,76,4.8,2,0,18,,0
1161,207,159,2.3,57,0,48,13.0,1
3798,43,56,6.5,29,13,0,11.0,1
2609,85,262,1.4,5,0,0,,0
3269,29,119,3.1,28,27,0,101.0,0
2283,100,159,2.3,2,0,0,31.0,0
1358,11,64,5.7,34,45,0,34.0,0
3273,33,56,6.5,3,23,0,,0
3312,140,137,2.7,41,0,3,9.0,1
1068,1,84,4.3,22,55,0,,0
3025,53,92,4.0,49,3,0,44.0,0
1008,232,214,1.7,48,0,18,,0
1280,209,165,2.2,26,0,44,,0
2575,437,418,0.9,51,0,19,5.0,1
2218,110,101,3.6,5,0,9,26.0,1
1792,11,56,6.5,4,45,0,31.0,0
1306,39,77,4.7,37,17,0,,0
4960,33,125,2.9,33,23,0,75.0,0
1145,232,202,1.8,17,0,30,19.0,1
4565,56,56,6.5,50,0,0,,0
1442,28,90,4.1,57,28,0,,0
4926,425,326,1.1,51,0,99,10.0,1
4258,26,74,4.9,8,30,0,,0
4745,226,189,1.9,48,0,37,29.0,1
1308,70,133,2.7,13,0,0,68.0,0
1481,263,193,1.9,26,0,70,11.0,1
4886,9,56,6.5,51,47,0,,0
2431,3,56,6.5,35,53,0,53.0,0
2596,40,91,4.0,47,16,0,37.0,0
3289,17,56,6.5,44,39,0,46.0,0
4823,2,72,5.1,47,54,0,76.0,0
2592,157,110,3.3,41,0,47,,0
4777,169,375,1.0,41,0,0,190.0,0
2356,94,124,2.9,27,0,0,36.0,0
4475,203,148,2.5,46,0,55,,0
1582,82,228,1.6,34,0,0,143.0,0
3418,10,56,6.5,56,46,0,66.0,0
3721,110,78,4.7,48,0,32,27.0,1
1053,150,626,0.6,30,0,0,442.0,0
1576,67,84,4.3,27,0,0,40.0,0
2268,309,219,1.7,43,0,90,23.0,1
1199,183,194,1.9,25,0,0,,0
3482,57,56,6.5,29,0,1,,0
2396,2,115,3.2,55,54,0,105.0,0
4880,141,101,3.6,24,0,40,8.0,1
2408,6,117,3.1,17,50,0,77.0,0
3712,32,56,6.5,44,24,0,39.0,0
4824,57,56,6.5,2,0,1,,0
2244,40,61,6.0,40,16,0,20.0,1
1563,107,83,4.4,16,0,24,,0
4920,311,232,1.6,3,0,79,8.0,1
4319,219,385,0.9,23,0,0,,0
2094,210,275,1.3,7,0,0,,0
1482,172,179,2.0,24,0,0,,0
1655,85,56,6.5,56,0,29,,0
4860,27,64,5.7,8,29,0,58.0,0
3945,76,106,3.4,21,0,0,33.0,0
2753,11,56,6.5,17,45,0,41.0,0
3372,107,142,2.6,57,0,0,49.0,0
1004,190,160,2.3,27,0,30,28.0,1
2608,70,138,2.6,43,0,0,,0
4566,13,204,1.8,12,43,0,189.0,0
1948,48,56,6.5,25,8,0,19.0,1
2018,250,189,1.9,54,0,61,20.0,1
2263,18,56,6.5,57,38,0,37.0,0
3961,42,56,6.5,39,14,0,,0
2810,210,137,2.7,52,0,73,16.0,1
2214,167,238,1.5,31,0,0,69.0,0
2029,84,133,2.7,42,0,0,,0
2342,18,91,4.0,30,38,0,89.0,0
2946,154,115,3.2,42,0,39,23.0,1
2520,10,100,3.6,36,46,0,,0
3997,37,56,6.5,49,19,0,20.0,1
2438,56,56,6.5,41,0,0,26.0,1
2940,3,84,4.3,22,53,0,76.0,0
2037,142,95,3.8,15,0,47,3.0,1
2231,71,90,4.1,23,0,0,31.0,0
1001,118,154,2.4,34,0,0,25.0,1
1401,46,75,4.9,43,10,0,25.0,1
1529,140,141,2.6,35,0,0,26.0,1
4106,93,80,4.6,20,0,13,16.0,1
4021,202,387,0.9,51,0,0,,0
1761,138,96,3.8,42,0,42,8.0,1
3129,320,585,0.6,29,0,0,,0
3898,9,119,3.1,28,47,0,95.0,0
1792,9,75,4.9,9,47,0,49.0,0
4554,16,56,6.5,32,40,0,34.0,0
4462,4,56,6.5,8,52,0,,0
1898,8,56,6.5,48,48,0,14.0,1
2509,44,56,6.5,13,12,0,26.0,1
1568,51,123,3.0,34,5,0,,0
2483,2,59,6.2,47,54,0,46.0,0
2845,58,104,3.5,25,0,0,43.0,0
4599,150,251,1.5,11,0,0,87.0,0
4475,18,83,4.4,24,38,0,57.0,0
3180,14,475,0.8,4,42,0,451.0,0
4388,57,56,6.5,35,0,1,12.0,1
2950,31,79,4.6,36,25,0,23.0,1
3839,7,58,6.3,2,49,0,,0
2258,41,190,1.9,30,15,0,,0
3175,31,56,6.5,40,25,0,15.0,1
4134,47,56,6.5,6,9,0,,0
4756,18,82,4.5,42,38,0,56.0,0
1427,479,311,1.2,49,0,168,22.0,1
1343,128,107,3.4,7,0,21,8.0,1
2148,58,56,6.5,52,0,2,,0
4151,78,56,6.5,13,0,22,27.0,1
4694,286,343,1.1,43,0,0,57.0,0
4238,11,56,6.5,20,45,0,48.0,0
1795,74,56,6.5,5,0,18,,0
4451,348,293,1.2,59,0,55,,0
3682,220,202,1.8,24,0,18,24.0,1
2796,177,249,1.5,42,0,0,85.0,0
1716,37,56,6.5,34,19,0,,0
2038,42,56,6.5,23,14,0,,0
2128,91,100,3.6,9,0,0,12.0,1
4632,73,117,3.1,56,0,0,,0
4843,65,120,3.0,26,0,0,40.0,0
2549,288,293,1.2,26,0,0,4.0,1
1218,60,56,6.5,18,0,4,5.0,1
2417,67,179,2.0,36,0,0,100.0,0
3646,22,56,6.5,17,34,0,18.0,1
3940,43,178,2.1,52,13,0,107.0,0
3404,1,61,6.0,5,55,0,34.0,0
1731,77,56,6.5,6,0,21,15.0,1
3347,56,56,6.5,34,0,0,27.0,1
2868,54,56,6.5,53,2,0,4.0,1
1163,47,92,4.0,31,9,0,43.0,0
1895,54,56,6.5,37,2,0,,0
2466,122,168,2.2,20,0,0,,0
1671,97,150,2.4,56,0,0,,0
2388,153,347,1.1,58,0,0,205.0,0
4136,82,120,3.0,55,0,0,75.0,0
4775,121,136,2.7,12,0,0,,0
2539,399,275,1.3,59,0,124,7.0,1
2661,13,56,6.5,11,43,0,,0
3816,34,56,6.5,30,22,0,49.0,0
2147,13,105,3.5,50,43,0,88.0,0
2233,13,56,6.5,40,43,0,,0
3124,727,641,0.6,14,0,86,29.0,1
3776,3,288,1.3,56,53,0,288.0,0
2556,124,508,0.7,46,0,0,,0
3894,21,94,3.9,21,35,0,51.0,0
3728,3,139,2.6,23,53,0,147.0,0
1296,29,62,5.9,36,27,0,7.0,1
4081,133,182,2.0,5,0,0,46.0,0
3164,73,56,6.5,46,0,17,18.0,1
2506,57,56,6.5,46,0,1,,0
2923,65,56,6.5,3,0,9,,0
3244,57,56,6.5,32,0,1,5.0,1
2707,385,293,1.2,28,0,92,15.0,1
3234,132,384,1.0,4,0,0,266.0,0
1677,66,56,6.5,52,0,10,4.0,1
4301,327,252,1.4,39,0,75,4.0,1
1279,156,192,1.9,26,0,0,,0
4735,2,56,6.5,58,54,0,47.0,0
2255,94,65,5.6,31,0,29,,0
2810,37,56,6.5,10,19,0,16.0,1
3899,225,163,2.2,12,0,62,,0
4187,7,56,6.5,17,49,0,,0
4498,115,83,4.4,55,0,32,25.0,1
4658,38,56,6.5,53,18,0,,0
2914,45,131,2.8,46,11,0,,0
1598,30,75,4.9,8,26,0,,0
2614,84,58,6.3,11,0,26,,0
1596,61,75,4.9,8,0,0,6.0,1
2123,334,458,0.8,30,0,0,,0
3686,41,64,5.7,54,15,0,,0
2932,54,56,6.5,19,2,0,,0
4615,180,143,2.6,18,0,37,18.0,1
1777,90,80,4.6,57,0,10,3.0,1
3874,17,56,6.5,8,39,0,35.0,0
1813,690,536,0.7,16,0,154,21.0,1
3660,46,67,5.4,26,10,0,45.0,0
2914,31,66,5.5,21,25,0,30.0,1
2823,131,102,3.6,48,0,29,21.0,1
4504,143,359,1.0,42,0,0,220.0,0
4155,50,56,6.5,51,6,0,,0
3342,116,112,3.3,7,0,4,,0
1494,376,478,0.8,43,0,0,115.0,0
2202,78,99,3.7,2,0,0,,0
2679,7,56,6.5,21,49,0,46.0,0
1294,48,56,6.5,4,8,0,10.0,1
4387,93,106,3.4,53,0,0,9.0,1
4972,414,261,1.4,26,0,153,,0
1848,36,68,5.4,21,20,0,31.0,0
4811,174,174,2.1,11,0,0,,0
3751,40,56,6.5,49,16,0,,0
2711,38,56,6.5,59,18,0,28.0,1
2561,17,61,6.0,59,39,0,59.0,0
3098,354,284,1.3,12,0,70,3.0,1
3371,153,95,3.8,42,0,58,24.0,1
4685,41,113,3.2,12,15,0,,0
1621,104,112,3.3,28,0,0,5.0,1
4225,172,218,1.7,40,0,0,42.0,0
4603,10,56,6.5,47,46,0,,0
3252,203,156,2.3,50,0,47,22.0,1
4053,25,56,6.5,45,31,0,,0
3118,457,439,0.8,14,0,18,11.0,1
1151,44,56,6.5,41,12,0,32.0,0
2602,24,56,6.5,20,32,0,,0
1194,109,139,2.6,29,0,0,22.0,1
1817,6,95,3.8,40,50,0,104.0,0
3933,21,116,3.1,10,35,0,,0
1501,169,107,3.4,51,0,62,8.0,1
3063,110,56,6.5,53,0,54,27.0,1
1222,339,327,1.1,27,0,12,19.0,1
3720,147,183,2.0,33,0,0,57.0,0
3253,167,266,1.4,54,0,0,92.0,0
3552,95,58,6.3,40,0,37,24.0,1
3737,12,125,2.9,36,44,0,109.0,0
3419,92,105,3.5,17,0,0,24.0,1
4672,215,221,1.7,43,0,0,10.0,1
4446,316,227,1.6,43,0,89,14.0,1
2138,113,105,3.5,59,0,8,20.0,1
4065,9,56,6.5,26,47,0,59.0,0
3433,161,373,1.0,58,0,0,199.0,0
1570,51,140,2.6,47,5,0,99.0,0
1296,4,56,6.5,46,52,0,,0
4020,130,124,2.9,8,0,6,1.0,1
4262,62,56,6.5,6,0,6,2.0,1
4389,281,209,1.7,58,0,72,,0
1083,21,56,6.5,40,35,0,,0
3177,43,75,4.9,50,13,0,,0
4846,150,109,3.3,32,0,41,16.0,1
3685,164,206,1.8,6,0,0,41.0,0
1373,123,98,3.7,28,0,25,19.0,1
3252,78,149,2.4,18,0,0,43.0,0
1647,25,88,4.1,38,31,0,55.0,0
2282,3,87,4.2,6,53,0,71.0,0
1909,67,96,3.8,10,0,0,23.0,1
3390,31,77,4.7,13,25,0,,0
4399,55,56,6.5,39,1,0,7.0,1
2056,66,56,6.5,14,0,10,5.0,1
1247,163,109,3.3,33,0,54,18.0,1
2690,30,73,5.0,32,26,0,,0
2802,101,79,4.6,17,0,22,25.0,1
2888,112,69,5.3,17,0,43,,0
4338,69,56,6.5,37,0,13,,0
4045,106,60,6.1,1,0,46,10.0,1
4946,4,70,5.2,51,52,0,10.0,1
4857,36,90,4.1,1,20,0,59.0,0
1603,100,123,3.0,55,0,0,13.0,1
2512,8,77,4.7,24,48,0,59.0,0
1857,104,56,6.5,20,0,48,12.0,1
2373,10,56,6.5,41,46,0,,0
4436,29,719,0.5,40,27,0,703.0,0
2097,3,56,6.5,39,53,0,24.0,1
4753,77,59,6.2,11,0,18,,0
2282,56,136,2.7,25,0,0,,0
3847,85,120,3.0,26,0,0,63.0,0
4619,124,136,2.7,35,0,0,4.0,1
3953,45,63,5.8,28,11,0,26.0,1
4284,47,108,3.4,18,9,0,,0
4954,79,94,3.9,10,0,0,29.0,1
4638,61,70,5.2,53,0,0,,0
3545,5,109,3.3,48,51,0,,0
4526,77,209,1.7,26,0,0,129.0,0
4700,40,88,4.1,57,16,0,65.0,0
1024,67,88,4.1,18,0,0,,0
2469,195,211,1.7,34,0,0,19.0,1
4489,139,194,1.9,21,0,0,81.0,0
2176,395,319,1.1,41,0,76,,0
4528,7,56,6.5,41,49,0,,0
4591,7,185,2.0,58,49,0,185.0,0
3100,196,145,2.5,36,0,51,23.0,1
1482,29,56,6.5,28,27,0,,0
1235,20,110,3.3,57,36,0,89.0,0
4547,218,208,1.8,44,0,10,,0
2545,51,56,6.5,17,5,0,,0
2613,159,128,2.9,9,0,31,23.0,1
1348,53,180,2.0,43,3,0,,0
2152,2,56,6.5,23,54,0,20.0,1
4769,85,80,4.6,25,0,5,,0
4986,43,114,3.2,43,13,0,83.0,0
4533,82,56,6.5,26,0,26,6.0,1
4061,66,56,6.5,53,0,10,16.0,1
1787,56,80,4.6,22,0,0,22.0,1
3533,68,170,2.1,49,0,0,,0
2839,13,150,2.4,18,43,0,113.0,0
4555,38,56,6.5,49,18,0,11.0,1
1232,43,151,2.4,1,13,0,117.0,0
3119,73,56,6.5,39,0,17,,0
3813,4,56,6.5,14,52,0,49.0,0
3873,13,67,5.4,29,43,0,,0
4365,36,221,1.7,51,20,0,,0
3217,139,152,2.4,15,0,0,39.0,0
2275,25,89,4.1,48,31,0,49.0,0
4415,25,64,5.7,47,31,0,29.0,1
1006,67,65,5.6,15,0,2,,0
3026,73,98,3.7,46,0,0,6.0,1
2988,21,56,6.5,17,35,0,,0
4789,42,68,5.4,17,14,0,45.0,0
2043,11,75,4.9,39,45,0,58.0,0
4609,48,56,6.5,27,8,0,9.0,1
2112,22,56,6.5,31,34,0,,0
1499,103,125,2.9,37,0,0,30.0,1
3387,108,90,4.1,45,0,18,18.0,1
2079,42,70,5.2,16,14,0,5.0,1
2733,22,56,6.5,1,34,0,,0
4838,369,317,1.2,56,0,52,,0
3502,17,56,6.5,15,39,0,,0
4299,159,110,3.3,6,0,49,19.0,1
2085,2,60,6.1,32,54,0,51.0,0
4312,78,92,4.0,37,0,0,37.0,0
2407,78,129,2.8,16,0,0,,0
4517,48,56,6.5,6,8,0,5.0,1
1803,127,89,4.1,56,0,38,6.0,1
2811,349,233,1.6,44,0,116,,0
3541,430,368,1.0,57,0,62,,0
4473,137,81,4.5,11,0,56,26.0,1
1455,13,93,3.9,11,43,0,78.0,0
2562,384,527,0.7,25,0,0,131.0,0
3948,44,223,1.6,11,12,0,,0
2374,49,56,6.5,19,7,0,,0
4501,59,56,6.5,1,0,3,,0
3344,167,193,1.9,10,0,0,,0
1084,6,56,6.5,6,50,0,37.0,0
2587,9,214,1.7,31,47,0,,0
4458,138,117,3.1,55,0,21,22.0,1
2337,174,136,2.7,16,0,38,17.0,1
2369,31,73,5.0,38,25,0,32.0,0
3558,7,56,6.5,5,49,0,67.0,0
1762,254,289,1.3,45,0,0,24.0,1
3525,47,73,5.0,42,9,0,,0
3774,93,64,5.7,11,0,29,14.0,1
2944,4,84,4.3,5,52,0,90.0,0
4057,105,105,3.5,12,0,0,14.0,1
4779,40,56,6.5,14,16,0,5.0,1
2143,78,57,6.4,10,0,21,26.0,1
1424,54,56,6.5,3,2,0,2.0,1
3250,21,177,2.1,20,35,0,146.0,0
1957,36,56,6.5,14,20,0,7.0,1
1808,42,56,6.5,26,14,0,8.0,1
3277,28,56,6.5,51,28,0,31.0,0
2312,57,56,6.5,25,0,1,21.0,1
1739,241,267,1.4,19,0,0,13.0,1
1037,17,91,4.0,47,39,0,,0
4217,54,134,2.7,16,2,0,74.0,0
3485,169,138,2.6,53,0,31,28.0,1
2072,61,94,3.9,54,0,0,,0
4388,61,84,4.3,56,0,0,27.0,1
1527,176,207,1.8,42,0,0,46.0,0
3261,74,101,3.6,6,0,0,,0
1596,184,275,1.3,6,0,0,111.0,0
4825,46,147,2.5,54,10,0,89.0,0
1811,62,56,6.5,33,0,6,,0
2566,84,60,6.1,10,0,24,14.0,1
4166,41,56,6.5,27,15,0,,0
3714,237,238,1.5,22,0,0,29.0,1
2523,90,65,5.6,17,0,25,,0
1680,47,56,6.5,29,9,0,,0
2649,106,116,3.1,2,0,0,19.0,1
4044,24,83,4.4,24,32,0,,0
2794,91,113,3.2,24,0,0,13.0,1
4678,62,408,0.9,34,0,0,362.0,0
4745,300,186,2.0,28,0,114,,0
2497,54,91,4.0,15,2,0,25.0,1
3775,106,56,6.5,51,0,50,11.0,1
1137,78,60,6.1,54,0,18,7.0,1
4128,32,158,2.3,20,24,0,153.0,0
1924,38,56,6.5,25,18,0,3.0,1
3213,710,499,0.7,7,0,211,23.0,1
3252,129,91,4.0,26,0,38,6.0,1
4684,90,93,3.9,41,0,0,,0
4046,52,56,6.5,7,4,0,20.0,1
4954,36,133,2.7,48,20,0,83.0,0
3821,9,56,6.5,54,47,0,65.0,0
3189,53,508,0.7,36,3,0,466.0,0
3781,109,258,1.4,40,0,0,137.0,0
1742,255,197,1.9,54,0,58,3.0,1
4824,47,56,6.5,42,9,0,,0
4971,134,106,3.4,53,0,28,25.0,1
2964,53,236,1.5,45,3,0,,0
3011,258,144,2.5,22,0,114,,0
4878,68,56,6.5,12,0,12,23.0,1
4785,34,56,6.5,29,22,0,11.0,1
3101,32,62,5.9,22,24,0,1.0,1
3201,28,56,6.5,50,28,0,,0
3273,136,305,1.2,35,0,0,,0
3332,28,56,6.5,26,28,0,1.0,1
3109,175,152,2.4,9,0,23,,0
2415,22,56,6.5,8,34,0,26.0,1
3726,40,56,6.5,40,16,0,23.0,1
2425,1,56,6.5,1,55,0,52.0,0
4784,67,58,6.3,28,0,9,8.0,1
3837,397,301,1.2,57,0,96,,0
3705,29,111,3.3,20,27,0,51.0,0
3724,34,56,6.5,46,22,0,20.0,1
4438,40,203,1.8,27,16,0,162.0,0
4232,52,241,1.5,15,4,0,179.0,0
1943,64,97,3.8,2,0,0,16.0,1
2772,18,458,0.8,55,38,0,453.0,0
3095,86,173,2.1,54,0,0,,0
1385,118,155,2.4,14,0,0,26.0,1
1248,46,56,6.5,45,10,0,,0
1025,163,148,2.5,48,0,15,,0
4216,93,107,3.4,41,0,0,7.0,1
2283,11,136,2.7,11,45,0,152.0,0
3056,62,56,6.5,2,0,6,,0
3547,95,99,3.7,6,0,0,2.0,1
2289,10,56,6.5,27,46,0,17.0,1
3288,23,56,6.5,8,33,0,,0
2348,49,200,1.8,6,7,0,138.0,0
2957,43,56,6.5,40,13,0,1.0,1
2840,59,98,3.7,46,0,0,51.0,0
4623,39,117,3.1,18,17,0,79.0,0
3224,26,116,3.1,57,30,0,118.0,0
4541,88,71,5.1,28,0,17,26.0,1
4560,29,111,3.3,22,27,0,,0
1530,123,131,2.8,7,0,0,7.0,1
2060,205,162,2.3,50,0,43,2.0,1
3272,505,360,1.0,16,0,145,,0
3864,124,108,3.4,42,0,16,5.0,1
2265,91,94,3.9,40,0,0,,0
1389,50,56,6.5,43,6,0,12.0,1
2343,66,127,2.9,9,0,0,,0
1918,206,153,2.4,35,0,53,,0
2997,27,77,4.7,4,29,0,74.0,0
3590,30,139,2.6,47,26,0,150.0,0
4636,41,71,5.1,13,15,0,24.0,1
3080,240,153,2.4,11,0,87,25.0,1
3576,133,186,2.0,38,0,0,80.0,0
1576,71,184,2.0,46,0,0,103.0,0
3814,90,98,3.7,15,0,0,20.0,1
2995,61,56,6.5,45,0,5,17.0,1
3626,9,56,6.5,35,47,0,,0
1172,191,144,2.5,26,0,47,26.0,1
3275,812,638,0.6,55,0,174,5.0,1
1087,13,68,5.4,48,43,0,,0
1232,119,129,2.8,40,0,0,16.0,1
3799,34,57,6.4,5,22,0,,0
2741,104,56,6.5,5,0,48,4.0,1
3084,47,56,6.5,19,9,0,,0
2371,73,56,6.5,52,0,17,7.0,1
3330,251,265,1.4,35,0,0,19.0,1
3195,25,56,6.5,12,31,0,20.0,1
4534,75,72,5.1,56,0,3,,0
3985,57,56,6.5,51,0,1,,0
1920,83,56,6.5,34,0,27,21.0,1
4179,369,270,1.4,38,0,99,4.0,1
2093,183,105,3.5,24,0,78,15.0,1
2714,59,56,6.5,44,0,3,2.0,1
2133,30,56,6.5,15,26,0,27.0,1
4533,81,56,6.5,42,0,25,4.0,1
3214,96,86,4.2,24,0,10,22.0,1
1376,100,103,3.5,32,0,0,,0
4433,220,410,0.9,38,0,0,,0
4101,30,56,6.5,44,26,0,32.0,0
3606,19,87,4.2,14,37,0,62.0,0
1686,74,69,5.3,31,0,5,5.0,1
2073,206,191,1.9,38,0,15,7.0,1
3331,59,119,3.1,54,0,0,,0
2822,94,144,2.5,5,0,0,,0
1200,10,118,3.1,36,46,0,,0
2275,83,56,6.5,50,0,27,22.0,1
3863,1,237,1.5,30,55,0,216.0,0
3753,47,170,2.1,59,9,0,107.0,0
2972,274,187,2.0,14,0,87,26.0,1
4899,316,247,1.5,53,0,69,18.0,1
3094,38,125,2.9,34,18,0,95.0,0
1172,250,294,1.2,57,0,0,15.0,1
4200,127,121,3.0,52,0,6,,0
3241,87,75,4.9,1,0,12,24.0,1
4567,71,89,4.1,42,0,0,,0
3678,98,88,4.1,1,0,10,,0
2499,66,59,6.2,42,0,7,16.0,1
4427,373,332,1.1,37,0,41,14.0,1
1534,158,114,3.2,27,0,44,9.0,1
1915,63,97,3.8,56,0,0,20.0,1
3464,32,122,3.0,11,24,0,97.0,0
4933,957,730,0.5,39,0,227,,0
2253,79,56,6.5,12,0,23,,0
1600,73,56,6.5,7,0,17,,0
3095,10,56,6.5,21,46,0,39.0,0
1399,84,74,4.9,41,0,10,21.0,1
4685,104,109,3.3,37,0,0,16.0,1
3045,54,62,5.9,33,2,0,29.0,1
1494,53,58,6.3,53,3,0,29.0,1
1422,102,100,3.6,30,0,2,15.0,1
1134,35,60,6.1,59,21,0,50.0,0
3365,3,115,3.2,31,53,0,,0
3731,139,219,1.7,14,0,0,,0
3912,134,154,2.4,31,0,0,17.0,1
2761,296,182,2.0,51,0,114,10.0,1
2360,99,214,1.7,35,0,0,,0
3992,84,112,3.3,30,0,0,,0
1103,99,79,4.6,5,0,20,9.0,1
4587,16,56,6.5,1,40,0,,0
3828,32,65,5.6,24,24,0,39.0,0
2305,110,59,6.2,25,0,51,24.0,1
4468,175,161,2.3,31,0,14,21.0,1
2887,58,118,3.1,10,0,0,83.0,0
4498,115,157,2.3,52,0,0,58.0,0
2931,4,56,6.5,17,52,0,12.0,1
2911,253,282,1.3,34,0,0,46.0,0
2997,10,63,5.8,28,46,0,42.0,0
2108,24,56,6.5,23,32,0,33.0,0
2312,34,63,5.8,49,22,0,21.0,1
4048,596,656,0.6,19,0,0,,0
1322,103,66,5.5,28,0,37,12.0,1
3822,42,69,5.3,39,14,0,16.0,1
3766,71,77,4.7,20,0,0,,0
2542,51,79,4.6,13,5,0,,0
4882,116,56,6.5,46,0,60,21.0,1
4759,73,100,3.6,12,0,0,26.0,1
3777,284,212,1.7,45,0,72,,0
1665,107,115,3.2,15,0,0,,0
1075,77,56,6.5,58,0,21,25.0,1
2466,49,68,5.4,4,7,0,,0
1627,35,57,6.4,33,21,0,36.0,0
1695,16,93,3.9,56,40,0,56.0,0
4751,161,260,1.4,36,0,0,94.0,0
2388,130,79,4.6,28,0,51,,0
3113,9,83,4.4,57,47,0,77.0,0
4175,321,373,1.0,44,0,0,,0
4726,233,181,2.0,21,0,52,,0
1043,96,142,2.6,6,0,0,47.0,0
2758,634,431,0.8,54,0,203,13.0,1
2978,91,133,2.7,57,0,0,54.0,0
3916,59,56,6.5,3,0,3,23.0,1
2441,80,175,2.1,28,0,0,59.0,0
2163,51,56,6.5,38,5,0,4.0,1
4205,150,129,2.8,48,0,21,5.0,1
2658,50,56,6.5,12,6,0,24.0,1
4559,79,61,6.0,31,0,18,,0
1223,107,67,5.4,45,0,40,3.0,1
1611,38,56,6.5,41,18,0,1.0,1
4721,3,68,5.4,56,53,0,84.0,0
1079,258,205,1.8,23,0,53,28.0,1
1892,9,56,6.5,4,47,0,,0
2432,87,139,2.6,37,0,0,,0
2501,32,56,6.5,55,24,0,22.0,1
2575,104,77,4.7,59,0,27,26.0,1
3780,103,116,3.1,22,0,0,,0
2967,88,56,6.5,43,0,32,20.0,1
2366,73,56,6.5,5,0,17,,0
4046,9,133,2.7,57,47,0,152.0,0
2463,66,221,1.7,12,0,0,172.0,0
1827,114,84,4.3,37,0,30,8.0,1
1107,32,62,5.9,54,24,0,8.0,1
3950,1,101,3.6,58,55,0,91.0,0
1112,40,94,3.9,14,16,0,16.0,1
2198,44,109,3.3,59,12,0,41.0,0
2915,3,56,6.5,30,53,0,50.0,0
4597,53,56,6.5,23,3,0,29.0,1
2892,111,56,6.5,34,0,55,26.0,1
3177,139,101,3.6,37,0,38,26.0,1
4774,112,104,3.5,22,0,8,15.0,1
3852,189,149,2.4,47,0,40,11.0,1
1836,28,110,3.3,3,28,0,,0
3149,19,56,6.5,20,37,0,,0
2261,269,286,1.3,28,0,0,,0
3325,215,249,1.5,46,0,0,50.0,0
3885,20,56,6.5,18,36,0,,0
1812,25,117,3.1,7,31,0,100.0,0
4846,12,56,6.5,34,44,0,40.0,0
1995,20,100,3.6,46,36,0,75.0,0
2796,85,209,1.7,43,0,0,,0
4737,613,494,0.7,12,0,119,11.0,1
2627,25,164,2.2,34,31,0,,0
2582,115,113,3.2,46,0,2,26.0,1
2878,40,68,5.4,21,16,0,,0
2601,87,104,3.5,37,0,0,22.0,1
4047,262,267,1.4,38,0,0,,0
4313,70,86,4.2,34,0,0,12.0,1
4732,69,56,6.5,46,0,13,29.0,1
4448,81,56,6.5,15,0,25,6.0,1
1252,191,135,2.7,30,0,56,3.0,1
2857,97,109,3.3,9,0,0,15.0,1
2793,39,56,6.5,18,17,0,,0
4345,90,204,1.8,17,0,0,96.0,0
4302,73,64,5.7,20,0,9,29.0,1
4802,48,80,4.6,2,8,0,,0
4775,86,88,4.1,55,0,0,28.0,1
1813,104,67,5.4,36,0,37,27.0,1
3756,108,108,3.4,48,0,0,19.0,1
3824,70,226,1.6,2,0,0,141.0,0
1653,78,56,6.5,58,0,22,22.0,1
4651,7,133,2.7,53,49,0,,0
3752,61,103,3.5,32,0,0,42.0,0
2319,121,101,3.6,45,0,20,6.0,1
3709,244,180,2.0,25,0,64,,0
3062,22,93,3.9,46,34,0,,0
3968,76,132,2.8,20,0,0,,0
2855,201,159,2.3,59,0,42,28.0,1
3226,47,60,6.1,1,9,0,21.0,1
2695,115,114,3.2,24,0,1,20.0,1
2246,77,73,5.0,24,0,4,,0
4497,93,80,4.6,32,0,13,7.0,1
2238,32,69,5.3,14,24,0,34.0,0
1656,146,131,2.8,42,0,15,4.0,1
3429,47,96,3.8,10,9,0,34.0,0
1673,54,123,3.0,53,2,0,,0
1964,117,88,4.1,30,0,29,,0
1046,19,56,6.5,8,37,0,25.0,1
1681,38,92,4.0,33,18,0,,0
4421,135,94,3.9,18,0,41,14.0,1
4633,90,109,3.3,30,0,0,34.0,0
1503,38,56,6.5,16,18,0,3.0,1
1108,48,56,6.5,20,8,0,16.0,1
2204,208,148,2.5,35,0,60,15.0,1
4037,126,72,5.1,46,0,54,10.0,1
3061,110,103,3.5,35,0,7,11.0,1
3008,106,71,5.1,9,0,35,17.0,1
1578,43,89,4.1,9,13,0,,0
3277,1,62,5.9,31,55,0,36.0,0
3579,16,56,6.5,56,40,0,15.0,1
2468,127,131,2.8,43,0,0,10.0,1
1150,30,56,6.5,39,26,0,,0
3582,47,102,3.6,32,9,0,,0
4988,11,125,2.9,46,45,0,126.0,0
3987,25,56,6.5,14,31,0,,0
3041,89,56,6.5,56,0,33,14.0,1
2412,201,626,0.6,43,0,0,420.0,0
4635,29,59,6.2,36,27,0,20.0,1
2224,79,148,2.5,7,0,0,,0
4605,114,424,0.9,32,0,0,320.0,0
1210,99,169,2.2,27,0,0,57.0,0
1580,51,70,5.2,8,5,0,28.0,1
2731,58,85,4.3,52,0,0,10.0,1
4732,37,56,6.5,16,19,0,23.0,1
1465,138,182,2.0,21,0,0,33.0,0
1644,33,141,2.6,8,23,0,113.0,0
4516,38,59,6.2,46,18,0,27.0,1
1230,55,56,6.5,46,1,0,26.0,1
2529,8,56,6.5,13,48,0,13.0,1
3636,87,198,1.8,2,0,0,104.0,0
1253,9,99,3.7,4,47,0,103.0,0
3777,111,106,3.4,4,0,5,8.0,1
2231,55,56,6.5,42,1,0,22.0,1
2659,28,56,6.5,31,28,0,28.0,1
3570,164,194,1.9,36,0,0,35.0,0
1066,136,93,3.9,17,0,43,,0
2859,70,186,2.0,6,0,0,95.0,0
3928,90,66,5.5,43,0,24,10.0,1
4976,65,74,4.9,3,0,0,1.0,1
2373,188,159,2.3,2,0,29,,0
3098,196,161,2.3,13,0,35,7.0,1
3363,223,170,2.1,59,0,53,,0
3860,47,71,5.1,58,9,0,1.0,1
2467,11,147,2.5,24,45,0,139.0,0
2593,287,218,1.7,23,0,69,,0
3123,7,82,4.5,23,49,0,,0
3741,14,59,6.2,39,42,0,64.0,0
2790,266,263,1.4,34,0,3,18.0,1
3096,17,56,6.5,29,39,0,44.0,0
4980,120,148,2.5,53,0,0,23.0,1
3196,62,85,4.3,33,0,0,,0
1746,30,56,6.5,50,26,0,38.0,0
4305,33,222,1.6,26,23,0,182.0,0
4860,5,56,6.5,17,51,0,,0
3970,38,56,6.5,12,18,0,11.0,1
4908,13,137,2.7,38,43,0,149.0,0
1080,50,137,2.7,57,6,0,74.0,0
3358,69,56,6.5,24,0,13,6.0,1
4668,34,101,3.6,6,22,0,,0
2472,72,56,6.5,23,0,16,2.0,1
4087,100,158,2.3,51,0,0,25.0,1
3023,71,109,3.3,10,0,0,1.0,1
4477,33,86,4.2,2,23,0,36.0,0
4414,95,91,4.0,40,0,4,9.0,1
1147,126,133,2.7,37,0,0,6.0,1
1383,51,87,4.2,23,5,0,32.0,0
4504,1,56,6.5,4,55,0,36.0,0
4399,188,521,0.7,36,0,0,338.0,0
4885,322,235,1.6,32,0,87,,0
3864,42,56,6.5,47,14,0,2.0,1
2384,66,68,5.4,13,0,0,,0
3661,80,74,4.9,37,0,6,5.0,1
4572,77,213,1.7,15,0,0,,0
3269,12,56,6.5,52,44,0,,0
2601,11,60,6.1,21,45,0,68.0,0
1573,1,56,6.5,39,55,0,49.0,0
3423,9,71,5.1,14,47,0,64.0,0
3168,82,61,6.0,44,0,21,5.0,1
2726,80,95,3.8,6,0,0,,0
1159,5,56,6.5,23,51,0,63.0,0
4538,52,56,6.5,39,4,0,22.0,1
3316,210,147,2.5,57,0,63,,0
3217,150,129,2.8,34,0,21,6.0,1
4070,56,139,2.6,45,0,0,88.0,0
4031,46,78,4.7,19,10,0,,0
3825,49,56,6.5,31,7,0,1.0,1
3222,6,81,4.5,31,50,0,78.0,0
4268,186,134,2.7,19,0,52,23.0,1
3266,38,56,6.5,15,18,0,,0
2467,148,123,3.0,59,0,25,,0
2468,124,115,3.2,32,0,9,3.0,1
3617,142,94,3.9,22,0,48,26.0,1
1755,71,79,4.6,49,0,0,23.0,1
3297,57,56,6.5,46,0,1,22.0,1
4608,15,63,5.8,25,41,0,44.0,0
4654,137,376,1.0,5,0,0,234.0,0
3427,13,90,4.1,22,43,0,,0
3877,47,70,5.2,55,9,0,,0
4644,5,91,4.0,33,51,0,93.0,0
2708,7,119,3.1,51,49,0,,0
4098,160,152,2.4,14,0,8,24.0,1
2843,43,74,4.9,41,13,0,,0
2210,51,126,2.9,53,5,0,75.0,0
4028,243,344,1.1,18,0,0,106.0,0
2834,232,201,1.8,30,0,31,10.0,1
3587,606,585,0.6,35,0,21,9.0,1
2812,46,56,6.5,22,10,0,23.0,1
1161,394,344,1.1,32,0,50,4.0,1
4156,32,56,6.5,19,24,0,,0
3094,148,119,3.1,45,0,29,14.0,1
1794,82,161,2.3,27,0,0,,0
4854,81,59,6.2,33,0,22,23.0,1
1516,19,96,3.8,5,37,0,71.0,0
4391,131,186,2.0,10,0,0,62.0,0
3320,8,56,6.5,43,48,0,58.0,0
4975,376,342,1.1,7,0,34,5.0,1
3104,58,56,6.5,59,0,2,3.0,1
3360,318,424,0.9,11,0,0,,0
3607,270,200,1.8,16,0,70,25.0,1
1750,32,83,4.4,53,24,0,,0
3391,14,65,5.6,49,42,0,60.0,0
1895,48,60,6.1,31,8,0,21.0,1
3449,7,80,4.6,50,49,0,67.0,0
2521,33,86,4.2,18,23,0,59.0,0
3030,26,245,1.5,28,30,0,209.0,0
3345,50,434,0.8,42,6,0,,0
4012,13,105,3.5,27,43,0,,0
4893,31,56,6.5,4,25,0,16.0,1
4727,59,58,6.3,52,0,1,,0
2108,16,77,4.7,17,40,0,72.0,0
4787,14,56,6.5,2,42,0,47.0,0
3960,87,56,6.5,30,0,31,2.0,1
3987,401,481,0.8,50,0,0,98.0,0
4360,1,114,3.2,11,55,0,121.0,0
1906,66,56,6.5,33,0,10,,0
1167,37,172,2.1,53,19,0,141.0,0
3043,23,56,6.5,31,33,0,20.0,1
3212,71,56,6.5,48,0,15,17.0,1
1487,22,56,6.5,21,34,0,32.0,0
2610,296,338,1.1,37,0,0,40.0,0
1539,9,73,5.0,28,47,0,50.0,0
4178,60,56,6.5,6,0,4,20.0,1
2693,348,236,1.5,45,0,112,29.0,1
1429,127,70,5.2,43,0,57,7.0,1
1845,46,56,6.5,21,10,0,35.0,0
4698,25,69,5.3,46,31,0,20.0,1
3986,126,136,2.7,26,0,0,1.0,1
2876,29,124,2.9,7,27,0,72.0,0
3783,442,379,1.0,41,0,63,21.0,1
4162,98,56,6.5,9,0,42,5.0,1
4324,47,93,3.9,26,9,0,,0
1865,22,56,6.5,49,34,0,33.0,0
1775,32,56,6.5,38,24,0,,0
1554,213,182,2.0,7,0,31,27.0,1
3848,171,130,2.8,57,0,41,,0
4044,34,112,3.3,42,22,0,,0
4638,173,126,2.9,59,0,47,6.0,1
1825,41,56,6.5,28,15,0,16.0,1
2556,15,56,6.5,37,41,0,50.0,0
3478,126,92,4.0,2,0,34,23.0,1
3354,238,227,1.6,58,0,11,23.0,1
3460,448,325,1.1,8,0,123,,0
3063,230,170,2.1,1,0,60,,0
2347,47,92,4.0,23,9,0,42.0,0
2003,152,111,3.3,45,0,41,,0
2368,45,90,4.1,44,11,0,,0
2604,6,56,6.5,36,50,0,,0
1146,69,91,4.0,42,0,0,,0
4690,53,56,6.5,6,3,0,,0
1678,38,81,4.5,15,18,0,18.0,1
4909,29,333,1.1,56,27,0,317.0,0
1541,115,173,2.1,15,0,0,,0
2051,46,56,6.5,27,10,0,15.0,1
3828,36,84,4.3,19,20,0,59.0,0
2774,26,56,6.5,2,30,0,34.0,0
1066,13,85,4.3,8,43,0,81.0,0
4647,194,207,1.8,38,0,0,29.0,1
1569,7,151,2.4,11,49,0,,0
1994,730,656,0.6,22,0,74,25.0,1
1508,170,233,1.6,40,0,0,44.0,0
3883,80,105,3.5,53,0,0,,0
4849,17,154,2.4,59,39,0,,0
2458,138,76,4.8,21,0,62,17.0,1
4397,30,56,6.5,39,26,0,,0
4840,282,255,1.4,54,0,27,2.0,1
1000,227,201,1.8,19,0,26,27.0,1
4974,83,74,4.9,14,0,9,,0
2615,50,112,3.3,52,6,0,,0
2239,53,242,1.5,50,3,0,199.0,0
4967,80,177,2.1,8,0,0,106.0,0
3563,26,56,6.5,6,30,0,4.0,1
4343,56,109,3.3,46,0,0,52.0,0
4782,21,78,4.7,32,35,0,,0
1369,264,219,1.7,23,0,45,1.0,1
2560,70,205,1.8,5,0,0,131.0,0
4982,6,258,1.4,39,50,0,,0
1392,61,56,6.5,52,0,5,3.0,1
2802,62,56,6.5,58,0,6,,0
1198,329,219,1.7,4,0,110,25.0,1
2076,33,56,6.5,11,23,0,24.0,1
1550,13,56,6.5,2,43,0,,0
1642,61,137,2.7,14,0,0,110.0,0
3758,105,58,6.3,8,0,47,,0
2538,27,376,1.0,7,29,0,,0
3955,156,114,3.2,52,0,42,21.0,1
1514,180,102,3.6,51,0,78,,0
4398,61,66,5.5,17,0,0,20.0,1
4094,150,321,1.1,45,0,0,152.0,0
3981,30,119,3.1,37,26,0,99.0,0
2486,79,64,5.7,22,0,15,,0
4286,15,56,6.5,35,41,0,,0
4961,37,84,4.3,11,19,0,38.0,0
4113,7,56,6.5,26,49,0,,0
1132,192,205,1.8,46,0,0,32.0,0
2064,71,56,6.5,44,0,15,13.0,1
2392,104,80,4.6,41,0,24,23.0,1
4508,90,146,2.5,14,0,0,63.0,0
3621,27,118,3.1,10,29,0,,0
2500,92,56,6.5,26,0,36,,0
2362,52,152,2.4,25,4,0,127.0,0
3429,130,56,6.5,22,0,74,,0
3455,67,88,4.1,37,0,0,20.0,1
3006,75,151,2.4,15,0,0,73.0,0
1539,171,130,2.8,50,0,41,,0
3384,59,56,6.5,48,0,3,,0
1008,303,234,1.6,6,0,69,16.0,1
3046,33,96,3.8,53,23,0,38.0,0
4516,103,163,2.2,19,0,0,62.0,0
3484,217,305,1.2,28,0,0,,0
3704,5,220,1.7,27,51,0,225.0,0
4136,73,220,1.7,42,0,0,,0
4943,14,105,3.5,35,42,0,85.0,0
4058,109,169,2.2,48,0,0,66.0,0
2928,48,106,3.4,17,8,0,,0
2767,44,56,6.5,25,12,0,,0
2477,138,114,3.2,4,0,24,,0
3318,11,110,3.3,9,45,0,116.0,0
1622,28,143,2.6,36,28,0,,0
3309,40,81,4.5,21,16,0,55.0,0
1372,64,56,6.5,37,0,8,,0
1494,199,152,2.4,36,0,47,12.0,1
1913,7,56,6.5,4,49,0,,0
4445,335,289,1.3,55,0,46,,0
2509,61,74,4.9,48,0,0,12.0,1
3806,47,109,3.3,44,9,0,34.0,0
3673,67,140,2.6,55,0,0,80.0,0
1113,110,144,2.5,6,0,0,18.0,1
2245,4,56,6.5,51,52,0,,0
1722,36,174,2.1,38,20,0,,0
3617,76,114,3.2,14,0,0,60.0,0
3395,36,56,6.5,9,20,0,5.0,1
1022,87,56,6.5,35,0,31,3.0,1
1471,8,68,5.4,59,48,0,38.0,0
3074,43,56,6.5,55,13,0,,0
2529,180,357,1.0,11,0,0,,0
2868,84,295,1.2,21,0,0,,0
1586,168,129,2.8,39,0,39,,0
4965,18,75,4.9,11,38,0,33.0,0
4086,5,76,4.8,18,51,0,48.0,0
3461,99,165,2.2,51,0,0,66.0,0
1389,239,367,1.0,18,0,0,,0
3840,35,57,6.4,58,21,0,4.0,1
3038,75,56,6.5,23,0,19,17.0,1
1030,474,310,1.2,25,0,164,,0
1778,71,56,6.5,28,0,15,,0
4907,20,56,6.5,47,36,0,15.0,1
1974,86,73,5.0,19,0,13,6.0,1
1879,67,56,6.5,59,0,11,,0
1791,242,219,1.7,27,0,23,,0
4853,11,178,2.1,16,45,0,198.0,0
4095,31,56,6.5,7,25,0,12.0,1
4926,46,250,1.5,42,10,0,204.0,0
2092,309,286,1.3,55,0,23,19.0,1
3670,93,82,4.5,51,0,11,,0
4737,60,62,5.9,11,0,0,17.0,1
3141,640,548,0.7,5,0,92,23.0,1
2019,117,160,2.3,28,0,0,41.0,0
2833,128,110,3.3,6,0,18,4.0,1
4685,303,267,1.4,21,0,36,12.0,1
4695,131,114,3.2,40,0,17,12.0,1
4631,57,60,6.1,41,0,0,6.0,1
1249,3,95,3.8,32,53,0,,0
4890,20,206,1.8,12,36,0,196.0,0
4522,74,56,6.5,38,0,18,,0
2651,80,71,5.1,11,0,9,10.0,1
4473,100,272,1.3,34,0,0,156.0,0
4157,59,59,6.2,34,0,0,8.0,1
4570,371,310,1.2,20,0,61,,0
1027,153,279,1.3,58,0,0,113.0,0
4101,13,85,4.3,35,43,0,82.0,0
4073,71,57,6.4,39,0,14,15.0,1
1456,68,71,5.1,28,0,0,8.0,1
2472,104,730,0.5,44,0,0,617.0,0
3851,158,403,0.9,36,0,0,,0
4576,62,99,3.7,19,0,0,36.0,0
3836,38,56,6.5,50,18,0,24.0,1
1061,25,98,3.7,4,31,0,53.0,0
1949,101,109,3.3,15,0,0,,0
3075,35,56,6.5,37,21,0,11.0,1
4043,115,95,3.8,36,0,20,15.0,1
3335,60,259,1.4,26,0,0,207.0,0
2209,4,56,6.5,9,52,0,56.0,0
1581,137,174,2.1,48,0,0,43.0,0
4196,267,270,1.4,49,0,0,,0
4222,40,57,6.4,41,16,0,29.0,1
2861,368,349,1.0,14,0,19,23.0,1
2915,62,56,6.5,47,0,6,20.0,1
3495,24,128,2.9,24,32,0,86.0,0
1469,9,70,5.2,45,47,0,55.0,0
4742,8,70,5.2,57,48,0,,0
2042,60,56,6.5,59,0,4,22.0,1
4783,232,157,2.3,3,0,75,17.0,1
3055,232,177,2.1,57,0,55,,0
2491,13,85,4.3,9,43,0,61.0,0
3302,39,56,6.5,34,17,0,26.0,1
3367,62,124,2.9,51,0,0,54.0,0
2751,17,126,2.9,56,39,0,,0
3252,15,75,4.9,23,41,0,,0
2661,229,400,0.9,50,0,0,183.0,0
4963,28,56,6.5,58,28,0,47.0,0
1552,59,56,6.5,25,0,3,11.0,1
2908,33,56,6.5,18,23,0,18.0,1
2202,52,158,2.3,30,4,0,,0
2542,19,56,6.5,17,37,0,66.0,0
3556,10,56,6.5,9,46,0,,0
3227,7,192,1.9,4,49,0,183.0,0
1071,119,130,2.8,11,0,0,11.0,1
1730,52,121,3.0,29,4,0,95.0,0
1746,151,168,2.2,31,0,0,25.0,1
2282,40,64,5.7,38,16,0,,0
1144,18,66,5.5,59,38,0,34.0,0
2796,97,172,2.1,21,0,0,91.0,0
2518,53,56,6.5,47,3,0,14.0,1
4144,61,56,6.5,4,0,5,,0
2394,8,63,5.8,36,48,0,,0
4141,142,189,1.9,51,0,0,,0
2159,102,110,3.3,4,0,0,,0
2963,248,178,2.1,36,0,70,18.0,1
1921,4,56,6.5,55,52,0,,0
4247,65,115,3.2,25,0,0,52.0,0
1083,212,151,2.4,47,0,61,,0
1281,49,56,6.5,28,7,0,17.0,1
3105,236,179,2.0,58,0,57,17.0,1
3421,93,82,4.5,36,0,11,,0
4010,1032,730,0.5,22,0,302,8.0,1
3031,58,56,6.5,54,0,2,7.0,1
1441,198,269,1.4,47,0,0,77.0,0
3840,54,65,5.6,46,2,0,2.0,1
4854,19,56,6.5,15,37,0,64.0,0
4850,34,59,6.2,21,22,0,25.0,1
1607,4,112,3.3,11,52,0,,0
1735,178,206,1.8,21,0,0,7.0,1
3053,45,356,1.0,41,11,0,309.0,0
2537,42,280,1.3,12,14,0,,0
2558,4,56,6.5,50,52,0,36.0,0
1604,3,222,1.6,54,53,0,221.0,0
3566,18,123,3.0,57,38,0,110.0,0
1445,35,56,6.5,14,21,0,,0
3077,38,75,4.9,3,18,0,,0
3639,46,56,6.5,20,10,0,,0
4584,26,92,4.0,38,30,0,78.0,0
4276,11,56,6.5,55,45,0,39.0,0
2280,30,56,6.5,35,26,0,,0
1405,37,132,2.8,24,19,0,111.0,0
4940,175,148,2.5,25,0,27,,0
3012,47,77,4.7,2,9,0,,0
4645,277,268,1.4,11,0,9,10.0,1
4663,58,73,5.0,55,0,0,11.0,1
3290,74,70,5.2,12,0,4,,0
3603,86,152,2.4,16,0,0,64.0,0
3056,33,80,4.6,23,23,0,49.0,0
4672,76,96,3.8,45,0,0,,0
2573,48,56,6.5,16,8,0,3.0,1
3069,136,91,4.0,51,0,45,19.0,1
1680,82,56,6.5,34,0,26,12.0,1
1257,68,56,6.5,30,0,12,,0
1128,36,56,6.5,9,20,0,5.0,1
2033,30,56,6.5,23,26,0,31.0,0
4682,3,58,6.3,4,53,0,,0
4671,62,60,6.1,43,0,2,,0
1177,72,153,2.4,28,0,0,86.0,0
4991,72,107,3.4,42,0,0,22.0,1
1747,6,56,6.5,53,50,0,,0
4502,21,96,3.8,7,35,0,,0
3733,176,116,3.1,25,0,60,23.0,1
4785,36,69,5.3,37,20,0,49.0,0
4173,131,85,4.3,48,0,46,27.0,1
3963,12,104,3.5,7,44,0,92.0,0
1627,133,165,2.2,49,0,0,,0
1715,51,56,6.5,21,5,0,,0
1187,92,74,4.9,43,0,18,,0
4606,421,300,1.2,40,0,121,,0
3838,132,279,1.3,34,0,0,,0
4656,234,177,2.1,40,0,57,22.0,1
1829,166,138,2.6,48,0,28,14.0,1
2155,229,338,1.1,37,0,0,127.0,0
2756,95,417,0.9,8,0,0,320.0,0
2178,44,81,4.5,2,12,0,,0
3012,19,56,6.5,56,37,0,12.0,1
3360,67,72,5.1,21,0,0,24.0,1
4395,1059,730,0.5,20,0,329,29.0,1
3369,44,56,6.5,13,12,0,45.0,0
4581,85,61,6.0,57,0,24,14.0,1
4782,43,56,6.5,12,13,0,5.0,1
4384,12,99,3.7,3,44,0,,0
1042,53,56,6.5,3,3,0,12.0,1
4497,35,82,4.5,56,21,0,55.0,0
3030,33,56,6.5,59,23,0,9.0,1
3785,176,147,2.5,2,0,29,,0
1523,398,239,1.5,46,0,159,12.0,1
1090,60,66,5.5,14,0,0,3.0,1
1437,64,80,4.6,3,0,0,,0
4157,4,78,4.7,28,52,0,,0
4534,21,104,3.5,8,35,0,91.0,0
3922,79,87,4.2,57,0,0,4.0,1
2609,132,166,2.2,30,0,0,17.0,1
3338,197,241,1.5,11,0,0,29.0,1
4495,32,56,6.5,15,24,0,23.0,1
3996,10,70,5.2,17,46,0,56.0,0
4923,32,185,2.0,56,24,0,,0
1287,2,56,6.5,47,54,0,47.0,0
1211,10,56,6.5,10,46,0,,0
4460,92,107,3.4,39,0,0,,0
4740,114,133,2.7,30,0,0,,0
1218,28,56,6.5,48,28,0,13.0,1
1345,61,56,6.5,16,0,5,6.0,1
2034,17,56,6.5,18,39,0,,0
2052,61,56,6.5,30,0,5,11.0,1
2659,41,156,2.3,1,15,0,114.0,0
1619,55,56,6.5,47,1,0,3.0,1
1659,13,72,5.1,39,43,0,,0
3090,77,56,6.5,40,0,21,19.0,1
1581,1,56,6.5,45,55,0,15.0,1
3183,209,180,2.0,1,0,29,24.0,1
2196,8,59,6.2,36,48,0,,0
3414,142,104,3.5,35,0,38,,0
2857,74,56,6.5,53,0,18,,0
4261,47,56,6.5,25,9,0,20.0,1
3742,74,164,2.2,44,0,0,,0
2626,29,713,0.5,49,27,0,,0
4493,29,56,6.5,19,27,0,2.0,1
3003,110,76,4.8,50,0,34,,0
3013,19,125,2.9,33,37,0,150.0,0
1860,6,56,6.5,6,50,0,,0
3241,141,177,2.1,38,0,0,25.0,1
2550,6,56,6.5,25,50,0,46.0,0
3848,128,101,3.6,30,0,27,7.0,1
3826,57,59,6.2,27,0,0,29.0,1
2879,53,238,1.5,47,3,0,195.0,0
1168,57,56,6.5,56,0,1,,0
4662,16,67,5.4,18,40,0,,0
1900,226,191,1.9,11,0,35,,0
4528,71,56,6.5,25,0,15,26.0,1
1899,76,95,3.8,22,0,0,,0
4290,39,56,6.5,29,17,0,37.0,0
4817,69,56,6.5,25,0,13,1.0,1
4011,189,122,3.0,23,0,67,16.0,1
3468,62,56,6.5,56,0,6,17.0,1
4186,17,58,6.3,10,39,0,40.0,0
3548,85,133,2.7,31,0,0,43.0,0
2036,29,56,6.5,39,27,0,9.0,1
1148,234,173,2.1,46,0,61,7.0,1
3314,10,106,3.4,24,46,0,73.0,0
4531,20,127,2.9,25,36,0,94.0,0
1013,173,242,1.5,48,0,0,67.0,0
3028,17,116,3.1,6,39,0,85.0,0
2273,332,308,1.2,45,0,24,,0
1419,90,186,2.0,26,0,0,68.0,0
2420,32,59,6.2,23,24,0,48.0,0
4770,100,253,1.4,18,0,0,151.0,0
1580,80,111,3.3,55,0,0,24.0,1
2300,74,65,5.6,33,0,9,,0
4424,9,112,3.3,11,47,0,,0
4179,82,219,1.7,58,0,0,,0
3239,41,129,2.8,4,15,0,101.0,0
3998,36,386,0.9,42,20,0,348.0,0
4152,65,214,1.7,30,0,0,173.0,0
1858,123,136,2.7,28,0,0,,0
2472,69,56,6.5,3,0,13,6.0,1
1434,74,77,4.7,47,0,0,28.0,1
1196,54,95,3.8,20,2,0,52.0,0
1331,92,157,2.3,28,0,0,72.0,0
3072,207,149,2.4,37,0,58,29.0,1
3840,12,103,3.5,48,44,0,89.0,0
3187,79,99,3.7,10,0,0,6.0,1
4082,125,160,2.3,48,0,0,45.0,0
1605,14,56,6.5,47,42,0,34.0,0
2327,297,349,1.0,20,0,0,,0
3010,24,56,6.5,36,32,0,35.0,0
2360,277,288,1.3,56,0,0,1.0,1
4037,116,86,4.2,13,0,30,7.0,1
4458,135,200,1.8,18,0,0,65.0,0
1842,10,120,3.0,49,46,0,92.0,0
4248,166,118,3.1,24,0,48,2.0,1
4630,50,140,2.6,30,6,0,,0
1840,41,171,2.1,16,15,0,149.0,0
1657,42,69,5.3,11,14,0,26.0,1
2536,4,205,1.8,39,52,0,,0
1581,11,56,6.5,28,45,0,,0
4297,109,89,4.1,2,0,20,,0
2668,146,175,2.1,51,0,0,56.0,0
1514,61,199,1.8,15,0,0,,0
1601,22,130,2.8,33,34,0,101.0,0
3916,11,65,5.6,27,45,0,40.0,0
2767,132,184,2.0,22,0,0,25.0,1
2477,66,56,6.5,30,0,10,,0
4850,354,365,1.0,20,0,0,36.0,0
2866,4,84,4.3,24,52,0,,0
4946,40,56,6.5,51,16,0,,0
2319,40,56,6.5,49,16,0,,0
1101,147,93,3.9,58,0,54,8.0,1
4135,22,100,3.6,1,34,0,66.0,0
2615,272,435,0.8,38,0,0,168.0,0
3771,29,56,6.5,39,27,0,,0
3131,91,92,4.0,46,0,0,3.0,1
3521,107,56,6.5,24,0,51,3.0,1
3361,14,60,6.1,1,42,0,48.0,0
3274,427,346,1.1,15,0,81,14.0,1
4815,21,56,6.5,16,35,0,16.0,1
3303,130,143,2.6,5,0,0,24.0,1
1236,184,123,3.0,5,0,61,24.0,1
1489,88,88,4.1,22,0,0,14.0,1
3712,140,136,2.7,57,0,4,12.0,1
2309,16,56,6.5,51,40,0,,0
2703,463,338,1.1,11,0,125,22.0,1
1536,256,419,0.9,33,0,0,114.0,0
1009,105,93,3.9,15,0,12,26.0,1
1364,657,625,0.6,19,0,32,24.0,1
2336,111,65,5.6,40,0,46,27.0,1
1674,12,124,2.9,42,44,0,96.0,0
3330,48,283,1.3,47,8,0,223.0,0
3299,39,62,5.9,27,17,0,13.0,1
4011,90,56,6.5,19,0,34,1.0,1
2597,16,56,6.5,55,40,0,45.0,0
3767,46,468,0.8,41,10,0,,0
1412,80,58,6.3,8,0,22,7.0,1
1354,107,77,4.7,27,0,30,,0
3196,41,56,6.5,27,15,0,,0
1168,61,192,1.9,37,0,0,116.0,0
3462,7,56,6.5,45,49,0,61.0,0
1146,6,60,6.1,11,50,0,66.0,0
2515,138,114,3.2,11,0,24,15.0,1
1293,18,56,6.5,56,38,0,,0
1927,58,78,4.7,46,0,0,38.0,0
2027,360,276,1.3,1,0,84,,0
3125,156,126,2.9,50,0,30,5.0,1
1576,8,99,3.7,45,48,0,,0
1103,31,106,3.4,51,25,0,67.0,0
3642,70,65,5.6,4,0,5,10.0,1
2071,444,444,0.8,1,0,0,28.0,1
3463,3,56,6.5,56,53,0,66.0,0
3940,76,106,3.4,48,0,0,16.0,1
3311,72,98,3.7,36,0,0,28.0,1
3692,205,201,1.8,7,0,4,11.0,1
1711,41,217,1.7,42,15,0,197.0,0
3224,27,87,4.2,34,29,0,,0
2733,147,113,3.2,38,0,34,,0
3658,48,117,3.1,9,8,0,,0
1308,51,56,6.5,7,5,0,5.0,1
3942,11,56,6.5,39,45,0,80.0,0
3163,82,56,6.5,19,0,26,17.0,1
3619,73,57,6.4,39,0,16,16.0,1
3492,69,56,6.5,16,0,13,14.0,1
1445,152,163,2.2,57,0,0,,0
2482,71,90,4.1,55,0,0,,0
4468,46,75,4.9,18,10,0,27.0,1
4928,42,56,6.5,7,14,0,8.0,1
2842,27,86,4.2,58,29,0,33.0,0
1412,66,56,6.5,25,0,10,23.0,1
4574,135,79,4.6,31,0,56,6.0,1
2555,82,94,3.9,48,0,0,,0
2314,20,109,3.3,23,36,0,79.0,0
2113,33,56,6.5,49,23,0,48.0,0
1370,89,107,3.4,23,0,0,,0
2619,16,56,6.5,33,40,0,2.0,1
2254,55,56,6.5,44,1,0,,0
2386,88,159,2.3,34,0,0,74.0,0
2576,244,450,0.8,9,0,0,,0
3798,44,93,3.9,19,12,0,33.0,0
2195,18,56,6.5,56,38,0,20.0,1
1299,90,104,3.5,33,0,0,21.0,1
4205,142,190,1.9,32,0,0,,0
4774,22,147,2.5,57,34,0,,0
3704,650,730,0.5,12,0,0,73.0,0
2911,16,56,6.5,14,40,0,43.0,0
2649,139,110,3.3,13,0,29,7.0,1
3650,289,310,1.2,10,0,0,,0
4368,138,295,1.2,54,0,0,,0
2514,85,56,6.5,33,0,29,24.0,1
4538,123,89,4.1,55,0,34,24.0,1
2001,129,295,1.2,28,0,0,165.0,0
2759,879,730,0.5,21,0,149,,0
3538,117,158,2.3,21,0,0,32.0,0
1150,79,67,5.4,29,0,12,14.0,1
1037,1,56,6.5,41,55,0,47.0,0
3216,382,531,0.7,32,0,0,174.0,0
2054,194,161,2.3,15,0,33,2.0,1
1399,8,56,6.5,48,48,0,31.0,0
4706,51,76,4.8,22,5,0,40.0,0
1898,83,115,3.2,25,0,0,3.0,1
4151,138,139,2.6,44,0,0,16.0,1
1882,50,56,6.5,18,6,0,,0
1655,60,56,6.5,36,0,4,7.0,1
2603,69,56,6.5,15,0,13,,0
3116,276,206,1.8,16,0,70,,0
4253,3,68,5.4,13,53,0,45.0,0
2243,70,130,2.8,54,0,0,,0
3902,167,280,1.3,51,0,0,109.0,0
1809,96,107,3.4,26,0,0,27.0,1
1191,20,82,4.5,44,36,0,63.0,0
3173,55,105,3.5,10,1,0,21.0,1
2554,43,94,3.9,3,13,0,47.0,0
3648,204,243,1.5,45,0,0,39.0,0
1594,112,115,3.2,44,0,0,,0
2341,63,58,6.3,10,0,5,2.0,1
1258,150,208,1.8,26,0,0,68.0,0
4847,304,240,1.5,47,0,64,,0
3777,40,56,6.5,17,16,0,,0
2438,308,306,1.2,5,0,2,14.0,1
2810,56,120,3.0,54,0,0,46.0,0
2654,127,112,3.3,36,0,15,12.0,1
1720,235,201,1.8,45,0,34,26.0,1
1320,29,57,6.4,46,27,0,43.0,0
1820,187,193,1.9,16,0,0,,0
2804,4,66,5.5,57,52,0,,0
2594,36,56,6.5,22,20,0,,0
4256,36,56,6.5,3,20,0,5.0,1
1011,217,141,2.6,7,0,76,,0
4807,93,56,6.5,21,0,37,12.0,1
3135,306,326,1.1,48,0,0,1.0,1
3145,113,233,1.6,25,0,0,110.0,0
1407,169,261,1.4,59,0,0,,0
2961,102,99,3.7,37,0,3,17.0,1
2416,66,110,3.3,11,0,0,32.0,0
2711,27,56,6.5,7,29,0,38.0,0
1067,306,199,1.8,22,0,107,27.0,1
4736,155,121,3.0,12,0,34,27.0,1
4939,184,141,2.6,10,0,43,,0
2687,378,347,1.1,46,0,31,25.0,1
3838,70,56,6.5,19,0,14,6.0,1
2382,69,81,4.5,42,0,0,,0
4389,25,116,3.1,16,31,0,114.0,0
4150,18,56,6.5,55,38,0,46.0,0
1344,55,77,4.7,4,1,0,75.0,0
1700,154,133,2.7,6,0,21,17.0,1
3167,116,69,5.3,6,0,47,,0
3922,131,256,1.4,51,0,0,,0
3313,74,56,6.5,18,0,18,28.0,1
4081,53,221,1.7,35,3,0,169.0,0
1581,172,152,2.4,40,0,20,23.0,1
3291,76,57,6.4,49,0,19,,0
4396,6,56,6.5,27,50,0,54.0,0
4387,1,56,6.5,3,55,0,19.0,1
4932,36,56,6.5,6,20,0,25.0,1
4539,44,208,1.8,29,12,0,,0
4904,11,86,4.2,45,45,0,,0
2493,92,228,1.6,28,0,0,,0
4896,30,56,6.5,28,26,0,,0
4694,119,158,2.3,55,0,0,57.0,0
2238,57,56,6.5,26,0,1,26.0,1
1473,17,56,6.5,20,39,0,,0
3573,15,82,4.5,16,41,0,49.0,0
3851,11,56,6.5,24,45,0,37.0,0
4326,122,56,6.5,13,0,66,13.0,1
3365,36,77,4.7,32,20,0,26.0,1
2279,148,98,3.7,43,0,50,7.0,1
1843,205,248,1.5,8,0,0,,0
4598,258,190,1.9,36,0,68,27.0,1
1816,50,238,1.5,52,6,0,159.0,0
2871,96,160,2.3,11,0,0,67.0,0
4982,137,117,3.1,13,0,20,21.0,1
2195,40,56,6.5,46,16,0,33.0,0
1845,19,101,3.6,53,37,0,51.0,0
4713,97,145,2.5,51,0,0,34.0,0
1374,237,288,1.3,29,0,0,35.0,0
4531,61,155,2.4,54,0,0,75.0,0
1574,141,242,1.5,29,0,0,74.0,0
1279,18,56,6.5,57,38,0,,0
1767,77,69,5.3,34,0,8,20.0,1
4585,160,126,2.9,19,0,34,28.0,1
1593,95,227,1.6,16,0,0,133.0,0
3947,79,80,4.6,42,0,0,4.0,1
1603,31,84,4.3,31,25,0,48.0,0
3776,221,155,2.4,43,0,66,11.0,1
4432,50,56,6.5,49,6,0,,0
3471,8,325,1.1,54,48,0,295.0,0
3566,72,56,6.5,27,0,16,9.0,1
2516,43,56,6.5,59,13,0,,0
3551,60,90,4.1,51,0,0,39.0,0
2483,177,350,1.0,49,0,0,173.0,0
4644,94,143,2.6,14,0,0,,0
1427,178,164,2.2,29,0,14,12.0,1
2526,85,93,3.9,23,0,0,29.0,1
3156,29,79,4.6,47,27,0,,0
2490,4,56,6.5,28,52,0,,0
2475,39,56,6.5,38,17,0,,0
3177,45,105,3.5,10,11,0,86.0,0
3519,60,257,1.4,26,0,0,205.0,0
1044,10,118,3.1,23,46,0,99.0,0
4466,36,148,2.5,39,20,0,,0
2495,111,319,1.1,18,0,0,210.0,0
2274,17,117,3.1,4,39,0,,0
3248,54,81,4.5,53,2,0,53.0,0
4194,13,56,6.5,57,43,0,,0
2542,124,453,0.8,48,0,0,335.0,0
1028,126,137,2.7,11,0,0,5.0,1
2506,69,56,6.5,43,0,13,,0
3879,89,56,6.5,40,0,33,,0
2687,8,245,1.5,40,48,0,,0
3370,74,56,6.5,13,0,18,,0
3304,158,396,0.9,25,0,0,,0
1608,5,56,6.5,7,51,0,43.0,0
3419,36,280,1.3,30,20,0,241.0,0
2453,113,132,2.8,43,0,0,41.0,0
4809,118,98,3.7,6,0,20,,0
2322,4,78,4.7,41,52,0,86.0,0
1905,411,408,0.9,32,0,3,,0
3638,47,158,2.3,37,9,0,,0
3634,45,56,6.5,21,11,0,3.0,1
3557,13,56,6.5,29,43,0,,0
1999,171,103,3.5,51,0,68,22.0,1
4967,81,89,4.1,25,0,0,26.0,1
3976,12,56,6.5,50,44,0,29.0,1
3492,5,86,4.2,10,51,0,,0
3015,43,56,6.5,19,13,0,33.0,0
3085,66,90,4.1,4,0,0,,0
2683,146,160,2.3,29,0,0,3.0,1
3399,49,297,1.2,17,7,0,,0
3503,6,186,2.0,34,50,0,180.0,0
3802,42,56,6.5,5,14,0,19.0,1
4892,73,120,3.0,6,0,0,17.0,1
4638,67,94,3.9,38,0,0,38.0,0
4088,7,56,6.5,35,49,0,,0
3989,73,123,3.0,4,0,0,52.0,0
3659,547,397,0.9,47,0,150,20.0,1
3433,8,92,4.0,27,48,0,,0
1495,5,56,6.5,41,51,0,61.0,0
1499,21,92,4.0,1,35,0,,0
3657,48,56,6.5,16,8,0,,0
2162,235,179,2.0,25,0,56,18.0,1
1589,103,136,2.7,40,0,0,49.0,0
2489,71,78,4.7,4,0,0,13.0,1
2801,90,69,5.3,36,0,21,12.0,1
3326,97,75,4.9,53,0,22,8.0,1
1343,59,90,4.1,11,0,0,37.0,0
2067,18,56,6.5,58,38,0,30.0,1
4786,57,56,6.5,18,0,1,12.0,1
4318,175,223,1.6,55,0,0,45.0,0
2896,37,66,5.5,50,19,0,23.0,1
3487,73,102,3.6,23,0,0,2.0,1
1923,155,113,3.2,44,0,42,15.0,1
3842,47,116,3.1,5,9,0,72.0,0
2199,54,56,6.5,39,2,0,5.0,1
4957,42,56,6.5,47,14,0,13.0,1
4108,49,56,6.5,17,7,0,9.0,1
2022,125,123,3.0,48,0,2,,0
1575,7,56,6.5,41,49,0,,0
3350,5,67,5.4,13,51,0,32.0,0
1494,677,493,0.7,4,0,184,28.0,1
4071,36,56,6.5,58,20,0,,0
1816,78,56,6.5,43,0,22,21.0,1
4069,444,410,0.9,30,0,34,28.0,1
2857,41,86,4.2,46,15,0,55.0,0
1556,47,56,6.5,15,9,0,6.0,1
1057,260,229,1.6,8,0,31,10.0,1
1874,2,94,3.9,6,54,0,97.0,0
2088,30,68,5.4,4,26,0,,0
2405,82,104,3.5,26,0,0,,0
4048,58,56,6.5,56,0,2,9.0,1
3371,67,56,6.5,25,0,11,23.0,1
3287,49,82,4.5,21,7,0,19.0,1
1623,48,56,6.5,29,8,0,,0
2282,98,90,4.1,10,0,8,,0
4673,170,119,3.1,56,0,51,12.0,1
4313,260,178,2.1,20,0,82,,0
4398,190,221,1.7,42,0,0,13.0,1
4925,31,65,5.6,20,25,0,26.0,1
1265,42,134,2.7,25,14,0,120.0,0
3313,96,133,2.7,7,0,0,,0
3854,20,117,3.1,5,36,0,114.0,0
2600,12,61,6.0,7,44,0,17.0,1
4440,49,56,6.5,47,7,0,11.0,1
3361,138,134,2.7,30,0,4,10.0,1
4315,76,56,6.5,28,0,20,22.0,1
4364,31,72,5.1,17,25,0,35.0,0
4967,54,56,6.5,27,2,0,9.0,1
3378,55,56,6.5,18,1,0,4.0,1
2825,47,56,6.5,20,9,0,12.0,1
4962,34,216,1.7,58,22,0,188.0,0
1905,62,156,2.3,2,0,0,94.0,0
4149,10,57,6.4,45,46,0,62.0,0
3341,47,161,2.3,22,9,0,102.0,0
3555,253,183,2.0,18,0,70,,0
4388,88,79,4.6,8,0,9,22.0,1
3497,60,56,6.5,11,0,4,30.0,1
4174,70,76,4.8,23,0,0,15.0,1
3633,30,83,4.4,31,26,0,84.0,0
4039,21,56,6.5,21,35,0,5.0,1
1028,2,120,3.0,26,54,0,139.0,0
2713,14,112,3.3,59,42,0,106.0,0
2344,37,128,2.9,44,19,0,94.0,0
2387,130,112,3.3,49,0,18,,0
4320,69,161,2.3,59,0,0,123.0,0
3301,32,77,4.7,24,24,0,35.0,0
3819,61,105,3.5,36,0,0,38.0,0
1096,5,65,5.6,52,51,0,59.0,0
1749,4,56,6.5,36,52,0,,0
2687,145,262,1.4,17,0,0,129.0,0
1680,33,56,6.5,42,23,0,21.0,1
2045,274,181,2.0,58,0,93,27.0,1
1521,61,56,6.5,48,0,5,,0
3603,4,56,6.5,47,52,0,45.0,0
3747,32,110,3.3,34,24,0,,0
2177,24,56,6.5,14,32,0,26.0,1
2421,65,56,6.5,27,0,9,,0
4211,2,56,6.5,55,54,0,45.0,0
3067,104,75,4.9,49,0,29,,0
4553,53,56,6.5,53,3,0,14.0,1
3039,425,324,1.1,25,0,101,,0
1290,505,379,1.0,8,0,126,18.0,1
4436,63,56,6.5,8,0,7,,0
1213,86,139,2.6,46,0,0,20.0,1
3622,204,178,2.1,37,0,26,24.0,1
4557,46,138,2.6,20,10,0,,0
1656,80,56,6.5,42,0,24,,0
4483,4,74,4.9,18,52,0,98.0,0
4286,60,56,6.5,33,0,4,11.0,1
2871,20,64,5.7,2,36,0,,0
3646,7,56,6.5,39,49,0,50.0,0
3980,119,82,4.5,6,0,37,,0
1241,86,56,6.5,7,0,30,,0
3531,89,76,4.8,47,0,13,4.0,1
2302,69,56,6.5,42,0,13,15.0,1
1734,4,106,3.4,46,52,0,92.0,0
3190,61,56,6.5,3,0,5,6.0,1
2932,83,113,3.2,53,0,0,29.0,1
4981,185,213,1.7,35,0,0,,0
1981,239,321,1.1,41,0,0,81.0,0
3952,34,56,6.5,31,22,0,13.0,1
1135,34,56,6.5,40,22,0,25.0,1
1461,16,70,5.2,39,40,0,53.0,0
1116,49,130,2.8,54,7,0,70.0,0
2606,13,56,6.5,14,43,0,51.0,0
4906,45,56,6.5,36,11,0,,0
4427,103,99,3.7,20,0,4,4.0,1
4094,89,96,3.8,18,0,0,,0
2104,25,121,3.0,28,31,0,94.0,0
3856,80,128,2.9,59,0,0,32.0,0
2014,151,118,3.1,47,0,33,,0
2112,131,105,3.5,38,0,26,,0
3902,25,94,3.9,38,31,0,,0
4530,208,153,2.4,58,0,55,9.0,1
4871,46,56,6.5,34,10,0,2.0,1
1884,407,309,1.2,23,0,98,14.0,1
2728,76,56,6.5,58,0,20,18.0,1
2562,60,56,6.5,32,0,4,13.0,1
3027,54,75,4.9,15,2,0,28.0,1
3022,231,154,2.4,52,0,77,28.0,1
4801,89,56,6.5,29,0,33,12.0,1
2855,36,88,4.1,38,20,0,68.0,0
2018,79,169,2.2,11,0,0,,0
1584,233,199,1.8,48,0,34,7.0,1
2501,67,56,6.5,16,0,11,9.0,1
3370,40,70,5.2,44,16,0,27.0,1
4946,52,56,6.5,38,4,0,12.0,1
2502,36,65,5.6,39,20,0,22.0,1
2716,7,56,6.5,44,49,0,44.0,0
4593,20,56,6.5,51,36,0,39.0,0
2074,6,127,2.9,31,50,0,134.0,0
2695,86,100,3.6,5,0,0,,0
4264,92,133,2.7,53,0,0,,0
3605,114,106,3.4,4,0,8,13.0,1
3759,157,158,2.3,58,0,0,5.0,1
1102,67,181,2.0,26,0,0,95.0,0
2673,66,56,6.5,46,0,10,,0
2879,77,56,6.5,10,0,21,11.0,1
2259,7,74,4.9,27,49,0,,0
1338,8,88,4.1,7,48,0,82.0,0
4261,51,56,6.5,5,5,0,10.0,1
4188,240,186,2.0,35,0,54,20.0,1
3118,195,438,0.8,52,0,0,237.0,0
4016,72,104,3.5,34,0,0,13.0,1
1821,29,96,3.8,28,27,0,78.0,0
1991,200,177,2.1,35,0,23,2.0,1
4794,74,56,6.5,5,0,18,,0
2958,81,92,4.0,15,0,0,15.0,1
2820,191,197,1.9,33,0,0,,0
4343,42,56,6.5,28,14,0,23.0,1
4302,66,56,6.5,48,0,10,16.0,1
2963,113,77,4.7,28,0,36,6.0,1
4522,28,85,4.3,20,28,0,49.0,0
2732,51,56,6.5,28,5,0,8.0,1
4525,479,481,0.8,53,0,0,5.0,1
2808,49,61,6.0,15,7,0,9.0,1
4792,122,56,6.5,21,0,66,,0
2577,100,83,4.4,56,0,17,7.0,1
4167,159,186,2.0,35,0,0,19.0,1
4574,165,91,4.0,41,0,74,,0
4830,43,132,2.8,4,13,0,79.0,0
3343,38,56,6.5,27,18,0,2.0,1
4341,39,295,1.2,45,17,0,236.0,0
3719,56,141,2.6,10,0,0,,0
2450,112,208,1.8,14,0,0,90.0,0
1997,108,120,3.0,47,0,0,4.0,1
4532,45,174,2.1,13,11,0,107.0,0
3990,12,56,6.5,53,44,0,15.0,1
4734,67,60,6.1,2,0,7,21.0,1
3107,378,264,1.4,50,0,114,,0
3059,241,313,1.2,43,0,0,71.0,0
1597,26,56,6.5,41,30,0,25.0,1
4037,60,109,3.3,41,0,0,52.0,0
2652,1,63,5.8,47,55,0,67.0,0
4129,59,56,6.5,45,0,3,9.0,1
3837,51,113,3.2,50,5,0,67.0,0
2727,194,224,1.6,29,0,0,26.0,1
3377,147,129,2.8,1,0,18,6.0,1
4467,78,69,5.3,17,0,9,,0
3403,162,135,2.7,44,0,27,4.0,1
1475,70,67,5.4,57,0,3,28.0,1
2878,102,125,2.9,28,0,0,43.0,0
3839,342,275,1.3,53,0,67,,0
4527,33,56,6.5,19,23,0,,0
1531,13,170,2.1,33,43,0,,0
4714,61,56,6.5,4,0,5,1.0,1
4782,54,240,1.5,59,2,0,,0
1534,31,56,6.5,51,25,0,,0
3490,29,56,6.5,53,27,0,,0
2378,193,156,2.3,26,0,37,,0
4616,129,120,3.0,24,0,9,9.0,1
3418,46,56,6.5,7,10,0,21.0,1
1045,53,56,6.5,43,3,0,10.0,1
4106,29,77,4.7,53,27,0,24.0,1
1021,43,56,6.5,26,13,0,4.0,1
2057,15,56,6.5,16,41,0,30.0,1
2059,21,98,3.7,14,35,0,83.0,0
3148,19,56,6.5,51,37,0,,0
1485,161,126,2.9,37,0,35,,0
4225,426,296,1.2,12,0,130,22.0,1
4112,84,79,4.6,45,0,5,8.0,1
4593,90,99,3.7,59,0,0,5.0,1
1356,349,452,0.8,11,0,0,,0
2649,8,56,6.5,1,48,0,20.0,1
1390,132,233,1.6,35,0,0,93.0,0
3089,213,212,1.7,32,0,1,27.0,1
4210,185,178,2.1,50,0,7,7.0,1
2488,156,253,1.4,33,0,0,89.0,0
1071,73,112,3.3,5,0,0,,0
4654,70,56,6.5,33,0,14,22.0,1
2133,146,216,1.7,2,0,0,74.0,0
2642,267,222,1.6,33,0,45,3.0,1
1764,83,217,1.7,58,0,0,133.0,0
3119,48,93,3.9,24,8,0,64.0,0
2760,48,56,6.5,40,8,0,9.0,1
3693,150,104,3.5,13,0,46,15.0,1
1045,183,191,1.9,33,0,0,6.0,1
2412,92,204,1.8,7,0,0,120.0,0
2615,60,63,5.8,35,0,0,9.0,1
3159,127,115,3.2,19,0,12,26.0,1
4341,84,56,6.5,34,0,28,,0
1033,224,197,1.9,34,0,27,10.0,1
3999,15,56,6.5,26,41,0,20.0,1
2593,58,168,2.2,6,0,0,116.0,0
4889,55,56,6.5,53,1,0,13.0,1
3017,2,205,1.8,54,54,0,214.0,0
3264,57,116,3.1,26,0,0,33.0,0
4925,23,56,6.5,35,33,0,8.0,1
4778,75,156,2.3,23,0,0,62.0,0
3664,1,56,6.5,27,55,0,,0
2918,190,163,2.2,10,0,27,15.0,1
4537,7,72,5.1,36,49,0,51.0,0
2463,42,56,6.5,30,14,0,11.0,1
1403,36,56,6.5,34,20,0,3.0,1
1268,28,63,5.8,39,28,0,16.0,1
3173,12,268,1.4,52,44,0,,0
3281,262,185,2.0,33,0,77,17.0,1
4668,215,329,1.1,9,0,0,116.0,0
3908,370,337,1.1,59,0,33,5.0,1
4570,63,58,6.3,1,0,5,16.0,1
1200,42,77,4.7,33,14,0,,0
3663,28,64,5.7,55,28,0,47.0,0
2877,10,56,6.5,7,46,0,32.0,0
1222,25,56,6.5,9,31,0,21.0,1
2068,41,88,4.1,53,15,0,,0
2694,5,56,6.5,16,51,0,,0
2477,75,87,4.2,30,0,0,,0
2704,112,489,0.7,18,0,0,379.0,0
1557,55,59,6.2,24,1,0,2.0,1
3305,132,105,3.5,51,0,27,,0
3683,127,185,2.0,14,0,0,59.0,0
1902,61,112,3.3,46,0,0,45.0,0
2163,142,113,3.2,29,0,29,,0
3367,82,67,5.4,37,0,15,28.0,1
3090,113,74,4.9,38,0,39,,0
2074,23,56,6.5,19,33,0,3.0,1
1850,182,177,2.1,6,0,5,,0
2390,34,56,6.5,5,22,0,9.0,1
4859,76,195,1.9,11,0,0,114.0,0
4468,68,56,6.5,7,0,12,21.0,1
3990,10,194,1.9,10,46,0,,0
4028,20,67,5.4,18,36,0,58.0,0
3276,39,56,6.5,40,17,0,29.0,1
2433,62,143,2.6,54,0,0,79.0,0
2248,24,189,1.9,33,32,0,164.0,0
2849,53,63,5.8,15,3,0,4.0,1
2007,100,160,2.3,59,0,0,79.0,0
1405,7,56,6.5,11,49,0,,0
4386,52,56,6.5,18,4,0,,0
2226,32,253,1.4,29,24,0,236.0,0
3958,30,75,4.9,3,26,0,49.0,0
3732,4,56,6.5,30,52,0,61.0,0
2326,30,56,6.5,51,26,0,3.0,1
4665,24,56,6.5,13,32,0,,0
2054,22,78,4.7,26,34,0,72.0,0
1878,20,66,5.5,19,36,0,39.0,0
3401,73,103,3.5,11,0,0,13.0,1
2436,86,85,4.3,5,0,1,18.0,1
2064,11,267,1.4,25,45,0,,0
1208,61,126,2.9,29,0,0,38.0,0
1273,3,129,2.8,22,53,0,108.0,0
1095,239,228,1.6,45,0,11,12.0,1
1009,43,65,5.6,25,13,0,14.0,1
1776,61,56,6.5,32,0,5,23.0,1
2395,224,236,1.5,35,0,0,17.0,1
1666,25,100,3.6,57,31,0,80.0,0
2817,100,100,3.6,52,0,0,2.0,1
4320,79,56,6.5,55,0,23,13.0,1
2620,85,56,6.5,17,0,29,,0
2052,42,177,2.1,26,14,0,134.0,0
4091,148,197,1.9,3,0,0,,0
3376,207,168,2.2,36,0,39,21.0,1
3499,76,169,2.2,56,0,0,100.0,0
4214,129,141,2.6,33,0,0,1.0,1
3227,67,100,3.6,31,0,0,,0
3262,10,78,4.7,7,46,0,,0
2641,178,237,1.5,20,0,0,57.0,0
1361,32,66,5.5,46,24,0,57.0,0
3383,154,121,3.0,43,0,33,6.0,1
3176,1,56,6.5,19,55,0,32.0,0
4474,36,56,6.5,45,20,0,,0
1409,24,74,4.9,40,32,0,38.0,0
2338,8,56,6.5,5,48,0,,0
4587,189,170,2.1,54,0,19,27.0,1
4901,32,56,6.5,32,24,0,,0
3267,60,97,3.8,50,0,0,,0
1999,125,100,3.6,46,0,25,,0
2720,21,56,6.5,17,35,0,12.0,1
1496,30,63,5.8,44,26,0,,0
3941,20,110,3.3,55,36,0,,0
3235,146,126,2.9,8,0,20,17.0,1
4362,100,76,4.8,35,0,24,25.0,1
3722,141,154,2.4,6,0,0,28.0,1
2387,32,82,4.5,44,24,0,16.0,1
3471,33,91,4.0,49,23,0,26.0,1
4988,3,110,3.3,4,53,0,122.0,0
1612,33,188,1.9,34,23,0,,0
2178,27,56,6.5,1,29,0,18.0,1
2198,75,60,6.1,28,0,15,,0
1871,36,56,6.5,51,20,0,10.0,1
1780,51,69,5.3,27,5,0,,0
3357,132,281,1.3,50,0,0,151.0,0
1261,6,142,2.6,21,50,0,,0
2950,59,56,6.5,25,0,3,11.0,1
1598,69,56,6.5,24,0,13,9.0,1
3025,151,121,3.0,28,0,30,11.0,1
4232,50,56,6.5,2,6,0,12.0,1
4720,53,56,6.5,7,3,0,5.0,1
4908,283,264,1.4,11,0,19,3.0,1
4575,60,56,6.5,30,0,4,22.0,1
3987,167,193,1.9,44,0,0,,0
3233,180,245,1.5,19,0,0,,0
3540,29,56,6.5,6,27,0,,0
2061,58,56,6.5,41,0,2,10.0,1
1751,11,72,5.1,16,45,0,73.0,0
3859,74,56,6.5,19,0,18,28.0,1
2013,28,99,3.7,26,28,0,,0
3883,20,76,4.8,58,36,0,45.0,0
2567,91,120,3.0,15,0,0,,0
4970,332,275,1.3,34,0,57,,0
3785,218,173,2.1,14,0,45,18.0,1
2641,136,133,2.7,50,0,3,9.0,1
4130,28,56,6.5,5,28,0,22.0,1
1907,142,128,2.9,38,0,14,11.0,1
3659,107,357,1.0,20,0,0,,0
3926,9,56,6.5,38,47,0,40.0,0
4245,17,156,2.3,52,39,0,,0
2951,127,79,4.6,12,0,48,,0
4998,25,56,6.5,37,31,0,14.0,1
1652,78,170,2.1,7,0,0,94.0,0
4376,143,353,1.0,54,0,0,245.0,0
1346,67,167,2.2,34,0,0,130.0,0
3806,75,66,5.5,32,0,9,29.0,1
2092,64,56,6.5,9,0,8,,0
1489,102,101,3.6,58,0,1,,0
2513,31,181,2.0,37,25,0,160.0,0
1575,90,66,5.5,9,0,24,,0
2177,55,71,5.1,53,1,0,30.0,1
3608,774,730,0.5,19,0,44,,0
4794,124,213,1.7,39,0,0,,0
1501,210,225,1.6,12,0,0,21.0,1
4990,32,56,6.5,8,24,0,,0
1235,96,56,6.5,12,0,40,,0
2243,93,95,3.8,37,0,0,,0
3241,44,56,6.5,16,12,0,,0
3306,281,323,1.1,41,0,0,9.0,1
1494,125,278,1.3,3,0,0,153.0,0
4020,22,58,6.3,8,34,0,13.0,1
1483,307,375,1.0,11,0,0,,0
2172,80,89,4.1,18,0,0,,0
1429,691,714,0.5,10,0,0,27.0,1
2388,109,101,3.6,33,0,8,21.0,1
2190,130,142,2.6,15,0,0,26.0,1
1845,410,275,1.3,23,0,135,22.0,1
1549,231,250,1.5,42,0,0,10.0,1
3075,147,135,2.7,12,0,12,24.0,1
3500,44,80,4.6,53,12,0,,0
1812,121,135,2.7,28,0,0,19.0,1
2637,83,56,6.5,55,0,27,,0
1061,117,101,3.6,51,0,16,,0
3556,10,56,6.5,3,46,0,50.0,0
3832,69,56,6.5,1,0,13,19.0,1
1167,48,93,3.9,35,8,0,59.0,0
1230,116,247,1.5,1,0,0,149.0,0
3669,33,188,1.9,36,23,0,150.0,0
2058,92,84,4.3,30,0,8,8.0,1
1721,23,364,1.0,30,33,0,,0
3744,52,57,6.4,58,4,0,3.0,1
1212,74,56,6.5,53,0,18,,0
3328,100,56,6.5,10,0,44,9.0,1
3558,16,56,6.5,47,40,0,27.0,1
2502,19,173,2.1,41,37,0,,0
3318,5,56,6.5,14,51,0,59.0,0
2902,121,130,2.8,49,0,0,6.0,1
2784,33,335,1.1,24,23,0,307.0,0
1658,6,56,6.5,20,50,0,86.0,0
3226,12,131,2.8,20,44,0,100.0,0
2164,114,138,2.6,33,0,0,18.0,1
4167,53,56,6.5,12,3,0,,0
1350,349,265,1.4,56,0,84,14.0,1
2741,57,71,5.1,53,0,0,,0
2048,7,66,5.5,51,49,0,,0
1767,477,487,0.7,5,0,0,,0
1722,56,136,2.7,23,0,0,75.0,0
3198,88,188,1.9,16,0,0,100.0,0
1722,7,266,1.4,41,49,0,241.0,0
2104,25,56,6.5,46,31,0,54.0,0
1826,54,244,1.5,27,2,0,213.0,0
4563,1,60,6.1,9,55,0,54.0,0
1911,37,58,6.3,14,19,0,27.0,1
4935,130,72,5.1,29,0,58,,0
2502,48,56,6.5,14,8,0,,0
1306,227,173,2.1,31,0,54,8.0,1
3420,146,111,3.3,7,0,35,,0
3668,61,60,6.1,41,0,1,10.0,1
2161,39,154,2.4,44,17,0,111.0,0
1455,18,72,5.1,9,38,0,50.0,0
1438,98,69,5.3,14,0,29,19.0,1
3425,132,93,3.9,19,0,39,11.0,1
4056,130,130,2.8,53,0,0,,0
1957,177,122,3.0,34,0,55,14.0,1
2836,30,67,5.4,10,26,0,7.0,1
1280,85,177,2.1,47,0,0,94.0,0
2209,114,75,4.9,16,0,39,20.0,1
3650,25,56,6.5,47,31,0,56.0,0
3111,33,56,6.5,37,23,0,11.0,1
3731,234,197,1.9,23,0,37,18.0,1
2687,30,90,4.1,37,26,0,,0
3801,84,106,3.4,31,0,0,43.0,0
1818,26,207,1.8,56,30,0,180.0,0
4390,54,61,6.0,58,2,0,,0
1663,45,56,6.5,2,11,0,8.0,1
3863,76,95,3.8,22,0,0,31.0,0
4603,58,115,3.2,42,0,0,,0
1543,90,72,5.1,54,0,18,,0
2697,202,292,1.2,4,0,0,94.0,0
2075,75,56,6.5,33,0,19,,0
3302,15,220,1.7,22,41,0,189.0,0
3085,31,169,2.2,57,25,0,133.0,0
4853,73,129,2.8,31,0,0,73.0,0
4223,4,56,6.5,12,52,0,36.0,0
3530,275,251,1.5,33,0,24,,0
1884,4,56,6.5,54,52,0,,0
4026,109,59,6.2,20,0,50,21.0,1
3247,50,78,4.7,41,6,0,32.0,0
1263,59,124,2.9,9,0,0,75.0,0
4205,81,150,2.4,48,0,0,49.0,0
1745,131,183,2.0,23,0,0,35.0,0
1970,182,172,2.1,33,0,10,,0
4952,118,110,3.3,19,0,8,29.0,1
3218,206,125,2.9,33,0,81,12.0,1
1498,38,56,6.5,5,18,0,29.0,1
4894,40,56,6.5,55,16,0,,0
1460,209,184,2.0,53,0,25,11.0,1
3458,208,175,2.1,51,0,33,13.0,1
4863,189,160,2.3,21,0,29,,0
4931,8,59,6.2,32,48,0,26.0,1
1578,168,186,2.0,41,0,0,24.0,1
4077,84,56,6.5,19,0,28,28.0,1
2601,322,213,1.7,46,0,109,,0
4040,52,73,5.0,58,4,0,7.0,1
2167,307,346,1.1,22,0,0,66.0,0
3488,21,56,6.5,18,35,0,50.0,0
3109,418,368,1.0,36,0,50,17.0,1
3010,12,67,5.4,55,44,0,40.0,0
2768,18,66,5.5,25,38,0,51.0,0
1724,95,105,3.5,36,0,0,18.0,1
2472,48,56,6.5,16,8,0,,0
2169,103,84,4.3,26,0,19,24.0,1
3298,55,56,6.5,13,1,0,17.0,1
4184,9,56,6.5,32,47,0,41.0,0
3639,95,132,2.8,3,0,0,52.0,0
2445,41,56,6.5,55,15,0,18.0,1
1657,34,56,6.5,50,22,0,41.0,0
1781,17,56,6.5,36,39,0,34.0,0
3544,53,60,6.1,37,3,0,1.0,1
3713,307,257,1.4,19,0,50,6.0,1
2605,83,56,6.5,14,0,27,22.0,1
1778,47,56,6.5,21,9,0,21.0,1
4073,24,105,3.5,32,32,0,,0
1280,45,66,5.5,50,11,0,19.0,1
4833,339,535,0.7,24,0,0,180.0,0
1450,3,79,4.6,16,53,0,90.0,0
2273,44,117,3.1,37,12,0,64.0,0
2468,57,191,1.9,8,0,0,130.0,0
2703,85,188,1.9,29,0,0,93.0,0
4997,137,108,3.4,51,0,29,,0
2032,3,79,4.6,50,53,0,61.0,0
1413,222,454,0.8,57,0,0,233.0,0
1489,103,83,4.4,5,0,20,,0
2428,55,63,5.8,14,1,0,28.0,1
1853,9,56,6.5,24,47,0,45.0,0
4372,4,56,6.5,10,52,0,21.0,1
3187,140,173,2.1,5,0,0,58.0,0
1553,65,56,6.5,45,0,9,12.0,1
1123,52,89,4.1,54,4,0,18.0,1
1692,57,76,4.8,44,0,0,22.0,1
4741,605,540,0.7,50,0,65,19.0,1
2325,105,56,6.5,11,0,49,24.0,1
3629,26,56,6.5,33,30,0,8.0,1
3394,73,80,4.6,29,0,0,11.0,1
3785,82,76,4.8,34,0,6,,0
2998,55,57,6.4,2,1,0,,0
2083,12,84,4.3,45,44,0,,0
4704,74,56,6.5,41,0,18,,0
3614,150,119,3.1,55,0,31,10.0,1
4381,36,56,6.5,48,20,0,25.0,1
3973,61,88,4.1,53,0,0,,0
2870,12,56,6.5,48,44,0,61.0,0
3302,3,202,1.8,41,53,0,193.0,0
4130,383,366,1.0,24,0,17,4.0,1
3595,22,69,5.3,58,34,0,24.0,1
1057,266,273,1.3,39,0,0,,0
3872,8,69,5.3,21,48,0,,0
3154,63,56,6.5,8,0,7,5.0,1
1604,68,363,1.0,10,0,0,310.0,0
4462,164,136,2.7,53,0,28,21.0,1
4022,73,90,4.1,45,0,0,8.0,1
2843,25,155,2.4,11,31,0,148.0,0
4378,104,112,3.3,53,0,0,,0
2628,93,85,4.3,14,0,8,7.0,1
3573,46,56,6.5,5,10,0,,0
3761,24,72,5.1,50,32,0,44.0,0
4479,84,148,2.5,48,0,0,,0
1933,43,81,4.5,25,13,0,54.0,0
2281,8,185,2.0,26,48,0,,0
4782,27,122,3.0,38,29,0,78.0,0
4191,39,56,6.5,44,17,0,,0
3420,52,56,6.5,45,4,0,17.0,1
1290,83,79,4.6,34,0,4,,0
1731,7,59,6.2,30,49,0,40.0,0
4751,137,117,3.1,17,0,20,,0
4761,62,56,6.5,52,0,6,32.0,0
3201,31,56,6.5,52,25,0,19.0,1
3399,143,209,1.7,53,0,0,71.0,0
2166,74,101,3.6,36,0,0,16.0,1
3410,52,56,6.5,33,4,0,,0
3774,88,91,4.0,31,0,0,,0
4209,177,271,1.3,18,0,0,97.0,0
4032,83,113,3.2,12,0,0,26.0,1
4828,158,144,2.5,6,0,14,10.0,1
4579,29,56,6.5,11,27,0,23.0,1
4354,92,204,1.8,26,0,0,111.0,0
3288,308,575,0.6,41,0,0,,0
1409,17,56,6.5,8,39,0,41.0,0
3193,81,56,6.5,32,0,25,15.0,1
3039,96,103,3.5,23,0,0,24.0,1
4520,176,181,2.0,55,0,0,13.0,1
4009,113,83,4.4,49,0,30,14.0,1
1799,54,56,6.5,5,2,0,9.0,1
2764,40,82,4.5,30,16,0,30.0,1
4422,219,145,2.5,4,0,74,,0
3665,29,64,5.7,37,27,0,36.0,0
4660,209,146,2.5,47,0,63,18.0,1
3799,137,228,1.6,6,0,0,65.0,0
3618,108,109,3.3,22,0,0,7.0,1
2342,59,88,4.1,26,0,0,34.0,0
1860,3,174,2.1,29,53,0,,0
3234,85,56,6.5,29,0,29,2.0,1
1386,23,56,6.5,5,33,0,,0
1764,50,72,5.1,45,6,0,,0
4907,8,60,6.1,19,48,0,43.0,0
4983,42,56,6.5,3,14,0,,0
4390,59,389,0.9,40,0,0,348.0,0
3825,715,511,0.7,14,0,204,,0
2037,88,67,5.4,47,0,21,1.0,1
4828,52,96,3.8,40,4,0,43.0,0
1178,89,77,4.7,40,0,12,12.0,1
2636,252,218,1.7,45,0,34,21.0,1
4154,375,255,1.4,59,0,120,,0
2962,37,56,6.5,23,19,0,,0
3160,74,131,2.8,27,0,0,55.0,0
4165,29,56,6.5,37,27,0,,0
4302,174,367,1.0,13,0,0,193.0,0
2475,141,128,2.9,44,0,13,14.0,1
2518,53,56,6.5,22,3,0,11.0,1
1829,49,74,4.9,54,7,0,14.0,1
2399,95,71,5.1,11,0,24,9.0,1
3147,35,137,2.7,15,21,0,109.0,0
4823,260,207,1.8,29,0,53,13.0,1
3365,18,56,6.5,15,38,0,55.0,0
3719,112,391,0.9,25,0,0,277.0,0
3650,151,325,1.1,21,0,0,,0
1790,23,56,6.5,43,33,0,7.0,1
4538,125,95,3.8,55,0,30,9.0,1
2569,461,353,1.0,9,0,108,,0
1714,8,241,1.5,25,48,0,242.0,0
3962,100,68,5.4,49,0,32,22.0,1
2302,59,172,2.1,28,0,0,104.0,0
4565,1043,730,0.5,23,0,313,1.0,1
3859,33,97,3.8,29,23,0,68.0,0
2458,38,56,6.5,30,18,0,23.0,1
2129,9,103,3.5,25,47,0,73.0,0
1679,141,109,3.3,20,0,32,14.0,1
4255,64,59,6.2,35,0,5,,0
3544,18,128,2.9,1,38,0,92.0,0
1886,9,56,6.5,46,47,0,,0
2223,1,56,6.5,39,55,0,,0
2416,39,165,2.2,24,17,0,,0
2399,93,56,6.5,29,0,37,,0
3061,24,185,2.0,25,32,0,,0
4822,27,56,6.5,19,29,0,,0
2775,16,56,6.5,19,40,0,10.0,1
1825,12,60,6.1,33,44,0,45.0,0
3805,55,113,3.2,53,1,0,40.0,0
1062,335,259,1.4,40,0,76,16.0,1
4303,127,94,3.9,23,0,33,23.0,1
2825,101,73,5.0,55,0,28,17.0,1
2472,131,143,2.6,52,0,0,16.0,1
3719,57,56,6.5,49,0,1,,0
2671,118,100,3.6,39,0,18,7.0,1
4606,18,56,6.5,35,38,0,43.0,0
1415,136,96,3.8,28,0,40,25.0,1
4877,120,81,4.5,48,0,39,6.0,1
3427,76,56,6.5,37,0,20,1.0,1
3282,99,102,3.6,41,0,0,10.0,1
4810,159,102,3.6,3,0,57,,0
4949,324,230,1.6,44,0,94,8.0,1
3581,44,56,6.5,50,12,0,29.0,1
1868,17,84,4.3,12,39,0,55.0,0
4994,76,56,6.5,59,0,20,21.0,1
3260,151,180,2.0,59,0,0,,0
1956,241,164,2.2,58,0,77,,0
4763,92,135,2.7,8,0,0,,0
2180,14,56,6.5,34,42,0,55.0,0
4724,46,182,2.0,54,10,0,,0
3420,26,56,6.5,6,30,0,12.0,1
3276,42,56,6.5,47,14,0,13.0,1
1420,92,56,6.5,2,0,36,,0
3729,35,87,4.2,21,21,0,46.0,0
1428,93,154,2.4,11,0,0,,0
1125,23,56,6.5,33,33,0,39.0,0
1041,357,259,1.4,13,0,98,,0
2127,28,99,3.7,43,28,0,68.0,0
2185,19,56,6.5,15,37,0,17.0,1
3421,112,97,3.8,12,0,15,23.0,1
2266,271,215,1.7,23,0,56,24.0,1
3121,105,145,2.5,18,0,0,,0
2998,115,216,1.7,44,0,0,87.0,0
3714,59,56,6.5,25,0,3,11.0,1
1079,90,64,5.7,29,0,26,,0
3409,68,56,6.5,49,0,12,2.0,1
2705,353,355,1.0,20,0,0,12.0,1
1793,58,150,2.4,54,0,0,,0
3355,824,730,0.5,19,0,94,18.0,1
4738,3,61,6.0,38,53,0,71.0,0
2970,25,56,6.5,36,31,0,27.0,1
4779,86,80,4.6,48,0,6,19.0,1
2340,96,271,1.3,14,0,0,158.0,0
1417,5,67,5.4,34,51,0,34.0,0
3152,88,99,3.7,42,0,0,25.0,1
1458,14,97,3.8,43,42,0,91.0,0
3050,72,92,4.0,30,0,0,22.0,1
1486,56,56,6.5,53,0,0,29.0,1
3712,6,80,4.6,10,50,0,76.0,0
4736,25,77,4.7,48,31,0,41.0,0
4941,59,89,4.1,44,0,0,17.0,1
1704,118,191,1.9,8,0,0,,0
3303,336,368,1.0,2,0,0,30.0,1
3507,20,56,6.5,43,36,0,36.0,0
3937,16,65,5.6,22,40,0,33.0,0
1232,4,56,6.5,24,52,0,57.0,0
2316,191,104,3.5,6,0,87,,0
2401,42,58,6.3,5,14,0,12.0,1
4340,2,109,3.3,30,54,0,,0
2617,120,217,1.7,30,0,0,103.0,0
3702,58,56,6.5,32,0,2,7.0,1
4566,174,133,2.7,3,0,41,,0
3181,13,62,5.9,56,43,0,38.0,0
4366,163,130,2.8,12,0,33,4.0,1
3700,34,56,6.5,26,22,0,28.0,1
2611,24,234,1.6,12,32,0,195.0,0
3937,57,186,2.0,34,0,0,118.0,0
2097,23,141,2.6,42,33,0,,0
2146,148,169,2.2,9,0,0,,0
3201,56,56,6.5,8,0,0,29.0,1
3458,62,56,6.5,22,0,6,19.0,1
2557,157,164,2.2,47,0,0,20.0,1
1608,43,56,6.5,59,13,0,,0
2642,202,286,1.3,9,0,0,86.0,0
1079,17,69,5.3,38,39,0,63.0,0
2728,160,134,2.7,24,0,26,,0
4057,578,482,0.8,12,0,96,8.0,1
3602,70,56,6.5,12,0,14,10.0,1
3280,6,95,3.8,53,50,0,102.0,0
3285,301,209,1.7,46,0,92,,0
4754,238,192,1.9,55,0,46,27.0,1
3112,19,69,5.3,18,37,0,49.0,0
1778,26,59,6.2,17,30,0,,0
3685,53,74,4.9,40,3,0,5.0,1
4816,401,286,1.3,37,0,115,19.0,1
3901,27,72,5.1,31,29,0,59.0,0
4164,121,95,3.8,9,0,26,29.0,1
4105,51,63,5.8,39,5,0,37.0,0
3025,161,158,2.3,32,0,3,13.0,1
2602,92,101,3.6,52,0,0,20.0,1
3270,17,56,6.5,37,39,0,36.0,0
1760,57,56,6.5,19,0,1,20.0,1
1825,18,56,6.5,53,38,0,,0
3826,49,56,6.5,42,7,0,11.0,1
1561,116,169,2.2,36,0,0,46.0,0
3669,309,259,1.4,3,0,50,10.0,1
3916,155,155,2.4,24,0,0,25.0,1
1199,103,140,2.6,36,0,0,9.0,1
4849,106,81,4.5,26,0,25,4.0,1
4941,49,167,2.2,20,7,0,,0
2486,34,113,3.2,14,22,0,,0
4591,353,381,1.0,59,0,0,55.0,0
4519,1,83,4.4,32,55,0,51.0,0
2013,238,263,1.4,8,0,0,,0
4741,128,181,2.0,53,0,0,20.0,1
4235,223,162,2.3,37,0,61,3.0,1
1029,85,56,6.5,37,0,29,5.0,1
2118,121,189,1.9,11,0,0,79.0,0
1360,61,81,4.5,6,0,0,23.0,1
1402,1,63,5.8,37,55,0,51.0,0
2584,67,56,6.5,32,0,11,14.0,1
2249,77,89,4.1,33,0,0,29.0,1
1588,69,92,4.0,46,0,0,12.0,1
1112,55,56,6.5,17,1,0,13.0,1
3297,43,56,6.5,54,13,0,25.0,1
2468,30,132,2.8,34,26,0,,0
4992,109,180,2.0,35,0,0,54.0,0
1461,61,104,3.5,38,0,0,67.0,0
4978,181,226,1.6,50,0,0,,0
3589,89,84,4.3,22,0,5,26.0,1
1070,37,86,4.2,44,19,0,40.0,0
2273,50,56,6.5,38,6,0,5.0,1
2217,14,56,6.5,2,42,0,,0
2314,84,396,0.9,58,0,0,302.0,0
3986,311,222,1.6,32,0,89,21.0,1
4552,58,56,6.5,50,0,2,25.0,1
1434,17,101,3.6,23,39,0,91.0,0
2581,89,83,4.4,13,0,6,7.0,1
3237,15,72,5.1,28,41,0,55.0,0
2787,42,64,5.7,16,14,0,,0
2469,171,122,3.0,13,0,49,,0
2055,194,173,2.1,57,0,21,,0
1400,68,124,2.9,49,0,0,62.0,0
2522,41,81,4.5,24,15,0,47.0,0
3715,57,79,4.6,4,0,0,54.0,0
1596,262,190,1.9,38,0,72,15.0,1
3815,100,130,2.8,32,0,0,12.0,1
1818,107,95,3.8,46,0,12,25.0,1
3041,8,87,4.2,51,48,0,60.0,0
2042,69,118,3.1,45,0,0,61.0,0
2376,4,61,6.0,26,52,0,48.0,0
2208,64,173,2.1,43,0,0,,0
1511,14,56,6.5,15,42,0,53.0,0
3890,51,64,5.7,16,5,0,29.0,1
2248,127,146,2.5,1,0,0,,0
1982,24,56,6.5,28,32,0,,0
3694,10,56,6.5,17,46,0,63.0,0
3439,33,94,3.9,16,23,0,62.0,0
4741,27,56,6.5,31,29,0,33.0,0
4334,31,56,6.5,37,25,0,,0
2774,67,164,2.2,16,0,0,,0
1569,64,76,4.8,46,0,0,,0
4823,23,251,1.5,4,33,0,234.0,0
3645,8,56,6.5,43,48,0,35.0,0
2050,109,83,4.4,24,0,26,6.0,1
1551,157,123,3.0,27,0,34,26.0,1
4305,25,56,6.5,35,31,0,,0
3403,24,205,1.8,51,32,0,190.0,0
3156,5,135,2.7,34,51,0,113.0,0
4491,36,56,6.5,57,20,0,19.0,1
3066,20,87,4.2,21,36,0,,0
1124,6,122,3.0,45,50,0,,0
4162,25,56,6.5,13,31,0,,0
4511,29,56,6.5,9,27,0,,0
4653,124,112,3.3,7,0,12,1.0,1
3383,13,527,0.7,56,43,0,504.0,0
1535,55,66,5.5,44,1,0,20.0,1
1765,14,315,1.2,29,42,0,,0
2175,69,56,6.5,23,0,13,,0
1157,45,106,3.4,53,11,0,58.0,0
4750,77,166,2.2,48,0,0,89.0,0
1684,38,89,4.1,18,18,0,,0
1610,51,70,5.2,24,5,0,25.0,1
4828,143,160,2.3,48,0,0,9.0,1
2265,434,408,0.9,5,0,26,,0
2200,39,114,3.2,24,17,0,73.0,0
2186,59,59,6.2,21,0,0,2.0,1
3195,95,77,4.7,44,0,18,4.0,1
2315,344,675,0.5,29,0,0,320.0,0
3417,115,100,3.6,33,0,15,11.0,1
4730,26,56,6.5,10,30,0,,0
3727,57,56,6.5,41,0,1,2.0,1
1108,48,56,6.5,21,8,0,,0
1344,26,120,3.0,18,30,0,102.0,0
2393,1,151,2.4,30,55,0,123.0,0
1021,34,65,5.6,36,22,0,26.0,1
2216,65,88,4.1,33,0,0,50.0,0
4064,10,56,6.5,52,46,0,,0
2790,69,100,3.6,13,0,0,15.0,1
1738,207,132,2.8,5,0,75,24.0,1
3198,73,58,6.3,50,0,15,9.0,1
2687,415,348,1.0,6,0,67,,0
4366,35,56,6.5,20,21,0,13.0,1
3134,115,112,3.3,37,0,3,,0
2061,250,177,2.1,12,0,73,20.0,1
1638,101,84,4.3,12,0,17,26.0,1
4246,16,77,4.7,58,40,0,59.0,0
1390,48,56,6.5,58,8,0,,0
2126,204,266,1.4,13,0,0,,0
4499,22,78,4.7,5,34,0,56.0,0
1712,39,138,2.6,20,17,0,,0
1220,164,154,2.4,30,0,10,,0
2192,55,56,6.5,17,1,0,29.0,1
3666,10,76,4.8,21,46,0,44.0,0
4497,152,261,1.4,4,0,0,105.0,0
3633,28,56,6.5,22,28,0,27.0,1
4534,703,493,0.7,7,0,210,,0
2583,32,56,6.5,36,24,0,11.0,1
1377,3,56,6.5,27,53,0,,0
4655,90,100,3.6,14,0,0,19.0,1
4052,564,526,0.7,15,0,38,11.0,1
2512,9,56,6.5,19,47,0,,0
3029,146,80,4.6,49,0,66,15.0,1
1405,65,131,2.8,18,0,0,96.0,0
2214,71,92,4.0,33,0,0,39.0,0
3003,5,122,3.0,9,51,0,82.0,0
4512,67,56,6.5,16,0,11,3.0,1
3897,54,56,6.5,20,2,0,9.0,1
1183,13,79,4.6,23,43,0,83.0,0
4489,11,56,6.5,38,45,0,,0
4606,142,86,4.2,49,0,56,14.0,1
2051,5,65,5.6,46,51,0,,0
3216,29,61,6.0,50,27,0,54.0,0
4081,19,116,3.1,36,37,0,94.0,0
4891,29,56,6.5,6,27,0,1.0,1
1106,32,74,4.9,53,24,0,38.0,0
1311,325,574,0.6,51,0,0,252.0,0
4990,56,56,6.5,57,0,0,,0
1137,98,251,1.5,12,0,0,151.0,0
3802,132,94,3.9,47,0,38,1.0,1
4520,31,56,6.5,59,25,0,20.0,1
4575,48,56,6.5,55,8,0,16.0,1
4100,45,100,3.6,22,11,0,,0
4501,218,287,1.3,37,0,0,84.0,0
2064,61,65,5.6,16,0,0,,0
3756,35,84,4.3,24,21,0,46.0,0
2835,56,202,1.8,24,0,0,153.0,0
2052,59,118,3.1,10,0,0,67.0,0
3675,14,56,6.5,30,42,0,9.0,1
1049,105,97,3.8,13,0,8,,0
1496,63,301,1.2,10,0,0,254.0,0
2043,27,87,4.2,58,29,0,67.0,0
1702,39,56,6.5,26,17,0,30.0,1
1007,117,122,3.0,5,0,0,9.0,1
2752,60,76,4.8,49,0,0,10.0,1
1704,68,56,6.5,19,0,12,16.0,1
2123,32,56,6.5,52,24,0,27.0,1
2323,247,196,1.9,17,0,51,8.0,1
1783,16,56,6.5,1,40,0,,0
2092,54,56,6.5,52,2,0,13.0,1
1433,40,87,4.2,32,16,0,56.0,0
3033,63,56,6.5,52,0,7,4.0,1
3162,176,97,3.8,39,0,79,19.0,1
4452,86,76,4.8,59,0,10,7.0,1
3700,15,56,6.5,38,41,0,,0
1704,73,59,6.2,1,0,14,7.0,1
2863,82,128,2.9,11,0,0,38.0,0
3432,26,93,3.9,17,30,0,,0
3579,145,84,4.3,22,0,61,23.0,1
4686,129,424,0.9,14,0,0,303.0,0
3930,113,161,2.3,44,0,0,28.0,1
1664,107,178,2.1,23,0,0,63.0,0
1284,49,78,4.7,18,7,0,,0
4778,176,107,3.4,19,0,69,,0
1500,3,63,5.8,27,53,0,,0
3300,218,167,2.2,18,0,51,24.0,1
1273,97,82,4.5,54,0,15,,0
2396,4,107,3.4,17,52,0,98.0,0
3513,49,102,3.6,55,7,0,,0
4927,20,88,4.1,26,36,0,,0
2464,578,730,0.5,30,0,0,,0
3629,98,56,6.5,34,0,42,,0
2115,17,56,6.5,16,39,0,22.0,1
3621,73,156,2.3,53,0,0,75.0,0
4635,109,56,6.5,17,0,53,28.0,1
3637,85,71,5.1,10,0,14,,0
3201,70,56,6.5,30,0,14,,0
4782,64,133,2.7,30,0,0,,0
4833,57,134,2.7,26,0,0,81.0,0
3314,20,69,5.3,7,36,0,,0
1532,145,159,2.3,5,0,0,,0
1196,14,56,6.5,21,42,0,,0
1158,42,56,6.5,56,14,0,,0
4628,79,78,4.7,8,0,1,,0
4180,59,56,6.5,29,0,3,8.0,1
4263,8,56,6.5,32,48,0,4.0,1
4866,5,70,5.2,24,51,0,79.0,0
4808,133,156,2.3,44,0,0,,0
4745,206,251,1.5,3,0,0,20.0,1
3609,42,58,6.3,56,14,0,39.0,0
4683,91,161,2.3,53,0,0,76.0,0
4309,139,149,2.4,33,0,0,28.0,1
1382,281,238,1.5,4,0,43,,0
4780,56,68,5.4,11,0,0,8.0,1
3457,40,56,6.5,28,16,0,29.0,1
2071,115,95,3.8,37,0,20,,0
4507,74,56,6.5,8,0,18,,0
2918,23,56,6.5,58,33,0,13.0,1
1994,85,70,5.2,2,0,15,7.0,1
1339,40,68,5.4,6,16,0,12.0,1
4149,34,100,3.6,32,22,0,80.0,0
4204,90,157,2.3,36,0,0,50.0,0
1395,82,67,5.4,19,0,15,2.0,1
1524,71,123,3.0,43,0,0,63.0,0
4311,121,91,4.0,41,0,30,22.0,1
1346,125,190,1.9,37,0,0,83.0,0
3522,68,77,4.7,18,0,0,12.0,1
2551,28,84,4.3,35,28,0,85.0,0
4506,59,66,5.5,25,0,0,21.0,1
2973,44,79,4.6,40,12,0,17.0,1
1835,51,56,6.5,38,5,0,29.0,1
3444,63,56,6.5,40,0,7,16.0,1
3961,159,167,2.2,17,0,0,5.0,1
1748,31,56,6.5,2,25,0,9.0,1
4659,96,69,5.3,22,0,27,23.0,1
2682,268,202,1.8,37,0,66,,0
2616,40,67,5.4,46,16,0,26.0,1
4369,198,174,2.1,33,0,24,6.0,1
1198,26,56,6.5,20,30,0,,0
1916,30,56,6.5,40,26,0,,0
3285,62,56,6.5,57,0,6,,0
1180,22,257,1.4,12,34,0,213.0,0
4072,25,56,6.5,49,31,0,,0
2677,245,163,2.2,34,0,82,6.0,1
4714,85,56,6.5,35,0,29,,0
2375,326,258,1.4,39,0,68,,0
2544,172,526,0.7,53,0,0,336.0,0
2290,74,56,6.5,2,0,18,17.0,1
2430,61,56,6.5,28,0,5,25.0,1
2693,147,167,2.2,19,0,0,39.0,0
1942,58,135,2.7,56,0,0,,0
2142,12,167,2.2,52,44,0,139.0,0
1260,42,56,6.5,11,14,0,,0
2565,601,441,0.8,43,0,160,19.0,1
3802,97,98,3.7,48,0,0,7.0,1
3777,61,56,6.5,58,0,5,,0
3371,44,73,5.0,57,12,0,17.0,1
1602,29,56,6.5,14,27,0,41.0,0
3972,40,321,1.1,38,16,0,287.0,0
1172,30,56,6.5,24,26,0,38.0,0
1357,47,133,2.7,58,9,0,74.0,0
3805,92,61,6.0,54,0,31,4.0,1
3042,16,56,6.5,2,40,0,,0
4718,12,56,6.5,42,44,0,42.0,0
1655,112,145,2.5,56,0,0,5.0,1
3887,11,254,1.4,7,45,0,,0
3648,89,56,6.5,52,0,33,24.0,1
1983,59,56,6.5,38,0,3,,0
1680,193,171,2.1,9,0,22,6.0,1
4560,56,56,6.5,33,0,0,27.0,1
4762,50,238,1.5,27,6,0,,0
4126,92,56,6.5,57,0,36,18.0,1
2215,22,56,6.5,58,34,0,,0
3738,15,109,3.3,4,41,0,94.0,0
1532,12,56,6.5,33,44,0,41.0,0
2130,31,56,6.5,8,25,0,6.0,1
3489,102,119,3.1,59,0,0,38.0,0
3127,69,56,6.5,40,0,13,8.0,1
1744,359,334,1.1,9,0,25,14.0,1
1942,42,93,3.9,12,14,0,42.0,0
2674,95,56,6.5,58,0,39,19.0,1
4004,90,56,6.5,49,0,34,2.0,1
1711,133,199,1.8,44,0,0,64.0,0
3658,75,145,2.5,11,0,0,,0
3925,372,272,1.3,16,0,100,,0
2669,68,56,6.5,2,0,12,,0
2252,172,114,3.2,47,0,58,9.0,1
2226,16,126,2.9,38,40,0,,0
4739,116,156,2.3,43,0,0,,0
2705,107,221,1.7,37,0,0,77.0,0
4507,16,56,6.5,46,40,0,35.0,0
2802,4,82,4.5,48,52,0,81.0,0
3757,66,56,6.5,3,0,10,14.0,1
4485,24,86,4.2,35,32,0,,0
1695,14,157,2.3,47,42,0,124.0,0
1205,53,56,6.5,9,3,0,,0
4916,128,218,1.7,49,0,0,93.0,0
2634,11,56,6.5,59,45,0,64.0,0
3556,21,70,5.2,36,35,0,48.0,0
1901,87,243,1.5,7,0,0,142.0,0
1767,145,117,3.1,53,0,28,10.0,1
4120,79,118,3.1,57,0,0,47.0,0
3208,52,56,6.5,26,4,0,,0
2162,97,56,6.5,12,0,41,16.0,1
4392,216,191,1.9,16,0,25,,0
2946,27,56,6.5,31,29,0,,0
1925,43,60,6.1,24,13,0,6.0,1
1504,9,194,1.9,1,47,0,168.0,0
1685,15,56,6.5,56,41,0,,0
4353,160,111,3.3,26,0,49,20.0,1
1667,92,93,3.9,58,0,0,,0
3408,25,89,4.1,27,31,0,32.0,0
1671,27,59,6.2,5,29,0,26.0,1
4273,22,56,6.5,38,34,0,,0
2035,9,56,6.5,47,47,0,,0
3292,118,132,2.8,49,0,0,20.0,1
1251,22,56,6.5,48,34,0,,0
1374,54,195,1.9,59,2,0,142.0,0
3531,18,75,4.9,27,38,0,51.0,0
4050,8,56,6.5,21,48,0,45.0,0
2109,36,74,4.9,15,20,0,41.0,0
2679,62,64,5.7,52,0,0,18.0,1
2790,84,201,1.8,59,0,0,,0
3001,115,67,5.4,12,0,48,,0
1582,68,72,5.1,11,0,0,2.0,1
1691,273,278,1.3,25,0,0,,0
1099,90,135,2.7,4,0,0,28.0,1
1897,223,340,1.1,45,0,0,135.0,0
4784,197,246,1.5,22,0,0,58.0,0
2259,88,56,6.5,58,0,32,,0
3909,235,198,1.8,43,0,37,,0
2179,82,304,1.2,51,0,0,,0
3237,358,306,1.2,27,0,52,,0
2692,3,198,1.8,25,53,0,192.0,0
3814,203,195,1.9,24,0,8,,0
4282,16,70,5.2,9,40,0,51.0,0
3549,97,56,6.5,42,0,41,26.0,1
1377,119,67,5.4,22,0,52,15.0,1
4035,12,56,6.5,27,44,0,,0
4944,211,263,1.4,24,0,0,42.0,0
3871,21,71,5.1,1,35,0,,0
1536,181,252,1.4,1,0,0,74.0,0
3908,16,56,6.5,14,40,0,37.0,0
1470,272,214,1.7,48,0,58,23.0,1
4064,24,60,6.1,42,32,0,35.0,0
1713,61,56,6.5,29,0,5,8.0,1
2064,115,330,1.1,20,0,0,214.0,0
2668,108,218,1.7,33,0,0,111.0,0
1758,148,106,3.4,45,0,42,19.0,1
4070,91,92,4.0,39,0,0,,0
3676,40,127,2.9,20,16,0,89.0,0
1480,5,105,3.5,49,51,0,,0
3287,67,56,6.5,17,0,11,22.0,1
2469,1,64,5.7,30,55,0,79.0,0
4190,426,432,0.8,13,0,0,,0
4707,508,730,0.5,22,0,0,235.0,0
1360,113,314,1.2,38,0,0,162.0,0
2668,119,131,2.8,38,0,0,6.0,1
1067,124,68,5.4,9,0,56,,0
1420,39,56,6.5,28,17,0,10.0,1
1125,73,56,6.5,23,0,17,,0
4395,42,57,6.4,23,14,0,20.0,1
3776,185,503,0.7,32,0,0,313.0,0
2055,418,381,1.0,17,0,37,11.0,1
1781,92,163,2.2,40,0,0,84.0,0
1474,43,56,6.5,38,13,0,,0
3393,230,183,2.0,43,0,47,27.0,1
4262,51,74,4.9,28,5,0,,0
2147,36,56,6.5,21,20,0,,0
3503,120,113,3.2,54,0,7,24.0,1
3333,31,56,6.5,45,25,0,23.0,1
3252,61,56,6.5,41,0,5,,0
1479,57,73,5.0,52,0,0,11.0,1
1244,8,60,6.1,55,48,0,,0
1682,112,87,4.2,30,0,25,7.0,1
3228,23,84,4.3,45,33,0,65.0,0
4892,48,56,6.5,19,8,0,11.0,1
4356,1,303,1.2,46,55,0,,0
4542,7,56,6.5,50,49,0,49.0,0
4227,59,56,6.5,51,0,3,28.0,1
3427,27,69,5.3,23,29,0,57.0,0
4661,62,82,4.5,6,0,0,4.0,1
2225,449,289,1.3,19,0,160,2.0,1
4058,104,111,3.3,4,0,0,35.0,0
2200,103,141,2.6,49,0,0,,0
1503,148,112,3.3,23,0,36,26.0,1
3301,97,108,3.4,5,0,0,4.0,1
2658,40,115,3.2,33,16,0,82.0,0
2113,73,56,6.5,12,0,17,,0
3467,32,73,5.0,36,24,0,58.0,0
2779,282,228,1.6,59,0,54,,0
1638,55,730,0.5,52,1,0,689.0,0
3330,55,56,6.5,29,1,0,19.0,1
1440,43,126,2.9,14,13,0,63.0,0
2691,11,57,6.4,7,45,0,64.0,0
1109,195,463,0.8,43,0,0,,0
4485,67,56,6.5,48,0,11,8.0,1
1502,123,148,2.5,54,0,0,33.0,0
2835,50,56,6.5,42,6,0,27.0,1
3474,28,69,5.3,58,28,0,61.0,0
1566,30,87,4.2,20,26,0,,0
2018,158,211,1.7,47,0,0,,0
2111,84,56,6.5,37,0,28,7.0,1
2984,55,153,2.4,14,1,0,62.0,0
1104,112,91,4.0,34,0,21,,0
1922,81,111,3.3,55,0,0,,0
4712,35,193,1.9,41,21,0,,0
1521,25,56,6.5,41,31,0,,0
1893,117,172,2.1,23,0,0,68.0,0
4626,7,57,6.4,39,49,0,53.0,0
3116,18,216,1.7,40,38,0,,0
3440,117,117,3.1,5,0,0,15.0,1
2858,64,76,4.8,33,0,0,3.0,1
4356,30,56,6.5,48,26,0,51.0,0
1513,34,173,2.1,44,22,0,,0
3385,125,246,1.5,10,0,0,126.0,0
3939,15,58,6.3,10,41,0,56.0,0
4085,39,56,6.5,11,17,0,2.0,1
3621,10,156,2.3,58,46,0,126.0,0
4126,36,56,6.5,19,20,0,2.0,1
1540,47,56,6.5,51,9,0,19.0,1
3308,49,56,6.5,35,7,0,14.0,1
2399,8,64,5.7,15,48,0,42.0,0
3797,62,56,6.5,27,0,6,8.0,1
3244,70,56,6.5,5,0,14,,0
2985,44,56,6.5,48,12,0,13.0,1
1550,67,150,2.4,45,0,0,73.0,0
2174,46,56,6.5,13,10,0,5.0,1
1734,70,68,5.4,45,0,2,13.0,1
3299,209,427,0.9,23,0,0,,0
3545,83,86,4.2,16,0,0,,0
2807,123,118,3.1,57,0,5,,0
2429,101,56,6.5,36,0,45,29.0,1
2754,384,508,0.7,56,0,0,,0
1924,60,58,6.3,10,0,2,11.0,1
4012,107,75,4.9,54,0,32,9.0,1
3803,235,258,1.4,32,0,0,,0
2163,21,77,4.7,45,35,0,61.0,0
3060,22,93,3.9,3,34,0,94.0,0
1633,26,71,5.1,42,30,0,15.0,1
2149,41,72,5.1,37,15,0,38.0,0
1903,115,121,3.0,8,0,0,1.0,1
4693,3,140,2.6,1,53,0,149.0,0
1151,39,56,6.5,19,17,0,9.0,1
3267,21,56,6.5,8,35,0,,0
2828,80,56,6.5,23,0,24,3.0,1
3394,64,56,6.5,1,0,8,20.0,1
1675,53,56,6.5,30,3,0,18.0,1
3632,125,114,3.2,44,0,11,,0
2038,63,190,1.9,4,0,0,96.0,0
2338,139,180,2.0,21,0,0,56.0,0
2773,47,56,6.5,21,9,0,21.0,1
2796,1,73,5.0,37,55,0,64.0,0
2499,10,56,6.5,20,46,0,83.0,0
3574,53,100,3.6,28,3,0,42.0,0
4171,39,64,5.7,25,17,0,19.0,1
3449,103,144,2.5,33,0,0,34.0,0
2749,46,88,4.1,55,10,0,49.0,0
3692,48,56,6.5,15,8,0,29.0,1
2877,31,56,6.5,33,25,0,7.0,1
4728,132,90,4.1,3,0,42,25.0,1
2941,28,96,3.8,16,28,0,63.0,0
1084,43,56,6.5,43,13,0,17.0,1
4693,38,56,6.5,47,18,0,4.0,1
3262,102,94,3.9,26,0,8,15.0,1
2215,71,56,6.5,29,0,15,7.0,1
2691,40,56,6.5,21,16,0,11.0,1
2243,19,63,5.8,31,37,0,39.0,0
4664,34,60,6.1,59,22,0,,0
1338,50,56,6.5,32,6,0,,0
3060,58,56,6.5,8,0,2,24.0,1
1492,92,91,4.0,43,0,1,4.0,1
1556,121,56,6.5,7,0,65,6.0,1
3849,97,95,3.8,7,0,2,4.0,1
4822,3,66,5.5,53,53,0,76.0,0
4765,129,102,3.6,58,0,27,,0
4616,247,181,2.0,55,0,66,1.0,1
2134,123,176,2.1,28,0,0,31.0,0
3959,54,252,1.4,42,2,0,180.0,0
4114,46,176,2.1,19,10,0,150.0,0
4516,86,108,3.4,27,0,0,10.0,1
3141,12,63,5.8,20,44,0,43.0,0
3946,21,66,5.5,36,35,0,66.0,0
3394,84,56,6.5,46,0,28,28.0,1
4386,107,90,4.1,31,0,17,5.0,1
3175,209,157,2.3,2,0,52,1.0,1
4475,66,56,6.5,21,0,10,2.0,1
1117,29,87,4.2,41,27,0,,0
3302,45,56,6.5,34,11,0,18.0,1
4743,78,106,3.4,59,0,0,32.0,0
1404,46,58,6.3,31,10,0,,0
1045,3,56,6.5,49,53,0,48.0,0
3548,88,56,6.5,10,0,32,16.0,1
3302,134,134,2.7,56,0,0,,0
2988,73,83,4.4,5,0,0,13.0,1
1496,18,63,5.8,36,38,0,49.0,0
2911,111,110,3.3,30,0,1,1.0,1
1121,15,64,5.7,51,41,0,34.0,0
1897,174,221,1.7,23,0,0,40.0,0
3517,47,56,6.5,39,9,0,21.0,1
1710,68,77,4.7,9,0,0,15.0,1
4433,40,56,6.5,20,16,0,15.0,1
4273,74,68,5.4,35,0,6,29.0,1
3995,69,56,6.5,6,0,13,2.0,1
2024,6,163,2.2,54,50,0,148.0,0
1591,43,166,2.2,37,13,0,,0
3664,114,168,2.2,45,0,0,66.0,0
2691,16,92,4.0,45,40,0,,0
4951,60,56,6.5,2,0,4,,0
1700,61,56,6.5,59,0,5,14.0,1
4411,295,306,1.2,18,0,0,7.0,1
2433,5,283,1.3,5,51,0,279.0,0
2021,11,99,3.7,14,45,0,,0
4150,3,59,6.2,19,53,0,50.0,0
3024,13,269,1.4,51,43,0,265.0,0
4198,63,56,6.5,45,0,7,6.0,1
3141,102,108,3.4,10,0,0,3.0,1
4851,108,265,1.4,56,0,0,136.0,0
3174,76,56,6.5,49,0,20,16.0,1
4201,118,174,2.1,53,0,0,64.0,0
3761,164,136,2.7,53,0,28,18.0,1
4162,17,87,4.2,32,39,0,30.0,1
2399,3,56,6.5,25,53,0,29.0,1
1020,25,56,6.5,46,31,0,,0
4126,105,113,3.2,33,0,0,17.0,1
1911,43,56,6.5,59,13,0,,0
2060,97,99,3.7,1,0,0,15.0,1
2109,53,138,2.6,35,3,0,,0
2318,70,197,1.9,54,0,0,96.0,0
1680,12,56,6.5,57,44,0,,0
3325,180,258,1.4,58,0,0,87.0,0
1560,405,349,1.0,39,0,56,5.0,1
1656,93,124,2.9,27,0,0,41.0,0
1409,23,56,6.5,10,33,0,54.0,0
4172,36,69,5.3,57,20,0,,0
3853,10,86,4.2,34,46,0,70.0,0
2445,89,111,3.3,5,0,0,,0
4880,53,91,4.0,15,3,0,48.0,0
1636,14,112,3.3,33,42,0,130.0,0
2129,39,83,4.4,24,17,0,56.0,0
1752,32,111,3.3,51,24,0,,0
2858,11,62,5.9,23,45,0,51.0,0
2651,25,68,5.4,1,31,0,15.0,1
2608,52,56,6.5,14,4,0,9.0,1
4392,213,417,0.9,28,0,0,173.0,0
3999,57,290,1.3,38,0,0,231.0,0
2426,70,140,2.6,45,0,0,,0
1013,323,259,1.4,11,0,64,,0
1487,172,170,2.1,9,0,2,24.0,1
1113,15,104,3.5,21,41,0,68.0,0
2787,10,56,6.5,7,46,0,47.0,0
4301,84,72,5.1,7,0,12,,0
2089,30,68,5.4,56,26,0,,0
2478,29,56,6.5,27,27,0,4.0,1
4749,26,56,6.5,29,30,0,39.0,0
3602,20,133,2.7,11,36,0,,0
4318,18,116,3.1,5,38,0,102.0,0
1888,22,56,6.5,43,34,0,42.0,0
1765,3,56,6.5,59,53,0,52.0,0
4291,103,227,1.6,12,0,0,111.0,0
1393,52,56,6.5,27,4,0,,0
4416,117,103,3.5,52,0,14,2.0,1
1636,64,77,4.7,1,0,0,18.0,1
4605,124,134,2.7,8,0,0,1.0,1
3122,33,56,6.5,54,23,0,13.0,1
2599,27,96,3.8,33,29,0,,0
1103,44,103,3.5,37,12,0,74.0,0
3553,40,108,3.4,42,16,0,,0
2580,17,95,3.8,2,39,0,97.0,0
1485,50,118,3.1,54,6,0,69.0,0
2737,432,519,0.7,33,0,0,64.0,0
1273,781,698,0.5,4,0,83,23.0,1
3558,41,56,6.5,35,15,0,,0
2006,12,56,6.5,22,44,0,31.0,0
2092,176,144,2.5,39,0,32,20.0,1
1010,89,104,3.5,5,0,0,10.0,1
4482,37,210,1.7,8,19,0,180.0,0
4956,21,113,3.2,35,35,0,112.0,0
1794,63,94,3.9,51,0,0,,0
1443,221,222,1.6,34,0,0,,0
3467,367,248,1.5,41,0,119,,0
3828,4,56,6.5,20,52,0,58.0,0
2646,20,56,6.5,18,36,0,64.0,0
2435,24,82,4.5,39,32,0,,0
2345,113,97,3.8,27,0,16,5.0,1
2542,48,75,4.9,56,8,0,26.0,1
1095,194,127,2.9,19,0,67,,0
2989,264,199,1.8,9,0,65,24.0,1
4474,163,357,1.0,20,0,0,186.0,0
3574,105,143,2.6,7,0,0,33.0,0
3390,67,56,6.5,16,0,11,19.0,1
2623,43,80,4.6,14,13,0,,0
4373,49,84,4.3,9,7,0,28.0,1
4183,58,135,2.7,7,0,0,84.0,0
3355,15,122,3.0,21,41,0,105.0,0
3011,288,464,0.8,45,0,0,,0
1535,81,62,5.9,58,0,19,23.0,1
1053,52,122,3.0,30,4,0,63.0,0
3740,720,592,0.6,14,0,128,28.0,1
2591,24,56,6.5,33,32,0,39.0,0
3325,44,101,3.6,27,12,0,41.0,0
2257,50,56,6.5,13,6,0,8.0,1
4831,72,96,3.8,2,0,0,1.0,1
1197,15,56,6.5,29,41,0,27.0,1
2454,308,207,1.8,7,0,101,10.0,1
1259,101,101,3.6,13,0,0,,0
3209,91,56,6.5,53,0,35,19.0,1
1178,52,176,2.1,15,4,0,,0
3278,68,103,3.5,45,0,0,,0
2818,249,192,1.9,57,0,57,,0
4050,57,56,6.5,19,0,1,8.0,1
4477,71,120,3.0,9,0,0,37.0,0
3798,173,167,2.2,42,0,6,,0
4765,8,64,5.7,54,48,0,51.0,0
2935,83,56,6.5,46,0,27,,0
4679,18,87,4.2,58,38,0,70.0,0
1568,160,240,1.5,10,0,0,,0
1452,6,221,1.7,3,50,0,225.0,0
1058,72,63,5.8,17,0,9,10.0,1
4368,22,56,6.5,10,34,0,22.0,1
2184,11,63,5.8,25,45,0,46.0,0
1684,82,61,6.0,43,0,21,24.0,1
1866,115,128,2.9,51,0,0,5.0,1
1068,102,82,4.5,50,0,20,12.0,1
4478,32,56,6.5,1,24,0,,0
2197,120,217,1.7,20,0,0,99.0,0
3404,113,100,3.6,23,0,13,19.0,1
4966,16,127,2.9,51,40,0,103.0,0
2311,11,56,6.5,16,45,0,34.0,0
2587,63,56,6.5,42,0,7,21.0,1
4277,33,56,6.5,54,23,0,15.0,1
1884,49,61,6.0,35,7,0,,0
4104,154,142,2.6,57,0,12,8.0,1
1452,19,56,6.5,46,37,0,27.0,1
4000,444,321,1.1,14,0,123,3.0,1
4234,106,103,3.5,12,0,3,19.0,1
2769,343,267,1.4,55,0,76,,0
2973,76,56,6.5,54,0,20,8.0,1
1232,25,134,2.7,4,31,0,95.0,0
1110,53,96,3.8,36,3,0,45.0,0
3533,147,173,2.1,36,0,0,31.0,0
4897,8,74,4.9,21,48,0,,0
1725,141,131,2.8,1,0,10,22.0,1
3117,46,217,1.7,23,10,0,154.0,0
1502,19,56,6.5,16,37,0,19.0,1
3677,115,109,3.3,14,0,6,3.0,1
4047,62,56,6.5,41,0,6,12.0,1
4169,184,157,2.3,54,0,27,19.0,1
2079,39,429,0.9,13,17,0,389.0,0
4843,34,56,6.5,2,22,0,6.0,1
3369,97,83,4.4,13,0,14,8.0,1
2928,27,182,2.0,7,29,0,,0
2373,130,92,4.0,14,0,38,19.0,1
3020,156,102,3.6,19,0,54,22.0,1
4965,19,65,5.6,6,37,0,48.0,0
1658,24,63,5.8,57,32,0,,0
2598,46,83,4.4,14,10,0,37.0,0
4771,114,93,3.9,26,0,21,2.0,1
4506,6,56,6.5,12,50,0,37.0,0
2352,138,85,4.3,24,0,53,12.0,1
4204,18,315,1.2,22,38,0,271.0,0
3447,41,64,5.7,46,15,0,,0
2497,33,56,6.5,42,23,0,,0
2926,158,79,4.6,21,0,79,14.0,1
2537,19,56,6.5,48,37,0,58.0,0
3893,60,56,6.5,47,0,4,17.0,1
4230,170,100,3.6,30,0,70,,0
3389,60,56,6.5,4,0,4,15.0,1
1416,59,56,6.5,29,0,3,26.0,1
4623,96,101,3.6,40,0,0,,0
4056,5,56,6.5,38,51,0,,0
4198,61,56,6.5,11,0,5,12.0,1
3746,106,153,2.4,40,0,0,48.0,0
2758,25,56,6.5,44,31,0,34.0,0
2874,1,56,6.5,16,55,0,,0
1389,47,56,6.5,25,9,0,30.0,1
3477,40,61,6.0,4,16,0,,0
3855,140,126,2.9,10,0,14,2.0,1
3814,43,98,3.7,34,13,0,42.0,0
4242,661,610,0.6,55,0,51,19.0,1
1877,197,214,1.7,16,0,0,27.0,1
4017,9,56,6.5,56,47,0,41.0,0
4568,1,56,6.5,4,55,0,70.0,0
1523,37,730,0.5,18,19,0,,0
2369,120,210,1.7,45,0,0,,0
3819,41,144,2.5,57,15,0,,0
2138,15,95,3.8,19,41,0,,0
3874,113,112,3.3,32,0,1,,0
1048,44,56,6.5,13,12,0,16.0,1
2796,109,102,3.6,19,0,7,26.0,1
1380,49,95,3.8,9,7,0,37.0,0
3909,21,56,6.5,32,35,0,23.0,1
1407,14,58,6.3,24,42,0,3.0,1
2901,418,302,1.2,36,0,116,21.0,1
4942,18,81,4.5,26,38,0,81.0,0
2954,368,471,0.8,4,0,0,,0
3180,29,56,6.5,30,27,0,,0
4844,41,59,6.2,33,15,0,,0
2223,82,56,6.5,33,0,26,,0
2269,63,56,6.5,31,0,7,18.0,1
3530,55,56,6.5,15,1,0,17.0,1
4638,12,115,3.2,12,44,0,88.0,0
3240,56,111,3.3,11,0,0,42.0,0
3753,25,56,6.5,41,31,0,41.0,0
1518,34,56,6.5,45,22,0,,0
1014,273,293,1.2,49,0,0,18.0,1
1589,75,71,5.1,50,0,4,,0
3987,39,56,6.5,23,17,0,52.0,0
1156,118,112,3.3,13,0,6,24.0,1
2649,41,106,3.4,34,15,0,47.0,0
4585,38,69,5.3,27,18,0,,0
3745,28,101,3.6,36,28,0,50.0,0
2350,52,56,6.5,10,4,0,16.0,1
2801,71,165,2.2,50,0,0,119.0,0
4027,50,56,6.5,46,6,0,,0
2496,86,56,6.5,48,0,30,27.0,1
1310,99,151,2.4,51,0,0,46.0,0
2625,177,235,1.6,22,0,0,75.0,0
4497,86,320,1.1,23,0,0,246.0,0
4525,309,209,1.7,34,0,100,28.0,1
3499,2,69,5.3,9,54,0,72.0,0
2991,62,56,6.5,2,0,6,,0
2548,191,277,1.3,20,0,0,90.0,0
1164,223,269,1.4,53,0,0,42.0,0
2159,18,56,6.5,8,38,0,50.0,0
3299,115,188,1.9,28,0,0,,0
3599,62,69,5.3,20,0,0,10.0,1
2884,255,299,1.2,49,0,0,62.0,0
2626,21,59,6.2,44,35,0,15.0,1
3184,79,438,0.8,7,0,0,371.0,0
4021,83,168,2.2,9,0,0,105.0,0
3684,127,379,1.0,32,0,0,245.0,0
4515,32,62,5.9,32,24,0,27.0,1
2738,51,124,2.9,59,5,0,37.0,0
1216,5,56,6.5,45,51,0,,0
4158,227,176,2.1,29,0,51,17.0,1
1905,15,184,2.0,27,41,0,173.0,0
1844,125,612,0.6,48,0,0,483.0,0
3965,112,132,2.8,53,0,0,22.0,1
3792,178,160,2.3,27,0,18,7.0,1
1999,3,61,6.0,15,53,0,50.0,0
3544,118,138,2.6,32,0,0,11.0,1
1695,22,66,5.5,2,34,0,,0
2197,37,98,3.7,15,19,0,80.0,0
2425,158,103,3.5,44,0,55,24.0,1
1584,43,67,5.4,44,13,0,2.0,1
2877,2,94,3.9,11,54,0,65.0,0
3164,72,66,5.5,9,0,6,15.0,1
4702,46,66,5.5,3,10,0,20.0,1
2338,169,213,1.7,32,0,0,50.0,0
1316,113,103,3.5,34,0,10,6.0,1
3542,5,118,3.1,52,51,0,102.0,0
3543,59,56,6.5,4,0,3,26.0,1
2459,61,126,2.9,29,0,0,35.0,0
3312,79,137,2.7,48,0,0,41.0,0
4305,1,65,5.6,47,55,0,67.0,0
2854,463,477,0.8,15,0,0,,0
1959,101,56,6.5,11,0,45,14.0,1
3061,94,168,2.2,42,0,0,80.0,0
3379,120,159,2.3,37,0,0,,0
3279,150,138,2.6,49,0,12,1.0,1
4344,123,103,3.5,47,0,20,,0
4600,17,139,2.6,10,39,0,114.0,0
2330,257,180,2.0,15,0,77,18.0,1
1439,34,56,6.5,11,22,0,16.0,1
3967,80,114,3.2,49,0,0,,0
3289,110,77,4.7,44,0,33,7.0,1
4916,8,56,6.5,10,48,0,37.0,0
3672,142,159,2.3,16,0,0,18.0,1
3083,83,57,6.4,23,0,26,5.0,1
2341,88,56,6.5,11,0,32,28.0,1
4089,76,58,6.3,5,0,18,19.0,1
4572,31,56,6.5,14,25,0,21.0,1
2757,37,204,1.8,42,19,0,,0
2915,140,101,3.6,54,0,39,,0
3614,55,272,1.3,23,1,0,231.0,0
4433,18,56,6.5,49,38,0,,0
1378,135,181,2.0,21,0,0,,0
3683,388,730,0.5,31,0,0,350.0,0
4497,141,119,3.1,13,0,22,,0
2508,160,179,2.0,24,0,0,,0
1832,224,156,2.3,19,0,68,18.0,1
4853,89,56,6.5,50,0,33,25.0,1
1265,181,143,2.6,50,0,38,,0
3939,163,115,3.2,4,0,48,22.0,1
4844,23,73,5.0,7,33,0,41.0,0
1917,99,56,6.5,18,0,43,19.0,1
4816,15,156,2.3,54,41,0,133.0,0
3396,67,56,6.5,45,0,11,25.0,1
4952,337,496,0.7,39,0,0,,0
4314,77,98,3.7,25,0,0,34.0,0
4551,19,56,6.5,12,37,0,13.0,1
2530,2,59,6.2,55,54,0,,0
2374,133,72,5.1,17,0,61,11.0,1
1164,336,620,0.6,8,0,0,,0
3208,51,56,6.5,3,5,0,24.0,1
4293,96,82,4.5,45,0,14,20.0,1
4174,35,58,6.3,39,21,0,40.0,0
4680,31,134,2.7,38,25,0,,0
3057,51,59,6.2,31,5,0,5.0,1
2471,31,56,6.5,35,25,0,36.0,0
1185,14,76,4.8,50,42,0,,0
3750,18,70,5.2,36,38,0,,0
2186,39,56,6.5,48,17,0,37.0,0
2914,46,58,6.3,32,10,0,4.0,1
4632,155,232,1.6,17,0,0,,0
2528,53,69,5.3,10,3,0,,0
3203,79,56,6.5,58,0,23,8.0,1
4126,64,62,5.9,45,0,2,12.0,1
3537,34,94,3.9,23,22,0,41.0,0
1136,74,56,6.5,3,0,18,20.0,1
2000,193,330,1.1,13,0,0,178.0,0
4018,174,180,2.0,34,0,0,3.0,1
1684,27,282,1.3,53,29,0,250.0,0
3458,131,123,3.0,23,0,8,,0
3975,21,56,6.5,49,35,0,16.0,1
2448,239,307,1.2,28,0,0,,0
3169,20,56,6.5,49,36,0,,0
4732,111,56,6.5,31,0,55,18.0,1
4403,146,102,3.6,26,0,44,5.0,1
2030,19,271,1.3,8,37,0,248.0,0
1789,151,209,1.7,21,0,0,63.0,0
4679,154,185,2.0,56,0,0,26.0,1
3997,33,70,5.2,11,23,0,5.0,1
3626,9,69,5.3,3,47,0,47.0,0
3123,101,118,3.1,50,0,0,14.0,1
4257,59,81,4.5,7,0,0,24.0,1
1460,209,183,2.0,38,0,26,,0
2365,138,174,2.1,4,0,0,21.0,1
4007,77,144,2.5,55,0,0,70.0,0
3217,64,56,6.5,29,0,8,19.0,1
3277,70,99,3.7,9,0,0,42.0,0
4380,87,82,4.5,9,0,5,11.0,1
2051,93,102,3.6,3,0,0,24.0,1
1569,41,56,6.5,17,15,0,21.0,1
1772,75,56,6.5,36,0,19,,0
3653,94,130,2.8,10,0,0,36.0,0
2206,7,67,5.4,45,49,0,55.0,0
1479,200,142,2.6,49,0,58,16.0,1
1827,46,56,6.5,23,10,0,1.0,1
1044,390,279,1.3,18,0,111,5.0,1
1979,144,200,1.8,56,0,0,56.0,0
2912,106,114,3.2,5,0,0,29.0,1
1915,17,75,4.9,48,39,0,,0
2896,7,178,2.1,26,49,0,153.0,0
1505,163,123,3.0,17,0,40,25.0,1
1648,106,108,3.4,18,0,0,3.0,1
4334,208,207,1.8,16,0,1,10.0,1
3182,381,281,1.3,4,0,100,,0
4801,9,56,6.5,19,47,0,24.0,1
3400,66,56,6.5,16,0,10,,0
2073,41,56,6.5,45,15,0,29.0,1
4806,16,56,6.5,21,40,0,48.0,0
2643,82,85,4.3,36,0,0,10.0,1
4597,25,145,2.5,2,31,0,133.0,0
3798,14,88,4.1,29,42,0,79.0,0
1354,49,58,6.3,11,7,0,2.0,1
4293,12,221,1.7,25,44,0,199.0,0
3338,156,100,3.6,23,0,56,19.0,1
3238,14,118,3.1,53,42,0,,0
3578,263,226,1.6,44,0,37,2.0,1
4912,22,81,4.5,14,34,0,44.0,0
3362,568,467,0.8,12,0,101,,0
4921,93,62,5.9,11,0,31,,0
4391,17,445,0.8,4,39,0,422.0,0
3752,79,56,6.5,10,0,23,27.0,1
3559,111,136,2.7,13,0,0,7.0,1
3064,22,56,6.5,29,34,0,15.0,1
3261,197,220,1.7,21,0,0,21.0,1
2291,13,61,6.0,34,43,0,52.0,0
4382,56,113,3.2,8,0,0,39.0,0
1913,104,56,6.5,34,0,48,8.0,1
2985,37,190,1.9,8,19,0,,0
1407,36,56,6.5,29,20,0,24.0,1
1230,195,346,1.1,53,0,0,,0
4203,32,56,6.5,20,24,0,2.0,1
1086,58,56,6.5,39,0,2,18.0,1
1508,198,192,1.9,17,0,6,,0
4587,16,56,6.5,39,40,0,21.0,1
1788,88,89,4.1,42,0,0,3.0,1
3074,62,69,5.3,28,0,0,2.0,1
4594,37,56,6.5,53,19,0,17.0,1
2213,94,84,4.3,6,0,10,,0
2343,323,247,1.5,37,0,76,20.0,1
3647,242,200,1.8,31,0,42,29.0,1
1666,30,108,3.4,7,26,0,,0
1122,278,219,1.7,45,0,59,28.0,1
1447,49,56,6.5,32,7,0,11.0,1
4619,16,69,5.3,31,40,0,40.0,0
3650,182,123,3.0,1,0,59,25.0,1
4830,38,81,4.5,2,18,0,42.0,0
4547,106,73,5.0,54,0,33,,0
1061,34,56,6.5,31,22,0,24.0,1
3478,11,56,6.5,14,45,0,38.0,0
3273,21,173,2.1,55,35,0,,0
4967,156,109,3.3,24,0,47,11.0,1
4393,34,185,2.0,13,22,0,151.0,0
1296,65,63,5.8,20,0,2,11.0,1
1217,10,56,6.5,11,46,0,54.0,0
4500,35,90,4.1,3,21,0,33.0,0
1078,191,178,2.1,9,0,13,4.0,1
3812,97,74,4.9,34,0,23,7.0,1
1535,217,170,2.1,10,0,47,10.0,1
1402,56,56,6.5,15,0,0,,0
2734,90,79,4.6,49,0,11,8.0,1
4920,11,85,4.3,6,45,0,76.0,0
2519,231,240,1.5,11,0,0,9.0,1
4139,137,106,3.4,35,0,31,,0
2507,50,363,1.0,39,6,0,,0
3343,53,56,6.5,44,3,0,25.0,1
1093,39,99,3.7,29,17,0,,0
1191,42,103,3.5,47,14,0,,0
3739,78,147,2.5,40,0,0,70.0,0
4754,9,56,6.5,30,47,0,30.0,1
3408,77,346,1.1,15,0,0,276.0,0
2213,83,90,4.1,2,0,0,24.0,1
4510,23,56,6.5,23,33,0,,0
3473,65,88,4.1,13,0,0,13.0,1
3490,117,70,5.2,26,0,47,,0
4119,141,730,0.5,53,0,0,,0
1301,138,208,1.8,44,0,0,58.0,0
4636,131,93,3.9,37,0,38,,0
3167,96,82,4.5,21,0,14,10.0,1
4391,64,192,1.9,21,0,0,,0
1787,150,200,1.8,42,0,0,36.0,0
2661,10,56,6.5,5,46,0,59.0,0
3460,87,150,2.4,7,0,0,,0
3025,88,92,4.0,59,0,0,,0
2146,116,56,6.5,24,0,60,,0
3101,277,182,2.0,59,0,95,,0
2972,356,542,0.7,15,0,0,190.0,0
2241,9,140,2.6,4,47,0,116.0,0
3386,189,217,1.7,23,0,0,4.0,1
3183,261,381,1.0,48,0,0,120.0,0
1485,38,56,6.5,25,18,0,19.0,1
3067,12,56,6.5,15,44,0,17.0,1
4581,163,152,2.4,45,0,11,15.0,1
4520,31,73,5.0,13,25,0,,0
2999,40,56,6.5,2,16,0,27.0,1
4385,12,84,4.3,57,44,0,85.0,0
2088,158,161,2.3,48,0,0,,0
2442,40,79,4.6,38,16,0,,0
4719,56,56,6.5,9,0,0,25.0,1
3695,15,75,4.9,23,41,0,71.0,0
2985,152,88,4.1,13,0,64,,0
1539,80,56,6.5,37,0,24,,0
3654,48,80,4.6,5,8,0,1.0,1
1939,50,56,6.5,17,6,0,27.0,1
1015,156,152,2.4,19,0,4,,0
3506,32,56,6.5,22,24,0,44.0,0
3032,28,202,1.8,32,28,0,189.0,0
1319,67,64,5.7,50,0,3,3.0,1
4021,45,58,6.3,59,11,0,,0
3468,173,113,3.2,22,0,60,,0
2147,25,56,6.5,15,31,0,,0
3592,37,112,3.3,37,19,0,,0
3567,28,56,6.5,16,28,0,25.0,1
3792,41,57,6.4,33,15,0,,0
2825,87,124,2.9,35,0,0,44.0,0
1652,39,56,6.5,17,17,0,22.0,1
3831,28,56,6.5,29,28,0,25.0,1
4875,140,109,3.3,55,0,31,,0
3741,64,88,4.1,11,0,0,23.0,1
3406,94,103,3.5,39,0,0,,0
2748,116,116,3.1,17,0,0,18.0,1
2872,96,94,3.9,40,0,2,28.0,1
1550,56,146,2.5,28,0,0,,0
4190,114,97,3.8,23,0,17,19.0,1
1436,42,56,6.5,19,14,0,32.0,0
4617,36,56,6.5,2,20,0,25.0,1
1785,191,420,0.9,25,0,0,235.0,0
2576,74,90,4.1,23,0,0,,0
2512,257,192,1.9,22,0,65,9.0,1
1106,11,68,5.4,53,45,0,,0
2763,20,85,4.3,5,36,0,48.0,0
4107,4,62,5.9,19,52,0,47.0,0
1502,349,647,0.6,53,0,0,,0
4332,42,110,3.3,14,14,0,48.0,0
2051,25,58,6.3,28,31,0,35.0,0
1944,3,56,6.5,8,53,0,30.0,1
3244,288,436,0.8,18,0,0,153.0,0
1323,50,78,4.7,35,6,0,,0
4202,24,163,2.2,3,32,0,,0
2952,11,178,2.1,16,45,0,161.0,0
1568,36,62,5.9,6,20,0,11.0,1
4251,6,154,2.4,49,50,0,147.0,0
3370,18,56,6.5,37,38,0,,0
3503,36,56,6.5,25,20,0,,0
3582,312,228,1.6,47,0,84,,0
4653,118,79,4.6,1,0,39,18.0,1
1282,38,136,2.7,54,18,0,,0
3389,20,125,2.9,55,36,0,120.0,0
1417,90,149,2.4,31,0,0,53.0,0
1760,1,56,6.5,33,55,0,,0
1192,16,56,6.5,12,40,0,25.0,1
2011,87,69,5.3,22,0,18,9.0,1
3339,5,56,6.5,52,51,0,50.0,0
3906,66,126,2.9,4,0,0,55.0,0
1520,163,232,1.6,29,0,0,71.0,0
3411,23,264,1.4,32,33,0,242.0,0
2778,40,68,5.4,22,16,0,,0
1536,16,113,3.2,58,40,0,,0
3125,112,128,2.9,43,0,0,21.0,1
4473,110,147,2.5,42,0,0,,0
4056,50,56,6.5,59,6,0,,0
2014,65,386,0.9,8,0,0,,0
1465,105,188,1.9,16,0,0,,0
1240,85,192,1.9,44,0,0,,0
1282,305,235,1.6,35,0,70,17.0,1
4592,15,138,2.6,55,41,0,,0
1715,7,56,6.5,45,49,0,28.0,1
2719,13,80,4.6,59,43,0,,0
4186,4,56,6.5,10,52,0,76.0,0
3094,92,125,2.9,20,0,0,32.0,0
3897,50,78,4.7,35,6,0,55.0,0
1688,13,87,4.2,51,43,0,52.0,0
2677,119,235,1.6,11,0,0,98.0,0
3121,29,62,5.9,22,27,0,15.0,1
2619,91,73,5.0,11,0,18,,0
1789,3,91,4.0,10,53,0,,0
1698,2,56,6.5,56,54,0,,0
4233,74,72,5.1,14,0,2,,0
2839,29,56,6.5,17,27,0,30.0,1
3405,4,56,6.5,52,52,0,30.0,1
2476,67,178,2.1,17,0,0,,0
3077,72,128,2.9,56,0,0,35.0,0
4072,76,56,6.5,37,0,20,24.0,1
3585,102,93,3.9,51,0,9,19.0,1
1198,40,56,6.5,40,16,0,40.0,0
3310,120,89,4.1,9,0,31,2.0,1
3412,915,730,0.5,53,0,185,,0
3052,475,394,0.9,29,0,81,25.0,1
1595,31,93,3.9,49,25,0,,0
2905,42,102,3.6,27,14,0,71.0,0
3495,53,56,6.5,59,3,0,9.0,1
4931,11,56,6.5,48,45,0,73.0,0
3070,16,120,3.0,54,40,0,77.0,0
2671,13,59,6.2,44,43,0,,0
2454,108,185,2.0,53,0,0,81.0,0
4279,197,316,1.2,28,0,0,133.0,0
1168,114,117,3.1,59,0,0,,0
1943,120,97,3.8,22,0,23,,0
3885,35,56,6.5,13,21,0,,0
3506,23,163,2.2,16,33,0,148.0,0
4404,25,56,6.5,44,31,0,,0
4265,98,64,5.7,4,0,34,22.0,1
2409,139,193,1.9,7,0,0,73.0,0
2342,92,205,1.8,14,0,0,137.0,0
4980,53,61,6.0,5,3,0,,0
1722,9,64,5.7,7,47,0,62.0,0
2952,40,56,6.5,10,16,0,10.0,1
4812,56,56,6.5,18,0,0,,0
1374,5,56,6.5,3,51,0,44.0,0
2304,22,56,6.5,13,34,0,4.0,1
3927,163,155,2.4,13,0,8,,0
1997,85,123,3.0,49,0,0,27.0,1
2261,166,140,2.6,28,0,26,24.0,1
1615,95,56,6.5,16,0,39,13.0,1
2873,30,56,6.5,19,26,0,25.0,1
1508,113,93,3.9,24,0,20,,0
2564,112,94,3.9,53,0,18,22.0,1
3596,69,80,4.6,41,0,0,15.0,1
4914,53,71,5.1,17,3,0,39.0,0
1236,234,353,1.0,53,0,0,,0
1680,51,126,2.9,59,5,0,,0
1366,218,435,0.8,27,0,0,201.0,0
3796,190,248,1.5,18,0,0,36.0,0
3390,37,351,1.0,8,19,0,312.0,0
3646,88,56,6.5,34,0,32,,0
3594,121,144,2.5,59,0,0,2.0,1
2026,29,63,5.8,25,27,0,42.0,0
4246,1,56,6.5,48,55,0,42.0,0
3237,113,297,1.2,6,0,0,194.0,0
3833,11,71,5.1,26,45,0,61.0,0
3360,31,56,6.5,41,25,0,21.0,1
3995,5,64,5.7,18,51,0,41.0,0
3632,10,56,6.5,9,46,0,,0
4631,53,56,6.5,52,3,0,12.0,1
3067,67,75,4.9,29,0,0,23.0,1
1983,36,359,1.0,35,20,0,335.0,0
3256,23,56,6.5,36,33,0,57.0,0
1108,279,339,1.1,27,0,0,63.0,0
3955,60,177,2.1,40,0,0,123.0,0
3464,102,123,3.0,7,0,0,,0
1126,47,163,2.2,54,9,0,,0
2989,33,91,4.0,49,23,0,51.0,0
4677,358,251,1.5,50,0,107,,0
3117,30,141,2.6,26,26,0,103.0,0
1943,59,56,6.5,47,0,3,25.0,1
4350,144,114,3.2,50,0,30,29.0,1
3093,239,168,2.2,47,0,71,6.0,1
2670,23,71,5.1,8,33,0,,0
2049,109,99,3.7,53,0,10,,0
4266,42,56,6.5,37,14,0,,0
1824,8,56,6.5,54,48,0,53.0,0
3840,79,56,6.5,51,0,23,,0
3242,47,56,6.5,18,9,0,6.0,1
3766,47,153,2.4,44,9,0,,0
1123,30,56,6.5,51,26,0,,0
4750,6,56,6.5,29,50,0,,0
1579,41,56,6.5,53,15,0,13.0,1
3725,20,71,5.1,26,36,0,,0
2964,17,56,6.5,29,39,0,,0
3165,123,124,2.9,57,0,0,,0
1319,13,56,6.5,37,43,0,20.0,1
2748,110,222,1.6,22,0,0,134.0,0
2845,39,56,6.5,42,17,0,14.0,1
1733,103,83,4.4,16,0,20,,0
2222,92,90,4.1,3,0,2,1.0,1
2420,27,109,3.3,37,29,0,,0
2201,133,92,4.0,52,0,41,24.0,1
4114,5,63,5.8,23,51,0,77.0,0
3182,182,118,3.1,56,0,64,,0
4542,48,130,2.8,12,8,0,83.0,0
2707,33,56,6.5,33,23,0,24.0,1
2471,163,126,2.9,35,0,37,,0
4078,65,233,1.6,41,0,0,175.0,0
3569,60,158,2.3,14,0,0,,0
2101,29,189,1.9,49,27,0,,0
3756,38,103,3.5,48,18,0,65.0,0
4261,58,56,6.5,24,0,2,,0
3962,80,56,6.5,50,0,24,6.0,1
4812,27,116,3.1,26,29,0,76.0,0
1032,25,191,1.9,10,31,0,,0
3365,351,730,0.5,44,0,0,371.0,0
2140,3,197,1.9,5,53,0,,0
4149,79,56,6.5,51,0,23,,0
4522,13,56,6.5,23,43,0,16.0,1
4974,625,557,0.7,18,0,68,24.0,1
2565,40,75,4.9,11,16,0,49.0,0
3171,16,93,3.9,8,40,0,100.0,0
3906,53,56,6.5,33,3,0,,0
1547,34,314,1.2,6,22,0,,0
3917,19,134,2.7,45,37,0,89.0,0
1373,43,56,6.5,15,13,0,,0
1714,27,56,6.5,3,29,0,,0
3666,78,115,3.2,13,0,0,48.0,0
1611,8,93,3.9,59,48,0,86.0,0
3191,153,175,2.1,17,0,0,,0
1592,49,139,2.6,26,7,0,,0
3066,29,72,5.1,49,27,0,,0
3210,72,58,6.3,11,0,14,19.0,1
2317,6,79,4.6,44,50,0,81.0,0
2209,40,57,6.4,35,16,0,3.0,1
4255,52,81,4.5,6,4,0,,0
3110,8,91,4.0,39,48,0,70.0,0
1175,15,56,6.5,52,41,0,,0
4820,205,149,2.4,28,0,56,24.0,1
1321,88,66,5.5,31,0,22,,0
4061,23,56,6.5,51,33,0,23.0,1
2894,11,67,5.4,35,45,0,57.0,0
3238,147,109,3.3,20,0,38,,0
4930,33,96,3.8,19,23,0,,0
3746,77,126,2.9,13,0,0,,0
4122,111,184,2.0,4,0,0,73.0,0
2984,125,255,1.4,6,0,0,,0
1833,63,113,3.2,47,0,0,51.0,0
2140,14,56,6.5,44,42,0,39.0,0
2904,72,72,5.1,43,0,0,,0
3355,82,56,6.5,57,0,26,,0
1334,511,349,1.0,59,0,162,,0
1373,48,441,0.8,10,8,0,387.0,0
3042,86,151,2.4,42,0,0,49.0,0
3368,208,178,2.1,39,0,30,1.0,1
4013,12,110,3.3,55,44,0,94.0,0
3717,108,120,3.0,55,0,0,6.0,1
1427,26,56,6.5,5,30,0,18.0,1
1119,42,84,4.3,55,14,0,57.0,0
4647,53,56,6.5,44,3,0,5.0,1
1986,62,112,3.3,56,0,0,43.0,0
2104,15,85,4.3,31,41,0,69.0,0
3343,90,427,0.9,55,0,0,,0
3647,89,187,2.0,35,0,0,,0
1570,178,113,3.2,31,0,65,15.0,1
3993,34,72,5.1,42,22,0,,0
4186,472,344,1.1,57,0,128,10.0,1
2365,140,87,4.2,42,0,53,16.0,1
4854,38,117,3.1,30,18,0,62.0,0
1247,35,93,3.9,38,21,0,,0
2388,81,65,5.6,56,0,16,20.0,1
4348,76,92,4.0,15,0,0,11.0,1
1090,17,56,6.5,12,39,0,53.0,0
2807,11,56,6.5,38,45,0,,0
4320,9,119,3.1,20,47,0,122.0,0
1046,6,315,1.2,17,50,0,347.0,0
2229,129,118,3.1,45,0,11,,0
1323,41,56,6.5,7,15,0,11.0,1
1883,33,56,6.5,8,23,0,12.0,1
2879,106,168,2.2,29,0,0,,0
1588,50,57,6.4,20,6,0,12.0,1
4332,194,150,2.4,57,0,44,5.0,1
2127,45,122,3.0,32,11,0,76.0,0
3976,111,131,2.8,40,0,0,,0
2657,135,92,4.0,44,0,43,,0
3924,90,122,3.0,10,0,0,,0
1484,1,81,4.5,13,55,0,72.0,0
1199,33,56,6.5,18,23,0,,0
3871,13,56,6.5,26,43,0,,0
2318,37,56,6.5,43,19,0,6.0,1
4410,60,77,4.7,56,0,0,,0
3313,133,303,1.2,36,0,0,175.0,0
4561,175,161,2.3,12,0,14,11.0,1
4238,118,108,3.4,58,0,10,12.0,1
4580,6,56,6.5,46,50,0,35.0,0
3514,138,199,1.8,9,0,0,70.0,0
4230,6,81,4.5,3,50,0,96.0,0
3805,324,317,1.2,19,0,7,15.0,1
4149,45,56,6.5,39,11,0,12.0,1
4544,19,56,6.5,56,37,0,53.0,0
4591,33,56,6.5,38,23,0,26.0,1
3947,32,56,6.5,38,24,0,27.0,1
1750,45,56,6.5,58,11,0,36.0,0
3180,19,97,3.8,24,37,0,,0
3923,100,56,6.5,27,0,44,,0
3309,55,56,6.5,43,1,0,,0
1827,306,212,1.7,10,0,94,1.0,1
4805,61,56,6.5,12,0,5,29.0,1
4559,130,144,2.5,42,0,0,,0
1869,5,92,4.0,18,51,0,100.0,0
1100,585,489,0.7,37,0,96,,0
4688,59,199,1.8,44,0,0,,0
1950,60,60,6.1,50,0,0,6.0,1
1633,20,56,6.5,47,36,0,35.0,0
2490,103,299,1.2,51,0,0,,0
2513,56,56,6.5,39,0,0,35.0,0
3474,120,104,3.5,1,0,16,23.0,1
1721,70,81,4.5,36,0,0,15.0,1
1254,45,68,5.4,23,11,0,,0
4860,120,119,3.1,5,0,1,6.0,1
2380,155,104,3.5,12,0,51,,0
2211,53,129,2.8,16,3,0,59.0,0
4370,93,100,3.6,5,0,0,26.0,1
1437,112,125,2.9,16,0,0,2.0,1
3512,4,96,3.8,3,52,0,72.0,0
2694,16,56,6.5,40,40,0,,0
1724,7,90,4.1,51,49,0,109.0,0
4574,68,56,6.5,55,0,12,,0
4658,6,56,6.5,17,50,0,,0
1956,91,68,5.4,11,0,23,,0
1591,93,81,4.5,46,0,12,,0
3120,28,92,4.0,35,28,0,,0
3162,5,187,2.0,49,51,0,191.0,0
4862,26,60,6.1,36,30,0,10.0,1
2126,62,105,3.5,19,0,0,,0
2558,39,98,3.7,12,17,0,,0
1819,67,56,6.5,41,0,11,19.0,1
1258,45,95,3.8,2,11,0,52.0,0
3736,264,200,1.8,27,0,64,8.0,1
4653,173,104,3.5,28,0,69,26.0,1
1147,17,107,3.4,30,39,0,65.0,0
4278,30,56,6.5,37,26,0,9.0,1
4693,463,434,0.8,10,0,29,8.0,1
3077,8,56,6.5,35,48,0,,0
3463,73,56,6.5,19,0,17,,0
4831,75,179,2.0,59,0,0,111.0,0
3629,23,82,4.5,53,33,0,,0
3462,85,70,5.2,18,0,15,,0
1911,46,58,6.3,37,10,0,5.0,1
4100,129,402,0.9,3,0,0,,0
1277,25,119,3.1,18,31,0,98.0,0
2703,189,139,2.6,21,0,50,19.0,1
1923,8,102,3.6,14,48,0,90.0,0
2486,129,111,3.3,35,0,18,15.0,1
2108,225,275,1.3,40,0,0,48.0,0
1903,2,73,5.0,50,54,0,,0
3112,39,56,6.5,55,17,0,19.0,1
3205,45,180,2.0,40,11,0,146.0,0
2977,101,133,2.7,39,0,0,,0
2281,29,98,3.7,50,27,0,78.0,0
4607,110,131,2.8,57,0,0,13.0,1
2456,60,66,5.5,42,0,0,26.0,1
2476,85,91,4.0,22,0,0,7.0,1
1779,66,81,4.5,41,0,0,,0
3308,34,56,6.5,35,22,0,5.0,1
2761,143,233,1.6,9,0,0,,0
3573,3,56,6.5,16,53,0,89.0,0
1203,122,595,0.6,19,0,0,469.0,0
4838,11,181,2.0,3,45,0,183.0,0
4866,4,56,6.5,30,52,0,63.0,0
3625,9,75,4.9,24,47,0,48.0,0
4248,35,78,4.7,54,21,0,,0
3604,34,123,3.0,1,22,0,,0
4621,19,56,6.5,50,37,0,14.0,1
2474,56,92,4.0,10,0,0,31.0,0
3361,40,81,4.5,31,16,0,42.0,0
4427,55,56,6.5,40,1,0,,0
3887,47,56,6.5,55,9,0,,0
4137,185,187,2.0,56,0,0,,0
3664,2,56,6.5,40,54,0,56.0,0
3665,143,131,2.8,22,0,12,18.0,1
4893,225,170,2.1,23,0,55,26.0,1
4740,71,75,4.9,22,0,0,,0
3028,126,93,3.9,43,0,33,1.0,1
2880,299,228,1.6,1,0,71,,0
3288,3,56,6.5,5,53,0,42.0,0
1506,29,56,6.5,26,27,0,,0
3051,70,60,6.1,17,0,10,11.0,1
3486,337,228,1.6,34,0,109,,0
2673,334,253,1.4,53,0,81,,0
3424,123,56,6.5,48,0,67,7.0,1
2067,280,201,1.8,31,0,79,13.0,1
2744,243,173,2.1,34,0,70,21.0,1
1960,69,311,1.2,14,0,0,271.0,0
3946,71,122,3.0,12,0,0,44.0,0
1061,97,86,4.2,36,0,11,14.0,1
3021,270,225,1.6,15,0,45,13.0,1
1349,175,157,2.3,3,0,18,17.0,1
1004,625,542,0.7,9,0,83,,0
3091,187,193,1.9,10,0,0,7.0,1
3442,19,101,3.6,5,37,0,73.0,0
2524,86,56,6.5,2,0,30,4.0,1
2096,49,56,6.5,26,7,0,32.0,0
1174,64,56,6.5,6,0,8,15.0,1
1013,139,75,4.9,45,0,64,9.0,1
2042,209,188,1.9,6,0,21,,0
2548,82,89,4.1,5,0,0,,0
4967,74,203,1.8,46,0,0,,0
4604,16,117,3.1,28,40,0,,0
4006,1,65,5.6,19,55,0,46.0,0
4878,131,96,3.8,24,0,35,18.0,1
4306,110,131,2.8,37,0,0,14.0,1
1577,18,100,3.6,26,38,0,117.0,0
3845,121,101,3.6,15,0,20,20.0,1
4222,81,56,6.5,41,0,25,7.0,1
3239,36,63,5.8,16,20,0,,0
2690,734,548,0.7,52,0,186,,0
4712,80,240,1.5,31,0,0,157.0,0
1326,28,56,6.5,44,28,0,9.0,1
4009,19,56,6.5,52,37,0,37.0,0
4734,93,95,3.8,46,0,0,,0
1606,113,183,2.0,50,0,0,,0
3418,44,59,6.2,29,12,0,25.0,1
1668,145,203,1.8,51,0,0,80.0,0
3957,37,94,3.9,55,19,0,70.0,0
2851,23,79,4.6,22,33,0,62.0,0
1938,47,164,2.2,55,9,0,112.0,0
3052,47,58,6.3,39,9,0,,0
3506,35,71,5.1,57,21,0,55.0,0
4949,117,153,2.4,19,0,0,22.0,1
1488,111,87,4.2,6,0,24,,0
2056,47,414,0.9,50,9,0,,0
4164,101,156,2.3,35,0,0,,0
3885,179,148,2.5,54,0,31,18.0,1
4071,68,86,4.2,43,0,0,,0
2030,36,181,2.0,49,20,0,129.0,0
4500,60,69,5.3,56,0,0,28.0,1
2801,114,112,3.3,36,0,2,7.0,1
2272,9,56,6.5,53,47,0,55.0,0
3003,11,206,1.8,15,45,0,,0
2096,156,113,3.2,37,0,43,6.0,1
3704,103,439,0.8,54,0,0,363.0,0
4811,655,610,0.6,43,0,45,,0
3029,186,165,2.2,17,0,21,6.0,1
4205,30,95,3.8,8,26,0,69.0,0
3102,16,56,6.5,13,40,0,,0
3432,225,185,2.0,16,0,40,4.0,1
3314,120,106,3.4,5,0,14,4.0,1
4434,100,138,2.6,51,0,0,25.0,1
2424,291,359,1.0,24,0,0,78.0,0
2848,26,56,6.5,26,30,0,39.0,0
3299,75,56,6.5,19,0,19,12.0,1
4750,16,74,4.9,3,40,0,73.0,0
3248,224,173,2.1,8,0,51,24.0,1
4727,176,140,2.6,26,0,36,,0
1564,25,56,6.5,46,31,0,37.0,0
1090,168,164,2.2,40,0,4,,0
4560,109,56,6.5,31,0,53,11.0,1
1772,27,56,6.5,29,29,0,,0
1357,17,82,4.5,31,39,0,,0
3311,13,57,6.4,19,43,0,37.0,0
4528,237,183,2.0,47,0,54,,0
2977,106,113,3.2,20,0,0,21.0,1
1908,104,369,1.0,45,0,0,241.0,0
2026,22,73,5.0,22,34,0,59.0,0
2050,34,81,4.5,29,22,0,52.0,0
1049,208,237,1.5,45,0,0,27.0,1
2892,74,83,4.4,11,0,0,,0
1309,24,297,1.2,1,32,0,245.0,0
1892,144,138,2.6,9,0,6,2.0,1
1567,31,56,6.5,18,25,0,22.0,1
3195,56,230,1.6,1,0,0,185.0,0
4168,11,186,2.0,5,45,0,186.0,0
2932,74,192,1.9,55,0,0,112.0,0
1627,6,56,6.5,47,50,0,,0
2657,104,56,6.5,12,0,48,26.0,1
2585,29,56,6.5,28,27,0,26.0,1
1105,56,56,6.5,24,0,0,28.0,1
3903,162,362,1.0,37,0,0,218.0,0
2363,32,89,4.1,56,24,0,36.0,0
3330,86,87,4.2,30,0,0,29.0,1
3065,53,139,2.6,19,3,0,91.0,0
4483,56,141,2.6,39,0,0,69.0,0
4424,75,56,6.5,40,0,19,1.0,1
3489,38,56,6.5,59,18,0,13.0,1
4710,66,56,6.5,48,0,10,,0
3079,82,123,3.0,53,0,0,36.0,0
2542,59,71,5.1,21,0,0,,0
4470,37,91,4.0,23,19,0,69.0,0
4917,16,56,6.5,50,40,0,65.0,0
2442,84,70,5.2,3,0,14,,0
3227,201,219,1.7,9,0,0,36.0,0
1754,448,277,1.3,14,0,171,24.0,1
4111,225,159,2.3,31,0,66,23.0,1
2246,58,56,6.5,55,0,2,,0
2906,1,246,1.5,6,55,0,209.0,0
4633,23,160,2.3,1,33,0,148.0,0
1862,66,81,4.5,11,0,0,,0
2113,31,56,6.5,55,25,0,47.0,0
4309,248,193,1.9,44,0,55,7.0,1
1197,1,56,6.5,21,55,0,52.0,0
2266,26,118,3.1,54,30,0,,0
2434,75,95,3.8,18,0,0,19.0,1
3975,199,308,1.2,24,0,0,110.0,0
3827,12,81,4.5,58,44,0,57.0,0
2211,54,88,4.1,6,2,0,53.0,0
1622,72,318,1.1,47,0,0,258.0,0
4869,78,56,6.5,34,0,22,8.0,1
2943,175,172,2.1,8,0,3,11.0,1
2623,26,76,4.8,17,30,0,52.0,0
4797,84,56,6.5,31,0,28,,0
4331,125,90,4.1,30,0,35,,0
4026,169,156,2.3,44,0,13,,0
3564,180,265,1.4,30,0,0,100.0,0
1387,367,292,1.2,2,0,75,17.0,1
1476,75,71,5.1,29,0,4,2.0,1
1136,8,56,6.5,16,48,0,55.0,0
2654,88,69,5.3,5,0,19,28.0,1
3610,55,56,6.5,6,1,0,19.0,1
3533,84,75,4.9,53,0,9,24.0,1
1935,38,68,5.4,18,18,0,39.0,0
1052,97,161,2.3,13,0,0,71.0,0
4681,74,56,6.5,35,0,18,,0
4271,19,56,6.5,58,37,0,30.0,1
1970,80,56,6.5,4,0,24,21.0,1
3017,140,232,1.6,8,0,0,72.0,0
4821,88,56,6.5,33,0,32,1.0,1
3911,155,107,3.4,54,0,48,,0
1415,44,81,4.5,11,12,0,,0
3736,34,207,1.8,7,22,0,165.0,0
4844,25,144,2.5,25,31,0,,0
4615,18,99,3.7,19,38,0,87.0,0
3180,60,57,6.4,58,0,3,,0
3527,36,56,6.5,3,20,0,,0
4904,143,109,3.3,42,0,34,,0
2733,95,137,2.7,36,0,0,54.0,0
3022,20,56,6.5,1,36,0,21.0,1
1152,5,56,6.5,39,51,0,37.0,0
4994,68,110,3.3,59,0,0,65.0,0
3413,31,118,3.1,42,25,0,66.0,0
1077,69,56,6.5,35,0,13,7.0,1
1623,73,56,6.5,53,0,17,,0
3120,2,56,6.5,11,54,0,63.0,0
2563,17,270,1.4,46,39,0,245.0,0
1497,40,56,6.5,28,16,0,,0
1599,28,138,2.6,7,28,0,135.0,0
1702,122,87,4.2,14,0,35,,0
2992,358,252,1.4,21,0,106,,0
1035,17,56,6.5,6,39,0,31.0,0
2254,124,94,3.9,36,0,30,,0
3916,44,56,6.5,33,12,0,29.0,1
1752,16,56,6.5,7,40,0,,0
1489,60,145,2.5,31,0,0,73.0,0
2847,38,56,6.5,50,18,0,,0
3977,86,74,4.9,27,0,12,1.0,1
1578,287,202,1.8,23,0,85,28.0,1
4604,153,163,2.2,1,0,0,41.0,0
2318,53,56,6.5,41,3,0,29.0,1
1932,16,56,6.5,26,40,0,,0
4113,12,135,2.7,36,44,0,,0
2699,277,263,1.4,57,0,14,21.0,1
3881,35,56,6.5,35,21,0,,0
1528,63,56,6.5,50,0,7,20.0,1
4570,12,59,6.2,47,44,0,47.0,0
1565,32,142,2.6,53,24,0,105.0,0
3152,254,240,1.5,3,0,14,,0
3972,20,56,6.5,54,36,0,6.0,1
1152,36,56,6.5,20,20,0,45.0,0
2428,204,585,0.6,52,0,0,,0
3066,77,78,4.7,42,0,0,,0
3460,119,110,3.3,21,0,9,,0
4970,11,56,6.5,30,45,0,71.0,0
3022,68,133,2.7,38,0,0,,0
2867,63,194,1.9,42,0,0,127.0,0
3102,30,114,3.2,58,26,0,100.0,0
4819,156,362,1.0,30,0,0,198.0,0
2202,44,69,5.3,26,12,0,13.0,1
2881,105,72,5.1,6,0,33,26.0,1
1806,6,108,3.4,23,50,0,99.0,0
4742,159,130,2.8,7,0,29,,0
4271,124,108,3.4,29,0,16,,0
3210,29,56,6.5,44,27,0,26.0,1
1324,126,115,3.2,20,0,11,22.0,1
3171,9,66,5.5,11,47,0,57.0,0
4069,23,56,6.5,6,33,0,15.0,1
2531,65,92,4.0,20,0,0,40.0,0
4070,78,56,6.5,50,0,22,20.0,1
1794,40,56,6.5,27,16,0,19.0,1
3457,8,56,6.5,30,48,0,53.0,0
1666,269,364,1.0,16,0,0,,0
4324,123,140,2.6,48,0,0,8.0,1
1780,61,81,4.5,56,0,0,8.0,1
4959,1,56,6.5,33,55,0,,0
1278,38,56,6.5,15,18,0,26.0,1
4648,51,56,6.5,32,5,0,11.0,1
3673,106,159,2.3,21,0,0,,0
2243,124,191,1.9,35,0,0,,0
4317,67,150,2.4,54,0,0,101.0,0
3638,57,102,3.6,40,0,0,34.0,0
4916,157,255,1.4,1,0,0,91.0,0
1999,8,69,5.3,26,48,0,62.0,0
4140,255,214,1.7,52,0,41,11.0,1
4814,29,66,5.5,36,27,0,53.0,0
4929,5,56,6.5,27,51,0,37.0,0
1494,24,56,6.5,54,32,0,4.0,1
2734,95,56,6.5,17,0,39,6.0,1
3786,69,152,2.4,15,0,0,85.0,0
1880,73,56,6.5,47,0,17,,0
2685,58,56,6.5,22,0,2,,0
2780,103,159,2.3,26,0,0,69.0,0
1968,173,117,3.1,9,0,56,,0
1379,114,194,1.9,33,0,0,57.0,0
3048,141,135,2.7,59,0,6,12.0,1
4214,78,56,6.5,11,0,22,22.0,1
3996,85,95,3.8,19,0,0,13.0,1
2117,58,99,3.7,21,0,0,,0
1066,3,56,6.5,42,53,0,50.0,0
1453,18,56,6.5,2,38,0,46.0,0
1990,48,56,6.5,11,8,0,,0
2028,548,459,0.8,51,0,89,27.0,1
3755,22,64,5.7,50,34,0,,0
1695,198,241,1.5,4,0,0,41.0,0
4352,53,61,6.0,8,3,0,3.0,1
2354,182,183,2.0,47,0,0,15.0,1
1061,65,185,2.0,9,0,0,127.0,0
1938,112,192,1.9,40,0,0,101.0,0
3189,93,122,3.0,42,0,0,,0
4672,15,270,1.4,42,41,0,279.0,0
1368,30,121,3.0,1,26,0,75.0,0
4448,123,354,1.0,25,0,0,,0
4507,39,56,6.5,5,17,0,16.0,1
